N,a_um,h_over_a,h_um,ix,iy,kx_a,ky_a,band,frequency_MHz,residual,seed_agreement,mass_orthogonality
9,75.0,0.02,1.5,0,0,0.0,0.0,1,0.0,0.7494252371761322,0.0,3.9723493275599405e-15
9,75.0,0.02,1.5,0,0,0.0,0.0,2,1.406319236812224,4.286577130625967e-11,0.0,3.9723493275599405e-15
9,75.0,0.02,1.5,0,0,0.0,0.0,3,1.4063192368980904,5.139232919867066e-11,0.0,3.9723493275599405e-15
9,75.0,0.02,1.5,0,0,0.0,0.0,4,1.9498629424881297,3.8848470901523485e-11,0.0,3.9723493275599405e-15
9,75.0,0.02,1.5,0,0,0.0,0.0,5,2.4573209913291523,1.9788914977812458e-11,0.0,3.9723493275599405e-15
9,75.0,0.02,1.5,0,0,0.0,0.0,6,3.662364991894622,7.727952331725806e-12,0.0,3.9723493275599405e-15
9,75.0,0.02,1.5,0,0,0.0,0.0,7,3.671244768065678,1.1579874428964347e-11,0.0,3.9723493275599405e-15
9,75.0,0.02,1.5,0,0,0.0,0.0,8,3.671244768065678,9.799737005706151e-12,0.0,3.9723493275599405e-15
9,75.0,0.02,1.5,1,0,0.39269908169872414,0.0,1,0.005184317589137849,3.0637408571972116e-06,0.0,4.537628695672673e-15
9,75.0,0.02,1.5,1,0,0.39269908169872414,0.0,2,1.3539045150035751,4.6383366610446216e-11,0.0,4.537628695672673e-15
9,75.0,0.02,1.5,1,0,0.39269908169872414,0.0,3,1.411939906898629,4.149228113980585e-11,0.0,4.537628695672673e-15
9,75.0,0.02,1.5,1,0,0.39269908169872414,0.0,4,1.9799651075409554,2.6371929206646222e-11,0.0,4.537628695672673e-15
9,75.0,0.02,1.5,1,0,0.39269908169872414,0.0,5,2.4900656709856737,1.7866722070260107e-11,0.0,4.537628695672673e-15
9,75.0,0.02,1.5,1,0,0.39269908169872414,0.0,6,3.4634478779161886,1.0262850679694945e-11,0.0,4.537628695672673e-15
9,75.0,0.02,1.5,1,0,0.39269908169872414,0.0,7,3.626819595427917,1.171340792658154e-11,0.0,4.537628695672673e-15
9,75.0,0.02,1.5,1,0,0.39269908169872414,0.0,8,3.8832694105300996,6.712116914186543e-12,0.0,4.537628695672673e-15
9,75.0,0.02,1.5,1,1,0.39269908169872414,0.39269908169872414,1,0.011115987477128492,6.844550057520472e-07,0.0,3.9378780969574e-15
9,75.0,0.02,1.5,1,1,0.39269908169872414,0.39269908169872414,2,1.3567616203249329,5.0063377252176366e-11,0.0,3.9378780969574e-15
9,75.0,0.02,1.5,1,1,0.39269908169872414,0.39269908169872414,3,1.3628287004320863,5.495832982803641e-11,0.0,3.9378780969574e-15
9,75.0,0.02,1.5,1,1,0.39269908169872414,0.39269908169872414,4,2.0108735959115904,3.081780044147015e-11,0.0,3.9378780969574e-15
9,75.0,0.02,1.5,1,1,0.39269908169872414,0.39269908169872414,5,2.520620527447002,1.8763981662845683e-11,0.0,3.9378780969574e-15
9,75.0,0.02,1.5,1,1,0.39269908169872414,0.39269908169872414,6,3.3504692584114584,9.997747196646396e-12,0.0,3.9378780969574e-15
9,75.0,0.02,1.5,1,1,0.39269908169872414,0.39269908169872414,7,3.684376789019125,1.131498187075327e-11,0.0,3.9378780969574e-15
9,75.0,0.02,1.5,1,1,0.39269908169872414,0.39269908169872414,8,3.898196697258733,6.684107856359045e-12,0.0,3.9378780969574e-15
9,75.0,0.02,1.5,2,0,0.7853981633974483,0.0,1,0.02083626861372009,2.0922489329782222e-07,0.0,4.5185565415010876e-15
9,75.0,0.02,1.5,2,0,0.7853981633974483,0.0,2,1.2305566089303275,6.258292130121181e-11,0.0,4.5185565415010876e-15
9,75.0,0.02,1.5,2,0,0.7853981633974483,0.0,3,1.4283566357734145,4.7096512396008415e-11,0.0,4.5185565415010876e-15
9,75.0,0.02,1.5,2,0,0.7853981633974483,0.0,4,2.038819070440748,2.684166291103332e-11,0.0,4.5185565415010876e-15
9,75.0,0.02,1.5,2,0,0.7853981633974483,0.0,5,2.5827477154663394,1.66502015165505e-11,0.0,4.5185565415010876e-15
9,75.0,0.02,1.5,2,0,0.7853981633974483,0.0,6,3.275028095937804,1.2211010153702293e-11,0.0,4.5185565415010876e-15
9,75.0,0.02,1.5,2,0,0.7853981633974483,0.0,7,3.5339100547487656,1.162590835875087e-11,0.0,4.5185565415010876e-15
9,75.0,0.02,1.5,2,0,0.7853981633974483,0.0,8,4.110995572947214,6.093750533261056e-12,0.0,4.5185565415010876e-15
9,75.0,0.02,1.5,2,1,0.7853981633974483,0.39269908169872414,1,0.02726151930579017,1.1337576886994755e-07,0.0,4.356886931468102e-15
9,75.0,0.02,1.5,2,1,0.7853981633974483,0.39269908169872414,2,1.236694541899675,5.648271770669375e-11,0.0,4.356886931468102e-15
9,75.0,0.02,1.5,2,1,0.7853981633974483,0.39269908169872414,3,1.3769857656331745,4.894343388284698e-11,0.0,4.356886931468102e-15
9,75.0,0.02,1.5,2,1,0.7853981633974483,0.39269908169872414,4,2.0704224795722608,2.8716008881573772e-11,0.0,4.356886931468102e-15
9,75.0,0.02,1.5,2,1,0.7853981633974483,0.39269908169872414,5,2.608524644485194,1.740859085827296e-11,0.0,4.356886931468102e-15
9,75.0,0.02,1.5,2,1,0.7853981633974483,0.39269908169872414,6,3.192223398560595,1.0535262389916232e-11,0.0,4.356886931468102e-15
9,75.0,0.02,1.5,2,1,0.7853981633974483,0.39269908169872414,7,3.6236485528563094,1.0639207140513884e-11,0.0,4.356886931468102e-15
9,75.0,0.02,1.5,2,1,0.7853981633974483,0.39269908169872414,8,4.053307032908229,6.337062327197407e-12,0.0,4.356886931468102e-15
9,75.0,0.02,1.5,2,2,0.7853981633974483,0.7853981633974483,1,0.044779317282622806,4.3224496465841846e-08,0.0,4.021901796404045e-15
9,75.0,0.02,1.5,2,2,0.7853981633974483,0.7853981633974483,2,1.2533606516548104,5.964997573918628e-11,0.0,4.021901796404045e-15
9,75.0,0.02,1.5,2,2,0.7853981633974483,0.7853981633974483,3,1.2563229145836086,6.220374950076995e-11,0.0,4.021901796404045e-15
9,75.0,0.02,1.5,2,2,0.7853981633974483,0.7853981633974483,4,2.1279056045858353,2.0225749964933846e-11,0.0,4.021901796404045e-15
9,75.0,0.02,1.5,2,2,0.7853981633974483,0.7853981633974483,5,2.68634730847898,1.7572591218043155e-11,0.0,4.021901796404045e-15
9,75.0,0.02,1.5,2,2,0.7853981633974483,0.7853981633974483,6,3.066199573544132,1.2070126682492148e-11,0.0,4.021901796404045e-15
9,75.0,0.02,1.5,2,2,0.7853981633974483,0.7853981633974483,7,3.7240686234952323,9.409979442151878e-12,0.0,4.021901796404045e-15
9,75.0,0.02,1.5,2,2,0.7853981633974483,0.7853981633974483,8,4.011592431755003,7.719468494602337e-12,0.0,4.021901796404045e-15
9,75.0,0.02,1.5,3,0,1.1780972450961724,0.0,1,0.0472791403395911,4.1855839592909695e-08,0.0,4.023900441463718e-15
9,75.0,0.02,1.5,3,0,1.1780972450961724,0.0,2,1.079829888552654,9.370998307999374e-11,0.0,4.023900441463718e-15
9,75.0,0.02,1.5,3,0,1.1780972450961724,0.0,3,1.4541825100116321,3.537542052531252e-11,0.0,4.023900441463718e-15
9,75.0,0.02,1.5,3,0,1.1780972450961724,0.0,4,2.0946601204222284,2.205687004425916e-11,0.0,4.023900441463718e-15
9,75.0,0.02,1.5,3,0,1.1780972450961724,0.0,5,2.710660176551577,1.4189208017581438e-11,0.0,4.023900441463718e-15
9,75.0,0.02,1.5,3,0,1.1780972450961724,0.0,6,3.103542806672249,1.0448880470562065e-11,0.0,4.023900441463718e-15
9,75.0,0.02,1.5,3,0,1.1780972450961724,0.0,7,3.450067127251856,1.358999351385773e-11,0.0,4.023900441463718e-15
9,75.0,0.02,1.5,3,0,1.1780972450961724,0.0,8,4.34785363431256,5.581719904657763e-12,0.0,4.023900441463718e-15
9,75.0,0.02,1.5,3,1,1.1780972450961724,0.39269908169872414,1,0.053939767640411806,3.4302255748535195e-08,0.0,3.588215098013551e-15
9,75.0,0.02,1.5,3,1,1.1780972450961724,0.39269908169872414,2,1.0861891133811397,8.161722787395573e-11,0.0,3.588215098013551e-15
9,75.0,0.02,1.5,3,1,1.1780972450961724,0.39269908169872414,3,1.4039284858829886,4.412627593633453e-11,0.0,3.588215098013551e-15
9,75.0,0.02,1.5,3,1,1.1780972450961724,0.39269908169872414,4,2.1225271534642207,2.290175355640675e-11,0.0,3.588215098013551e-15
9,75.0,0.02,1.5,3,1,1.1780972450961724,0.39269908169872414,5,2.7298105938352313,1.61457178032618e-11,0.0,3.588215098013551e-15
9,75.0,0.02,1.5,3,1,1.1780972450961724,0.39269908169872414,6,3.054195874159625,1.227653828503299e-11,0.0,3.588215098013551e-15
9,75.0,0.02,1.5,3,1,1.1780972450961724,0.39269908169872414,7,3.526303034742951,1.1274361544005646e-11,0.0,3.588215098013551e-15
9,75.0,0.02,1.5,3,1,1.1780972450961724,0.39269908169872414,8,4.2713252435522024,5.980371419946809e-12,0.0,3.588215098013551e-15
9,75.0,0.02,1.5,3,2,1.1780972450961724,0.7853981633974483,1,0.07255512122403943,1.5378527093366417e-08,0.0,3.778850828792727e-15
9,75.0,0.02,1.5,3,2,1.1780972450961724,0.7853981633974483,2,1.104837279987729,8.44869902836234e-11,0.0,3.778850828792727e-15
9,75.0,0.02,1.5,3,2,1.1780972450961724,0.7853981633974483,3,1.2836670576941556,6.119471453379227e-11,0.0,3.778850828792727e-15
9,75.0,0.02,1.5,3,2,1.1780972450961724,0.7853981633974483,4,2.1639773972756715,2.1708755055968443e-11,0.0,3.778850828792727e-15
9,75.0,0.02,1.5,3,2,1.1780972450961724,0.7853981633974483,5,2.7956236039798967,1.7159779051353467e-11,0.0,3.778850828792727e-15
9,75.0,0.02,1.5,3,2,1.1780972450961724,0.7853981633974483,6,2.978117798945027,1.4902906479387314e-11,0.0,3.778850828792727e-15
9,75.0,0.02,1.5,3,2,1.1780972450961724,0.7853981633974483,7,3.6776587653006843,1.1023049748300419e-11,0.0,3.778850828792727e-15
9,75.0,0.02,1.5,3,2,1.1780972450961724,0.7853981633974483,8,4.147685301020541,6.1619291099410575e-12,0.0,3.778850828792727e-15
9,75.0,0.02,1.5,3,3,1.1780972450961724,1.1780972450961724,1,0.10170536998743451,7.3331951052750014e-09,0.0,4.600342991537878e-15
9,75.0,0.02,1.5,3,3,1.1780972450961724,1.1780972450961724,2,1.1250649513334072,6.994305487034044e-11,0.0,4.600342991537878e-15
9,75.0,0.02,1.5,3,3,1.1780972450961724,1.1780972450961724,3,1.1447720890518212,1.09010033680163e-10,0.0,4.600342991537878e-15
9,75.0,0.02,1.5,3,3,1.1780972450961724,1.1780972450961724,4,2.1625739456666344,2.0206878006191296e-11,0.0,4.600342991537878e-15
9,75.0,0.02,1.5,3,3,1.1780972450961724,1.1780972450961724,5,2.91548910816959,1.1849045206719953e-11,0.0,4.600342991537878e-15
9,75.0,0.02,1.5,3,3,1.1780972450961724,1.1780972450961724,6,2.934931307935898,1.3332193585283026e-11,0.0,4.600342991537878e-15
9,75.0,0.02,1.5,3,3,1.1780972450961724,1.1780972450961724,7,3.7913171985481804,1.0793595035462845e-11,0.0,4.600342991537878e-15
9,75.0,0.02,1.5,3,3,1.1780972450961724,1.1780972450961724,8,4.1001735633582665,5.728907902137348e-12,0.0,4.600342991537878e-15
9,75.0,0.02,1.5,4,0,1.5707963267948966,0.0,1,0.08513388559704177,1.3070930203572311e-08,0.0,4.626540629400965e-15
9,75.0,0.02,1.5,4,0,1.5707963267948966,0.0,2,0.9229000061587855,1.1097757094919626e-10,0.0,4.626540629400965e-15
9,75.0,0.02,1.5,4,0,1.5707963267948966,0.0,3,1.4869278436319069,5.66160783539855e-11,0.0,4.626540629400965e-15
9,75.0,0.02,1.5,4,0,1.5707963267948966,0.0,4,2.143456358124967,2.5793961938078835e-11,0.0,4.626540629400965e-15
9,75.0,0.02,1.5,4,0,1.5707963267948966,0.0,5,2.8221486213000517,1.4444036738904503e-11,0.0,4.626540629400965e-15
9,75.0,0.02,1.5,4,0,1.5707963267948966,0.0,6,2.951776163920191,1.2628375100755153e-11,0.0,4.626540629400965e-15
9,75.0,0.02,1.5,4,0,1.5707963267948966,0.0,7,3.4290914216786583,1.353845720992468e-11,0.0,4.626540629400965e-15
9,75.0,0.02,1.5,4,0,1.5707963267948966,0.0,8,4.590436813988989,4.3716677783886755e-12,0.0,4.626540629400965e-15
9,75.0,0.02,1.5,4,1,1.5707963267948966,0.39269908169872414,1,0.09198624677779922,9.909699094715098e-09,0.0,3.873487124422564e-15
9,75.0,0.02,1.5,4,1,1.5707963267948966,0.39269908169872414,2,0.9293606790437824,1.0579872675149228e-10,0.0,3.873487124422564e-15
9,75.0,0.02,1.5,4,1,1.5707963267948966,0.39269908169872414,3,1.4384921367600103,4.01763653932676e-11,0.0,3.873487124422564e-15
9,75.0,0.02,1.5,4,1,1.5707963267948966,0.39269908169872414,4,2.1597927085408464,2.8844273578243033e-11,0.0,3.873487124422564e-15
9,75.0,0.02,1.5,4,1,1.5707963267948966,0.39269908169872414,5,2.8084496238890986,1.4751596266135217e-11,0.0,3.873487124422564e-15
9,75.0,0.02,1.5,4,1,1.5707963267948966,0.39269908169872414,6,2.9760672608135867,1.2751295854675948e-11,0.0,3.873487124422564e-15
9,75.0,0.02,1.5,4,1,1.5707963267948966,0.39269908169872414,7,3.477592706915037,1.2052841310165003e-11,0.0,3.873487124422564e-15
9,75.0,0.02,1.5,4,1,1.5707963267948966,0.39269908169872414,8,4.507507660246702,5.320981195574057e-12,0.0,3.873487124422564e-15
9,75.0,0.02,1.5,4,2,1.5707963267948966,0.7853981633974483,1,0.11138193884201457,6.951741970139183e-09,0.0,3.970960708227032e-15
9,75.0,0.02,1.5,4,2,1.5707963267948966,0.7853981633974483,2,0.9483079843354585,9.941190319029125e-11,0.0,3.970960708227032e-15
9,75.0,0.02,1.5,4,2,1.5707963267948966,0.7853981633974483,3,1.3212360990958827,5.429611698194078e-11,0.0,3.970960708227032e-15
9,75.0,0.02,1.5,4,2,1.5707963267948966,0.7853981633974483,4,2.164500037824514,2.4781713972117998e-11,0.0,3.970960708227032e-15
9,75.0,0.02,1.5,4,2,1.5707963267948966,0.7853981633974483,5,2.8296048078912017,1.4145930593830075e-11,0.0,3.970960708227032e-15
9,75.0,0.02,1.5,4,2,1.5707963267948966,0.7853981633974483,6,3.020325058958441,1.1903808231655625e-11,0.0,3.970960708227032e-15
9,75.0,0.02,1.5,4,2,1.5707963267948966,0.7853981633974483,7,3.6035598945113385,1.018165310258686e-11,0.0,3.970960708227032e-15
9,75.0,0.02,1.5,4,2,1.5707963267948966,0.7853981633974483,8,4.364804828098321,5.260738986380057e-12,0.0,3.970960708227032e-15
9,75.0,0.02,1.5,4,3,1.5707963267948966,1.1780972450961724,1,0.14162133695054363,3.6476574953442787e-09,0.0,4.376221876055293e-15
9,75.0,0.02,1.5,4,3,1.5707963267948966,1.1780972450961724,2,0.9778641763660337,1.1381583147117922e-10,0.0,4.376221876055293e-15
9,75.0,0.02,1.5,4,3,1.5707963267948966,1.1780972450961724,3,1.176002135467607,6.336584331947992e-11,0.0,4.376221876055293e-15
9,75.0,0.02,1.5,4,3,1.5707963267948966,1.1780972450961724,4,2.1120316413179294,2.1661209056497783e-11,0.0,4.376221876055293e-15
9,75.0,0.02,1.5,4,3,1.5707963267948966,1.1780972450961724,5,2.9264661360475372,1.3215166035331657e-11,0.0,4.376221876055293e-15
9,75.0,0.02,1.5,4,3,1.5707963267948966,1.1780972450961724,6,3.078375874522874,1.164465672261877e-11,0.0,4.376221876055293e-15
9,75.0,0.02,1.5,4,3,1.5707963267948966,1.1780972450961724,7,3.7656938276641503,9.505677728166627e-12,0.0,4.376221876055293e-15
9,75.0,0.02,1.5,4,3,1.5707963267948966,1.1780972450961724,8,4.237560598987478,5.298737770118766e-12,0.0,4.376221876055293e-15
9,75.0,0.02,1.5,4,4,1.5707963267948966,1.5707963267948966,1,0.1823444382685167,2.3031898745790843e-09,0.0,4.643177399475827e-15
9,75.0,0.02,1.5,4,4,1.5707963267948966,1.5707963267948966,2,0.9933478094266879,9.158752830057281e-11,0.0,4.643177399475827e-15
9,75.0,0.02,1.5,4,4,1.5707963267948966,1.5707963267948966,3,1.047470215394055,1.010040497838431e-10,0.0,4.643177399475827e-15
9,75.0,0.02,1.5,4,4,1.5707963267948966,1.5707963267948966,4,2.0199599614645316,2.9024729486280693e-11,0.0,4.643177399475827e-15
9,75.0,0.02,1.5,4,4,1.5707963267948966,1.5707963267948966,5,3.043539416959927,1.0651804361865568e-11,0.0,4.643177399475827e-15
9,75.0,0.02,1.5,4,4,1.5707963267948966,1.5707963267948966,6,3.1818848270005256,1.1618210834456955e-11,0.0,4.643177399475827e-15
9,75.0,0.02,1.5,4,4,1.5707963267948966,1.5707963267948966,7,3.8881899550408496,1.05706099328467e-11,0.0,4.643177399475827e-15
9,75.0,0.02,1.5,4,4,1.5707963267948966,1.5707963267948966,8,4.198443853965075,5.2460860706348246e-12,0.0,4.643177399475827e-15
9,75.0,0.02,1.5,5,0,1.9634954084936207,0.0,1,0.13540643376272674,4.470596801453854e-09,0.0,4.165019070831235e-15
9,75.0,0.02,1.5,5,0,1.9634954084936207,0.0,2,0.7696027718180167,1.401831831590778e-10,0.0,4.165019070831235e-15
9,75.0,0.02,1.5,5,0,1.9634954084936207,0.0,3,1.5227350339963983,3.309302859167776e-11,0.0,4.165019070831235e-15
9,75.0,0.02,1.5,5,0,1.9634954084936207,0.0,4,2.187637418904391,2.3580092640469064e-11,0.0,4.165019070831235e-15
9,75.0,0.02,1.5,5,0,1.9634954084936207,0.0,5,2.823615795792078,1.560842303008891e-11,0.0,4.165019070831235e-15
9,75.0,0.02,1.5,5,0,1.9634954084936207,0.0,6,2.8603315469034194,1.530954502533132e-11,0.0,4.165019070831235e-15
9,75.0,0.02,1.5,5,0,1.9634954084936207,0.0,7,3.5234450774701385,9.141733199872322e-12,0.0,4.165019070831235e-15
9,75.0,0.02,1.5,5,0,1.9634954084936207,0.0,8,4.832524147490537,3.91916228248605e-12,0.0,4.165019070831235e-15
9,75.0,0.02,1.5,5,1,1.9634954084936207,0.39269908169872414,1,0.142481120371841,4.0320083177120895e-09,0.0,4.629218878032642e-15
9,75.0,0.02,1.5,5,1,1.9634954084936207,0.39269908169872414,2,0.7761231792333476,2.009540659481388e-10,0.0,4.629218878032642e-15
9,75.0,0.02,1.5,5,1,1.9634954084936207,0.39269908169872414,3,1.476894289171559,5.866967221254812e-11,0.0,4.629218878032642e-15
9,75.0,0.02,1.5,5,1,1.9634954084936207,0.39269908169872414,4,2.1823865957270017,2.553057646592873e-11,0.0,4.629218878032642e-15
9,75.0,0.02,1.5,5,1,1.9634954084936207,0.39269908169872414,5,2.775489379782258,1.611768707596608e-11,0.0,4.629218878032642e-15
9,75.0,0.02,1.5,5,1,1.9634954084936207,0.39269908169872414,6,2.965910621705849,1.3655743700138554e-11,0.0,4.629218878032642e-15
9,75.0,0.02,1.5,5,1,1.9634954084936207,0.39269908169872414,7,3.545456602669324,1.217198411074211e-11,0.0,4.629218878032642e-15
9,75.0,0.02,1.5,5,1,1.9634954084936207,0.39269908169872414,8,4.749997341734574,5.6383407982992985e-12,0.0,4.629218878032642e-15
9,75.0,0.02,1.5,5,2,1.9634954084936207,0.7853981633974483,1,0.16253373331076626,3.1745335286072127e-09,0.0,3.905952241227216e-15
9,75.0,0.02,1.5,5,2,1.9634954084936207,0.7853981633974483,2,0.7953107795003436,1.638976402202014e-10,0.0,3.905952241227216e-15
9,75.0,0.02,1.5,5,2,1.9634954084936207,0.7853981633974483,3,1.3639692433742838,4.777697689615563e-11,0.0,3.905952241227216e-15
9,75.0,0.02,1.5,5,2,1.9634954084936207,0.7853981633974483,4,2.134651862903545,2.347085830044494e-11,0.0,3.905952241227216e-15
9,75.0,0.02,1.5,5,2,1.9634954084936207,0.7853981633974483,5,2.8176021371975866,1.8331681309775692e-11,0.0,3.905952241227216e-15
9,75.0,0.02,1.5,5,2,1.9634954084936207,0.7853981633974483,6,3.09937681012413,1.504184428945307e-11,0.0,3.905952241227216e-15
9,75.0,0.02,1.5,5,2,1.9634954084936207,0.7853981633974483,7,3.6149161449119642,1.0892332122383305e-11,0.0,3.905952241227216e-15
9,75.0,0.02,1.5,5,2,1.9634954084936207,0.7853981633974483,8,4.603186389694389,6.646525473273862e-12,0.0,3.905952241227216e-15
9,75.0,0.02,1.5,5,3,1.9634954084936207,1.1780972450961724,1,0.1935093801471222,2.2333332865224754e-09,0.0,3.793603167135636e-15
9,75.0,0.02,1.5,5,3,1.9634954084936207,1.1780972450961724,2,0.8257852215555476,1.6782735619633884e-10,0.0,3.793603167135636e-15
9,75.0,0.02,1.5,5,3,1.9634954084936207,1.1780972450961724,3,1.2216690002505428,8.076273648983551e-11,0.0,3.793603167135636e-15
9,75.0,0.02,1.5,5,3,1.9634954084936207,1.1780972450961724,4,2.0362393650770327,2.663522461134348e-11,0.0,3.793603167135636e-15
9,75.0,0.02,1.5,5,3,1.9634954084936207,1.1780972450961724,5,2.9525107548867027,1.5789694692669703e-11,0.0,3.793603167135636e-15
9,75.0,0.02,1.5,5,3,1.9634954084936207,1.1780972450961724,6,3.2223217423622246,1.1701604609605248e-11,0.0,3.793603167135636e-15
9,75.0,0.02,1.5,5,3,1.9634954084936207,1.1780972450961724,7,3.735012203434834,1.1212469014167167e-11,0.0,3.793603167135636e-15
9,75.0,0.02,1.5,5,3,1.9634954084936207,1.1780972450961724,8,4.457421889969928,6.57726102273657e-12,0.0,3.793603167135636e-15
9,75.0,0.02,1.5,5,4,1.9634954084936207,1.5707963267948966,1,0.23445762202263293,1.396464215072568e-09,0.0,4.834905677481171e-15
9,75.0,0.02,1.5,5,4,1.9634954084936207,1.5707963267948966,2,0.8634208271423021,1.211498853394297e-10,0.0,4.834905677481171e-15
9,75.0,0.02,1.5,5,4,1.9634954084936207,1.5707963267948966,3,1.0742905877948072,6.68464872453217e-11,0.0,4.834905677481171e-15
9,75.0,0.02,1.5,5,4,1.9634954084936207,1.5707963267948966,4,1.91776145831041,2.734160031845935e-11,0.0,4.834905677481171e-15
9,75.0,0.02,1.5,5,4,1.9634954084936207,1.5707963267948966,5,3.1277611326842147,1.414221106587621e-11,0.0,4.834905677481171e-15
9,75.0,0.02,1.5,5,4,1.9634954084936207,1.5707963267948966,6,3.3366762340190745,8.821511549902537e-12,0.0,4.834905677481171e-15
9,75.0,0.02,1.5,5,4,1.9634954084936207,1.5707963267948966,7,3.890531670942674,8.768301063688733e-12,0.0,4.834905677481171e-15
9,75.0,0.02,1.5,5,4,1.9634954084936207,1.5707963267948966,8,4.33831712472644,4.749195849608095e-12,0.0,4.834905677481171e-15
9,75.0,0.02,1.5,5,5,1.9634954084936207,1.9634954084936207,1,0.2858982461438188,1.1764683002718863e-09,0.0,4.330557339853121e-15
9,75.0,0.02,1.5,5,5,1.9634954084936207,1.9634954084936207,2,0.8750061065742741,1.429784354768645e-10,0.0,4.330557339853121e-15
9,75.0,0.02,1.5,5,5,1.9634954084936207,1.9634954084936207,3,0.9629276411845721,1.3309165791442014e-10,0.0,4.330557339853121e-15
9,75.0,0.02,1.5,5,5,1.9634954084936207,1.9634954084936207,4,1.8011946580047382,3.7039144661025546e-11,0.0,4.330557339853121e-15
9,75.0,0.02,1.5,5,5,1.9634954084936207,1.9634954084936207,5,3.290762326130169,1.0808908695296274e-11,0.0,4.330557339853121e-15
9,75.0,0.02,1.5,5,5,1.9634954084936207,1.9634954084936207,6,3.4670479281532653,7.979362783468521e-12,0.0,4.330557339853121e-15
9,75.0,0.02,1.5,5,5,1.9634954084936207,1.9634954084936207,7,4.018229138613319,1.1250386006497146e-11,0.0,4.330557339853121e-15
9,75.0,0.02,1.5,5,5,1.9634954084936207,1.9634954084936207,8,4.306602987010321,5.892386079931319e-12,0.0,4.330557339853121e-15
9,75.0,0.02,1.5,6,0,2.356194490192345,0.0,1,0.19947306677069446,2.6777456143666454e-09,0.0,3.961129474116918e-15
9,75.0,0.02,1.5,6,0,2.356194490192345,0.0,2,0.6257163789975181,3.904878639035564e-10,0.0,3.961129474116918e-15
9,75.0,0.02,1.5,6,0,2.356194490192345,0.0,3,1.5561500919412972,3.5106783042935456e-11,0.0,3.961129474116918e-15
9,75.0,0.02,1.5,6,0,2.356194490192345,0.0,4,2.226535537856144,2.767237079893986e-11,0.0,3.961129474116918e-15
9,75.0,0.02,1.5,6,0,2.356194490192345,0.0,5,2.724414137723167,1.9658768836024737e-11,0.0,3.961129474116918e-15
9,75.0,0.02,1.5,6,0,2.356194490192345,0.0,6,2.837904042082539,1.62068738225326e-11,0.0,3.961129474116918e-15
9,75.0,0.02,1.5,6,0,2.356194490192345,0.0,7,3.7191107443706453,8.092671871630087e-12,0.0,3.961129474116918e-15
9,75.0,0.02,1.5,6,0,2.356194490192345,0.0,8,4.857670330904222,5.099921394573693e-12,0.0,3.961129474116918e-15
9,75.0,0.02,1.5,6,1,2.356194490192345,0.39269908169872414,1,0.20684752297931244,1.9508079046314144e-09,0.0,4.701920259965311e-15
9,75.0,0.02,1.5,6,1,2.356194490192345,0.39269908169872414,2,0.6322247804774668,2.5327544567804285e-10,0.0,4.701920259965311e-15
9,75.0,0.02,1.5,6,1,2.356194490192345,0.39269908169872414,3,1.5134831620420128,3.5034346589393796e-11,0.0,4.701920259965311e-15
9,75.0,0.02,1.5,6,1,2.356194490192345,0.39269908169872414,4,2.19017626663603,2.6960975003946272e-11,0.0,4.701920259965311e-15
9,75.0,0.02,1.5,6,1,2.356194490192345,0.39269908169872414,5,2.7355605016234326,1.823819030007057e-11,0.0,4.701920259965311e-15
9,75.0,0.02,1.5,6,1,2.356194490192345,0.39269908169872414,6,2.9235900535372243,1.6962585379196235e-11,0.0,4.701920259965311e-15
9,75.0,0.02,1.5,6,1,2.356194490192345,0.39269908169872414,7,3.730197359275201,1.1054554864302034e-11,0.0,4.701920259965311e-15
9,75.0,0.02,1.5,6,1,2.356194490192345,0.39269908169872414,8,4.861702152609625,5.7530576194066156e-12,0.0,4.701920259965311e-15
9,75.0,0.02,1.5,6,2,2.356194490192345,0.7853981633974483,1,0.22758149708847622,1.6009895405295386e-09,0.0,4.224013407980082e-15
9,75.0,0.02,1.5,6,2,2.356194490192345,0.7853981633974483,2,0.6515419158545817,2.6595947156103695e-10,0.0,4.224013407980082e-15
9,75.0,0.02,1.5,6,2,2.356194490192345,0.7853981633974483,3,1.4060465291819053,4.119094674470503e-11,0.0,4.224013407980082e-15
9,75.0,0.02,1.5,6,2,2.356194490192345,0.7853981633974483,4,2.0898859163367076,2.4275204195179695e-11,0.0,4.224013407980082e-15
9,75.0,0.02,1.5,6,2,2.356194490192345,0.7853981633974483,5,2.8327698516588415,1.66089204324629e-11,0.0,4.224013407980082e-15
9,75.0,0.02,1.5,6,2,2.356194490192345,0.7853981633974483,6,3.085754683494523,1.1083951020326272e-11,0.0,4.224013407980082e-15
9,75.0,0.02,1.5,6,2,2.356194490192345,0.7853981633974483,7,3.7648909311056284,9.621386424386144e-12,0.0,4.224013407980082e-15
9,75.0,0.02,1.5,6,2,2.356194490192345,0.7853981633974483,8,4.839876173247209,3.840888027314328e-12,0.0,4.224013407980082e-15
9,75.0,0.02,1.5,6,3,2.356194490192345,1.1780972450961724,1,0.25898977820618563,1.3593148980700832e-09,0.0,3.73112114105344e-15
9,75.0,0.02,1.5,6,3,2.356194490192345,1.1780972450961724,2,0.6827801418864217,1.8951180638329667e-10,0.0,3.73112114105344e-15
9,75.0,0.02,1.5,6,3,2.356194490192345,1.1780972450961724,3,1.2677399239339804,5.418934876000435e-11,0.0,3.73112114105344e-15
9,75.0,0.02,1.5,6,3,2.356194490192345,1.1780972450961724,4,1.9593640134989492,2.959920314961885e-11,0.0,3.73112114105344e-15
9,75.0,0.02,1.5,6,3,2.356194490192345,1.1780972450961724,5,3.0009619112655908,1.43812357343211e-11,0.0,3.73112114105344e-15
9,75.0,0.02,1.5,6,3,2.356194490192345,1.1780972450961724,6,3.265957419636325,1.0975270894946189e-11,0.0,3.73112114105344e-15
9,75.0,0.02,1.5,6,3,2.356194490192345,1.1780972450961724,7,3.827810276937394,8.321003333793268e-12,0.0,3.73112114105344e-15
9,75.0,0.02,1.5,6,3,2.356194490192345,1.1780972450961724,8,4.6934551449907,4.976295643908974e-12,0.0,3.73112114105344e-15
9,75.0,0.02,1.5,6,4,2.356194490192345,1.5707963267948966,1,0.29942569563937166,9.393031307931801e-10,0.0,4.1019248833309424e-15
9,75.0,0.02,1.5,6,4,2.356194490192345,1.5707963267948966,2,0.7235397028193097,1.8130992126978022e-10,0.0,4.1019248833309424e-15
9,75.0,0.02,1.5,6,4,2.356194490192345,1.5707963267948966,3,1.12121757398942,7.264018138183946e-11,0.0,4.1019248833309424e-15
9,75.0,0.02,1.5,6,4,2.356194490192345,1.5707963267948966,4,1.8250167225274647,3.606673863614002e-11,0.0,4.1019248833309424e-15
9,75.0,0.02,1.5,6,4,2.356194490192345,1.5707963267948966,5,3.202899866809498,1.2234157727145514e-11,0.0,4.1019248833309424e-15
9,75.0,0.02,1.5,6,4,2.356194490192345,1.5707963267948966,6,3.4418100880787175,1.0161021150769722e-11,0.0,4.1019248833309424e-15
9,75.0,0.02,1.5,6,4,2.356194490192345,1.5707963267948966,7,3.9259264161948058,8.296552447818757e-12,0.0,4.1019248833309424e-15
9,75.0,0.02,1.5,6,4,2.356194490192345,1.5707963267948966,8,4.553786666478287,4.859419859802417e-12,0.0,4.1019248833309424e-15
9,75.0,0.02,1.5,6,5,2.356194490192345,1.9634954084936207,1,0.3490590402359776,7.355923959604341e-10,0.0,3.742561359382227e-15
9,75.0,0.02,1.5,6,5,2.356194490192345,1.9634954084936207,2,0.7672712563259962,2.0735110992179733e-10,0.0,3.742561359382227e-15
9,75.0,0.02,1.5,6,5,2.356194490192345,1.9634954084936207,3,0.9815252444405631,8.572359920311287e-11,0.0,3.742561359382227e-15
9,75.0,0.02,1.5,6,5,2.356194490192345,1.9634954084936207,4,1.7003502113580462,4.5180664316550415e-11,0.0,3.742561359382227e-15
9,75.0,0.02,1.5,6,5,2.356194490192345,1.9634954084936207,5,3.410901922500437,9.008584803519526e-12,0.0,3.742561359382227e-15
9,75.0,0.02,1.5,6,5,2.356194490192345,1.9634954084936207,6,3.6025542680111973,8.7211226974761e-12,0.0,3.742561359382227e-15
9,75.0,0.02,1.5,6,5,2.356194490192345,1.9634954084936207,7,4.058375217889257,7.981963981189279e-12,0.0,3.742561359382227e-15
9,75.0,0.02,1.5,6,5,2.356194490192345,1.9634954084936207,8,4.43985846782368,7.354059634700768e-12,0.0,3.742561359382227e-15
9,75.0,0.02,1.5,6,6,2.356194490192345,2.356194490192345,1,0.4090759727325352,4.887944559507683e-10,0.0,3.838373190178558e-15
9,75.0,0.02,1.5,6,6,2.356194490192345,2.356194490192345,2,0.7800936382659546,1.4504705616802082e-10,0.0,3.838373190178558e-15
9,75.0,0.02,1.5,6,6,2.356194490192345,2.356194490192345,3,0.8836062658412437,9.908013376275409e-11,0.0,3.838373190178558e-15
9,75.0,0.02,1.5,6,6,2.356194490192345,2.356194490192345,4,1.5953532285639231,4.719740813061143e-11,0.0,3.838373190178558e-15
9,75.0,0.02,1.5,6,6,2.356194490192345,2.356194490192345,5,3.592691776499628,7.381410987615098e-12,0.0,3.838373190178558e-15
9,75.0,0.02,1.5,6,6,2.356194490192345,2.356194490192345,6,3.750335779319608,7.531278304866662e-12,0.0,3.838373190178558e-15
9,75.0,0.02,1.5,6,6,2.356194490192345,2.356194490192345,7,4.181962032717439,8.995575752480984e-12,0.0,3.838373190178558e-15
9,75.0,0.02,1.5,6,6,2.356194490192345,2.356194490192345,8,4.401080265034329,4.9983574705081175e-12,0.0,3.838373190178558e-15
9,75.0,0.02,1.5,7,0,2.748893571891069,0.0,1,0.2784983286144888,1.1763044808285116e-09,0.0,4.2366354990491285e-15
9,75.0,0.02,1.5,7,0,2.748893571891069,0.0,2,0.49586454295858784,3.980638367797391e-10,0.0,4.2366354990491285e-15
9,75.0,0.02,1.5,7,0,2.748893571891069,0.0,3,1.5804470572961156,4.452417263724849e-11,0.0,4.2366354990491285e-15
9,75.0,0.02,1.5,7,0,2.748893571891069,0.0,4,2.2550946797063065,3.240676133075126e-11,0.0,4.2366354990491285e-15
9,75.0,0.02,1.5,7,0,2.748893571891069,0.0,5,2.660759441561678,1.5015952418605712e-11,0.0,4.2366354990491285e-15
9,75.0,0.02,1.5,7,0,2.748893571891069,0.0,6,2.8047691663862655,1.7926739424333723e-11,0.0,4.2366354990491285e-15
9,75.0,0.02,1.5,7,0,2.748893571891069,0.0,7,3.9680838612651357,6.749625591306206e-12,0.0,4.2366354990491285e-15
9,75.0,0.02,1.5,7,0,2.748893571891069,0.0,8,4.551754975852574,5.41784761567108e-12,0.0,4.2366354990491285e-15
9,75.0,0.02,1.5,7,1,2.748893571891069,0.39269908169872414,1,0.2864310280056557,1.0239219627231954e-09,0.0,5.219355468487252e-15
9,75.0,0.02,1.5,7,1,2.748893571891069,0.39269908169872414,2,0.5020486511437602,4.2317802124213246e-10,0.0,5.219355468487252e-15
9,75.0,0.02,1.5,7,1,2.748893571891069,0.39269908169872414,3,1.540690595484638,5.121983271989665e-11,0.0,5.219355468487252e-15
9,75.0,0.02,1.5,7,1,2.748893571891069,0.39269908169872414,4,2.187574385354218,2.5181393585319445e-11,0.0,5.219355468487252e-15
9,75.0,0.02,1.5,7,1,2.748893571891069,0.39269908169872414,5,2.7260362896654815,1.552129576596519e-11,0.0,5.219355468487252e-15
9,75.0,0.02,1.5,7,1,2.748893571891069,0.39269908169872414,6,2.86797139644766,1.4259562866714458e-11,0.0,5.219355468487252e-15
9,75.0,0.02,1.5,7,1,2.748893571891069,0.39269908169872414,7,3.975657445465196,7.295784980224168e-12,0.0,5.219355468487252e-15
9,75.0,0.02,1.5,7,1,2.748893571891069,0.39269908169872414,8,4.55737755183464,6.577689175544151e-12,0.0,5.219355468487252e-15
9,75.0,0.02,1.5,7,2,2.748893571891069,0.7853981633974483,1,0.3081900861517898,1.2163095645373626e-09,0.0,4.0914116206094105e-15
9,75.0,0.02,1.5,7,2,2.748893571891069,0.7853981633974483,2,0.5209614817686157,3.509977123161672e-10,0.0,4.0914116206094105e-15
9,75.0,0.02,1.5,7,2,2.748893571891069,0.7853981633974483,3,1.4385642056318984,7.109779539773217e-11,0.0,4.0914116206094105e-15
9,75.0,0.02,1.5,7,2,2.748893571891069,0.7853981633974483,4,2.0505660723056924,2.7770445364861465e-11,0.0,4.0914116206094105e-15
9,75.0,0.02,1.5,7,2,2.748893571891069,0.7853981633974483,5,2.8737932811859124,1.4340661179716474e-11,0.0,4.0914116206094105e-15
9,75.0,0.02,1.5,7,2,2.748893571891069,0.7853981633974483,6,3.0224894097725774,1.2698121124353183e-11,0.0,4.0914116206094105e-15
9,75.0,0.02,1.5,7,2,2.748893571891069,0.7853981633974483,7,3.9985578779639455,7.4013014818803e-12,0.0,4.0914116206094105e-15
9,75.0,0.02,1.5,7,2,2.748893571891069,0.7853981633974483,8,4.574034187687407,6.332433565753051e-12,0.0,4.0914116206094105e-15
9,75.0,0.02,1.5,7,3,2.748893571891069,1.1780972450961724,1,0.33962631654958225,7.403172770636844e-10,0.0,4.336009840183063e-15
9,75.0,0.02,1.5,7,3,2.748893571891069,1.1780972450961724,2,0.5529890046034602,3.4594358498644405e-10,0.0,4.336009840183063e-15
9,75.0,0.02,1.5,7,3,2.748893571891069,1.1780972450961724,3,1.3043183558646227,4.9179123530236114e-11,0.0,4.336009840183063e-15
9,75.0,0.02,1.5,7,3,2.748893571891069,1.1780972450961724,4,1.9012897992113904,3.453308048246335e-11,0.0,4.336009840183063e-15
9,75.0,0.02,1.5,7,3,2.748893571891069,1.1780972450961724,5,3.064729425770393,2.1168558350345286e-11,0.0,4.336009840183063e-15
9,75.0,0.02,1.5,7,3,2.748893571891069,1.1780972450961724,6,3.2185244198821374,1.2253140760919033e-11,0.0,4.336009840183063e-15
9,75.0,0.02,1.5,7,3,2.748893571891069,1.1780972450961724,7,4.037355192725598,6.699600709451665e-12,0.0,4.336009840183063e-15
9,75.0,0.02,1.5,7,3,2.748893571891069,1.1780972450961724,8,4.600983451774261,7.004062147489852e-12,0.0,4.336009840183063e-15
9,75.0,0.02,1.5,7,4,2.748893571891069,1.5707963267948966,1,0.3780351050384741,6.159101676637247e-10,0.0,4.5605947576221e-15
9,75.0,0.02,1.5,7,4,2.748893571891069,1.5707963267948966,2,0.5968770866577692,2.6337391642742615e-10,0.0,4.5605947576221e-15
9,75.0,0.02,1.5,7,4,2.748893571891069,1.5707963267948966,3,1.1597183205514778,6.434438832072559e-11,0.0,4.5605947576221e-15
9,75.0,0.02,1.5,7,4,2.748893571891069,1.5707963267948966,4,1.7579254312087413,4.0922909150267057e-11,0.0,4.5605947576221e-15
9,75.0,0.02,1.5,7,4,2.748893571891069,1.5707963267948966,5,3.280319191372583,1.1401404016794883e-11,0.0,4.5605947576221e-15
9,75.0,0.02,1.5,7,4,2.748893571891069,1.5707963267948966,6,3.431036972198105,7.962110935892869e-12,0.0,4.5605947576221e-15
9,75.0,0.02,1.5,7,4,2.748893571891069,1.5707963267948966,7,4.093013809877871,7.603696189433615e-12,0.0,4.5605947576221e-15
9,75.0,0.02,1.5,7,4,2.748893571891069,1.5707963267948966,8,4.636524256980152,5.850081635992836e-12,0.0,4.5605947576221e-15
9,75.0,0.02,1.5,7,5,2.748893571891069,1.9634954084936207,1,0.4237319450919579,4.860251619517246e-10,0.0,4.59895424029474e-15
9,75.0,0.02,1.5,7,5,2.748893571891069,1.9634954084936207,2,0.6482141447169371,2.3065858589009652e-10,0.0,4.59895424029474e-15
9,75.0,0.02,1.5,7,5,2.748893571891069,1.9634954084936207,3,1.017760791246236,9.217705850582356e-11,0.0,4.59895424029474e-15
9,75.0,0.02,1.5,7,5,2.748893571891069,1.9634954084936207,4,1.6288876398359335,4.8490481770407115e-11,0.0,4.59895424029474e-15
9,75.0,0.02,1.5,7,5,2.748893571891069,1.9634954084936207,5,3.506023176873418,8.94657953496621e-12,0.0,4.59895424029474e-15
9,75.0,0.02,1.5,7,5,2.748893571891069,1.9634954084936207,6,3.6457148857529087,7.407639736777923e-12,0.0,4.59895424029474e-15
9,75.0,0.02,1.5,7,5,2.748893571891069,1.9634954084936207,7,4.16621731735138,7.481242226143123e-12,0.0,4.59895424029474e-15
9,75.0,0.02,1.5,7,5,2.748893571891069,1.9634954084936207,8,4.621852513648885,4.657816357562039e-12,0.0,4.59895424029474e-15
9,75.0,0.02,1.5,7,6,2.748893571891069,2.356194490192345,1,0.4788723088367255,3.539180693261558e-10,0.0,5.020888148160836e-15
9,75.0,0.02,1.5,7,6,2.748893571891069,2.356194490192345,2,0.6977584955649786,2.027355700529532e-10,0.0,5.020888148160836e-15
9,75.0,0.02,1.5,7,6,2.748893571891069,2.356194490192345,3,0.8881502095227695,1.1640121033624224e-10,0.0,5.020888148160836e-15
9,75.0,0.02,1.5,7,6,2.748893571891069,2.356194490192345,4,1.522059844464075,5.967407433944079e-11,0.0,5.020888148160836e-15
9,75.0,0.02,1.5,7,6,2.748893571891069,2.356194490192345,5,3.7251199525849272,9.499688345566119e-12,0.0,5.020888148160836e-15
9,75.0,0.02,1.5,7,6,2.748893571891069,2.356194490192345,6,3.8473229122838255,6.755836465344938e-12,0.0,5.020888148160836e-15
9,75.0,0.02,1.5,7,6,2.748893571891069,2.356194490192345,7,4.252570738286322,7.525581624473758e-12,0.0,5.020888148160836e-15
9,75.0,0.02,1.5,7,6,2.748893571891069,2.356194490192345,8,4.49337895959628,5.46437634512445e-12,0.0,5.020888148160836e-15
9,75.0,0.02,1.5,7,7,2.748893571891069,2.748893571891069,1,0.5441009836736298,2.862021955547985e-10,0.0,4.0220153140182885e-15
9,75.0,0.02,1.5,7,7,2.748893571891069,2.748893571891069,2,0.7178190329080119,2.353472532764903e-10,0.0,4.0220153140182885e-15
9,75.0,0.02,1.5,7,7,2.748893571891069,2.748893571891069,3,0.794284297694394,1.653867782024395e-10,0.0,4.0220153140182885e-15
9,75.0,0.02,1.5,7,7,2.748893571891069,2.748893571891069,4,1.4484194591177817,6.073650764618868e-11,0.0,4.0220153140182885e-15
9,75.0,0.02,1.5,7,7,2.748893571891069,2.748893571891069,5,3.911587460395162,7.1157582230949515e-12,0.0,4.0220153140182885e-15
9,75.0,0.02,1.5,7,7,2.748893571891069,2.748893571891069,6,4.0070741045434435,7.596522840983238e-12,0.0,4.0220153140182885e-15
9,75.0,0.02,1.5,7,7,2.748893571891069,2.748893571891069,7,4.318025640904502,7.316399343217792e-12,0.0,4.0220153140182885e-15
9,75.0,0.02,1.5,7,7,2.748893571891069,2.748893571891069,8,4.402094538350258,4.554519159413228e-12,0.0,4.0220153140182885e-15
9,75.0,0.02,1.5,8,0,3.141592653589793,0.0,1,0.355459373864754,9.898300698612235e-10,0.0,4.578607322119128e-15
9,75.0,0.02,1.5,8,0,3.141592653589793,0.0,2,0.4013874674419513,5.357476149873666e-10,0.0,4.578607322119128e-15
9,75.0,0.02,1.5,8,0,3.141592653589793,0.0,3,1.5893908009245703,3.123304700871321e-11,0.0,4.578607322119128e-15
9,75.0,0.02,1.5,8,0,3.141592653589793,0.0,4,2.2657712912415295,2.1024916386508432e-11,0.0,4.578607322119128e-15
9,75.0,0.02,1.5,8,0,3.141592653589793,0.0,5,2.638778130136902,1.539144774979875e-11,0.0,4.578607322119128e-15
9,75.0,0.02,1.5,8,0,3.141592653589793,0.0,6,2.7906161141764234,2.2591863863116288e-11,0.0,4.578607322119128e-15
9,75.0,0.02,1.5,8,0,3.141592653589793,0.0,7,4.201219882215697,6.691228217344794e-12,0.0,4.578607322119128e-15
9,75.0,0.02,1.5,8,0,3.141592653589793,0.0,8,4.301011171726137,6.195332260562413e-12,0.0,4.578607322119128e-15
9,75.0,0.02,1.5,8,1,3.141592653589793,0.39269908169872414,1,0.36717452677966234,7.730939117254236e-10,0.0,4.2935240979115575e-15
9,75.0,0.02,1.5,8,1,3.141592653589793,0.39269908169872414,2,0.40388127416797753,5.395363812128085e-10,0.0,4.2935240979115575e-15
9,75.0,0.02,1.5,8,1,3.141592653589793,0.39269908169872414,3,1.5508616415381427,3.507089111867975e-11,0.0,4.2935240979115575e-15
9,75.0,0.02,1.5,8,1,3.141592653589793,0.39269908169872414,4,2.1847335997493205,3.358554386088177e-11,0.0,4.2935240979115575e-15
9,75.0,0.02,1.5,8,1,3.141592653589793,0.39269908169872414,5,2.730676548155694,1.8352701037680363e-11,0.0,4.2935240979115575e-15
9,75.0,0.02,1.5,8,1,3.141592653589793,0.39269908169872414,6,2.8402514403561825,1.5935100758834027e-11,0.0,4.2935240979115575e-15
9,75.0,0.02,1.5,8,1,3.141592653589793,0.39269908169872414,7,4.206533886818829,6.871864304697313e-12,0.0,4.2935240979115575e-15
9,75.0,0.02,1.5,8,1,3.141592653589793,0.39269908169872414,8,4.308417458413442,6.59395758904375e-12,0.0,4.2935240979115575e-15
9,75.0,0.02,1.5,8,2,3.141592653589793,0.7853981633974483,1,0.4002006305856953,6.364619324125567e-10,0.0,4.215931306571805e-15
9,75.0,0.02,1.5,8,2,3.141592653589793,0.7853981633974483,2,0.4117660022926929,4.930054139652693e-10,0.0,4.215931306571805e-15
9,75.0,0.02,1.5,8,2,3.141592653589793,0.7853981633974483,3,1.4510767509256497,4.8708021621681665e-11,0.0,4.215931306571805e-15
9,75.0,0.02,1.5,8,2,3.141592653589793,0.7853981633974483,4,2.0349052065915485,3.048247423637078e-11,0.0,4.215931306571805e-15
9,75.0,0.02,1.5,8,2,3.141592653589793,0.7853981633974483,5,2.9130143186113155,1.3031544504268392e-11,0.0,4.215931306571805e-15
9,75.0,0.02,1.5,8,2,3.141592653589793,0.7853981633974483,6,2.9732058267721975,1.446324577363928e-11,0.0,4.215931306571805e-15
9,75.0,0.02,1.5,8,2,3.141592653589793,0.7853981633974483,7,4.222071128180429,6.643997515881242e-12,0.0,4.215931306571805e-15
9,75.0,0.02,1.5,8,2,3.141592653589793,0.7853981633974483,8,4.330880366656899,7.549849089363828e-12,0.0,4.215931306571805e-15
9,75.0,0.02,1.5,8,3,3.141592653589793,1.1780972450961724,1,0.426235824724851,5.769688987197101e-10,0.0,4.565319501176988e-15
9,75.0,0.02,1.5,8,3,3.141592653589793,1.1780972450961724,2,0.44949469879021153,6.011804178519686e-10,0.0,4.565319501176988e-15
9,75.0,0.02,1.5,8,3,3.141592653589793,1.1780972450961724,3,1.3187025851697118,4.743060145949538e-11,0.0,4.565319501176988e-15
9,75.0,0.02,1.5,8,3,3.141592653589793,1.1780972450961724,4,1.8793063284847928,4.513701411549951e-11,0.0,4.565319501176988e-15
9,75.0,0.02,1.5,8,3,3.141592653589793,1.1780972450961724,5,3.1225607339923185,1.6017196110025126e-11,0.0,4.565319501176988e-15
9,75.0,0.02,1.5,8,3,3.141592653589793,1.1780972450961724,6,3.1602592311866076,1.0900205080804303e-11,0.0,4.565319501176988e-15
9,75.0,0.02,1.5,8,3,3.141592653589793,1.1780972450961724,7,4.2464616804966395,6.518820025554905e-12,0.0,4.565319501176988e-15
9,75.0,0.02,1.5,8,3,3.141592653589793,1.1780972450961724,8,4.369175814998278,6.626022569215392e-12,0.0,4.565319501176988e-15
9,75.0,0.02,1.5,8,4,3.141592653589793,1.5707963267948966,1,0.4492130762025845,4.927634518284289e-10,0.0,4.082680019513842e-15
9,75.0,0.02,1.5,8,4,3.141592653589793,1.5707963267948966,2,0.5091550839634902,4.2890646474127935e-10,0.0,4.082680019513842e-15
9,75.0,0.02,1.5,8,4,3.141592653589793,1.5707963267948966,3,1.1750813718538693,1.1347538731478523e-10,0.0,4.082680019513842e-15
9,75.0,0.02,1.5,8,4,3.141592653589793,1.5707963267948966,4,1.7328578508147159,5.077039518252388e-11,0.0,4.082680019513842e-15
9,75.0,0.02,1.5,8,4,3.141592653589793,1.5707963267948966,5,3.3440898979348415,1.337159667802136e-11,0.0,4.082680019513842e-15
9,75.0,0.02,1.5,8,4,3.141592653589793,1.5707963267948966,6,3.3787055515111417,9.975678544960062e-12,0.0,4.082680019513842e-15
9,75.0,0.02,1.5,8,4,3.141592653589793,1.5707963267948966,7,4.276796830203299,6.8836806484015025e-12,0.0,4.082680019513842e-15
9,75.0,0.02,1.5,8,4,3.141592653589793,1.5707963267948966,8,4.424729293426467,7.161382091255994e-12,0.0,4.082680019513842e-15
9,75.0,0.02,1.5,8,5,3.141592653589793,1.9634954084936207,1,0.48319164467649095,3.639264797060539e-10,0.0,4.434776379321498e-15
9,75.0,0.02,1.5,8,5,3.141592653589793,1.9634954084936207,2,0.5729342025892158,2.937871997564479e-10,0.0,4.434776379321498e-15
9,75.0,0.02,1.5,8,5,3.141592653589793,1.9634954084936207,3,1.032943387800404,1.0133272097986182e-10,0.0,4.434776379321498e-15
9,75.0,0.02,1.5,8,5,3.141592653589793,1.9634954084936207,4,1.6023897174059463,4.788974623780071e-11,0.0,4.434776379321498e-15
9,75.0,0.02,1.5,8,5,3.141592653589793,1.9634954084936207,5,3.5705327122456083,1.0122962146827336e-11,0.0,4.434776379321498e-15
9,75.0,0.02,1.5,8,5,3.141592653589793,1.9634954084936207,6,3.612615280531081,8.599429639623675e-12,0.0,4.434776379321498e-15
9,75.0,0.02,1.5,8,5,3.141592653589793,1.9634954084936207,7,4.307236099390302,9.127349569379646e-12,0.0,4.434776379321498e-15
9,75.0,0.02,1.5,8,5,3.141592653589793,1.9634954084936207,8,4.49967003753119,6.451747297507275e-12,0.0,4.434776379321498e-15
9,75.0,0.02,1.5,8,6,3.141592653589793,2.356194490192345,1,0.5309083773971484,3.065072656022487e-10,0.0,4.091109697962065e-15
9,75.0,0.02,1.5,8,6,3.141592653589793,2.356194490192345,2,0.6330736324852243,2.6830398671593325e-10,0.0,4.091109697962065e-15
9,75.0,0.02,1.5,8,6,3.141592653589793,2.356194490192345,3,0.9000978144353237,9.706882623336897e-11,0.0,4.091109697962065e-15
9,75.0,0.02,1.5,8,6,3.141592653589793,2.356194490192345,4,1.4951022021367182,6.689798812817227e-11,0.0,4.091109697962065e-15
9,75.0,0.02,1.5,8,6,3.141592653589793,2.356194490192345,5,3.7950425905608265,9.999477156221e-12,0.0,4.091109697962065e-15
9,75.0,0.02,1.5,8,6,3.141592653589793,2.356194490192345,6,3.846696228852851,5.659414013999818e-12,0.0,4.091109697962065e-15
9,75.0,0.02,1.5,8,6,3.141592653589793,2.356194490192345,7,4.325955151753609,6.3297916204773e-12,0.0,4.091109697962065e-15
9,75.0,0.02,1.5,8,6,3.141592653589793,2.356194490192345,8,4.558505817914174,5.457272334795978e-12,0.0,4.091109697962065e-15
9,75.0,0.02,1.5,8,7,3.141592653589793,2.748893571891069,1,0.5946104255303568,2.6598863069478485e-10,0.0,4.3751667615446065e-15
9,75.0,0.02,1.5,8,7,3.141592653589793,2.748893571891069,2,0.6785202418029604,2.3237752246971757e-10,0.0,4.3751667615446065e-15
9,75.0,0.02,1.5,8,7,3.141592653589793,2.748893571891069,3,0.7819686442885863,1.6135938503254503e-10,0.0,4.3751667615446065e-15
9,75.0,0.02,1.5,8,7,3.141592653589793,2.748893571891069,4,1.4215610472683637,6.648225159480187e-11,0.0,4.3751667615446065e-15
9,75.0,0.02,1.5,8,7,3.141592653589793,2.748893571891069,5,4.008706357053191,7.827487089462012e-12,0.0,4.3751667615446065e-15
9,75.0,0.02,1.5,8,7,3.141592653589793,2.748893571891069,6,4.058642083665853,4.9732364191357296e-12,0.0,4.3751667615446065e-15
9,75.0,0.02,1.5,8,7,3.141592653589793,2.748893571891069,7,4.310639677885507,5.689106687791343e-12,0.0,4.3751667615446065e-15
9,75.0,0.02,1.5,8,7,3.141592653589793,2.748893571891069,8,4.396252138564648,5.928165870969441e-12,0.0,4.3751667615446065e-15
9,75.0,0.02,1.5,8,8,3.141592653589793,3.141592653589793,1,0.6619030797197671,1.431159983938216e-10,0.0,4.1648226875483505e-15
9,75.0,0.02,1.5,8,8,3.141592653589793,3.141592653589793,2,0.6959001712027283,2.7582125223441054e-10,0.0,4.1648226875483505e-15
9,75.0,0.02,1.5,8,8,3.141592653589793,3.141592653589793,3,0.6959429310791366,2.8120196123239304e-10,0.0,4.1648226875483505e-15
9,75.0,0.02,1.5,8,8,3.141592653589793,3.141592653589793,4,1.3948473417049922,7.359369008865435e-11,0.0,4.1648226875483505e-15
9,75.0,0.02,1.5,8,8,3.141592653589793,3.141592653589793,5,4.170307167904836,5.683445566989601e-12,0.0,4.1648226875483505e-15
9,75.0,0.02,1.5,8,8,3.141592653589793,3.141592653589793,6,4.1919750826323,6.946839449609076e-12,0.0,4.1648226875483505e-15
9,75.0,0.02,1.5,8,8,3.141592653589793,3.141592653589793,7,4.253509911978058,6.3670232576023015e-12,0.0,4.1648226875483505e-15
9,75.0,0.02,1.5,8,8,3.141592653589793,3.141592653589793,8,4.253870672079057,6.699727321010553e-12,0.0,4.1648226875483505e-15
9,75.0,0.08,6.0,0,0,0.0,0.0,1,0.0,0.6936920298703149,0.0,3.1442594199372824e-15
9,75.0,0.08,6.0,0,0,0.0,0.0,2,3.6235096039578147,1.3761095524482151e-12,0.0,3.1442594199372824e-15
9,75.0,0.08,6.0,0,0,0.0,0.0,3,3.6235096039578147,1.1713200342048537e-12,0.0,3.1442594199372824e-15
9,75.0,0.08,6.0,0,0,0.0,0.0,4,5.013130730462149,1.3791868132854279e-12,0.0,3.1442594199372824e-15
9,75.0,0.08,6.0,0,0,0.0,0.0,5,7.709795667837858,3.572304838559678e-13,0.0,3.1442594199372824e-15
9,75.0,0.08,6.0,0,0,0.0,0.0,6,9.082770143637623,3.805745303322969e-13,0.0,3.1442594199372824e-15
9,75.0,0.08,6.0,0,0,0.0,0.0,7,9.082770143637623,3.429118146058957e-13,0.0,3.1442594199372824e-15
9,75.0,0.08,6.0,0,0,0.0,0.0,8,11.093120216956084,2.438893062603438e-13,0.0,3.1442594199372824e-15
9,75.0,0.08,6.0,1,0,0.39269908169872414,0.0,1,0.013809829786966174,1.828982431776019e-07,0.0,3.831579620203725e-15
9,75.0,0.08,6.0,1,0,0.39269908169872414,0.0,2,3.5098140194048986,1.4387112091814462e-12,0.0,3.831579620203725e-15
9,75.0,0.08,6.0,1,0,0.39269908169872414,0.0,3,3.6381007240968786,1.2571793402458662e-12,0.0,3.831579620203725e-15
9,75.0,0.08,6.0,1,0,0.39269908169872414,0.0,4,5.078811694291893,1.227747026121948e-12,0.0,3.831579620203725e-15
9,75.0,0.08,6.0,1,0,0.39269908169872414,0.0,5,7.771997067076435,4.487869659976577e-13,0.0,3.831579620203725e-15
9,75.0,0.08,6.0,1,0,0.39269908169872414,0.0,6,8.991423532143873,4.203747162547965e-13,0.0,3.831579620203725e-15
9,75.0,0.08,6.0,1,0,0.39269908169872414,0.0,7,9.029519108296189,2.51444961143196e-13,0.0,3.831579620203725e-15
9,75.0,0.08,6.0,1,0,0.39269908169872414,0.0,8,11.18308982361244,2.721551701598019e-13,0.0,3.831579620203725e-15
9,75.0,0.08,6.0,1,1,0.39269908169872414,0.39269908169872414,1,0.030540363237673066,4.461701836385003e-08,0.0,3.849522090016618e-15
9,75.0,0.08,6.0,1,1,0.39269908169872414,0.39269908169872414,2,3.512590090775859,2.4966574710771244e-12,0.0,3.849522090016618e-15
9,75.0,0.08,6.0,1,1,0.39269908169872414,0.39269908169872414,3,3.5379740586121367,1.334609403628731e-12,0.0,3.849522090016618e-15
9,75.0,0.08,6.0,1,1,0.39269908169872414,0.39269908169872414,4,5.141916251501117,1.2038040091620012e-12,0.0,3.849522090016618e-15
9,75.0,0.08,6.0,1,1,0.39269908169872414,0.39269908169872414,5,7.833200998376631,5.900360790349338e-13,0.0,3.849522090016618e-15
9,75.0,0.08,6.0,1,1,0.39269908169872414,0.39269908169872414,6,8.80518558288807,5.78431142887056e-13,0.0,3.849522090016618e-15
9,75.0,0.08,6.0,1,1,0.39269908169872414,0.39269908169872414,7,9.108845182987064,3.296884700872206e-13,0.0,3.849522090016618e-15
9,75.0,0.08,6.0,1,1,0.39269908169872414,0.39269908169872414,8,11.193114315213341,2.798406760942183e-13,0.0,3.849522090016618e-15
9,75.0,0.08,6.0,2,0,0.7853981633974483,0.0,1,0.05550881810679133,1.051118563334507e-08,0.0,3.569314195847999e-15
9,75.0,0.08,6.0,2,0,0.7853981633974483,0.0,2,3.228242950818503,2.2887974814064184e-12,0.0,3.569314195847999e-15
9,75.0,0.08,6.0,2,0,0.7853981633974483,0.0,3,3.680355265478331,2.0314964689641378e-12,0.0,3.569314195847999e-15
9,75.0,0.08,6.0,2,0,0.7853981633974483,0.0,4,5.221399227078206,1.0340808441099878e-12,0.0,3.569314195847999e-15
9,75.0,0.08,6.0,2,0,0.7853981633974483,0.0,5,7.945030103775309,5.229536794923772e-13,0.0,3.569314195847999e-15
9,75.0,0.08,6.0,2,0,0.7853981633974483,0.0,6,8.763989904476713,5.431074775605855e-13,0.0,3.569314195847999e-15
9,75.0,0.08,6.0,2,0,0.7853981633974483,0.0,7,8.906515292495055,2.765147339317012e-13,0.0,3.569314195847999e-15
9,75.0,0.08,6.0,2,0,0.7853981633974483,0.0,8,11.422552873669376,2.485343857038425e-13,0.0,3.569314195847999e-15
9,75.0,0.08,6.0,2,1,0.7853981633974483,0.39269908169872414,1,0.07410918542187343,4.984578295794108e-09,0.0,3.732683076696721e-15
9,75.0,0.08,6.0,2,1,0.7853981633974483,0.39269908169872414,2,3.2440115843191664,3.4353327295255157e-12,0.0,3.732683076696721e-15
9,75.0,0.08,6.0,2,1,0.7853981633974483,0.39269908169872414,3,3.570473050142147,2.2726588359622396e-12,0.0,3.732683076696721e-15
9,75.0,0.08,6.0,2,1,0.7853981633974483,0.39269908169872414,4,5.277430536683867,1.6001776334059404e-12,0.0,3.732683076696721e-15
9,75.0,0.08,6.0,2,1,0.7853981633974483,0.39269908169872414,5,8.003680306185636,5.395527741852749e-13,0.0,3.732683076696721e-15
9,75.0,0.08,6.0,2,1,0.7853981633974483,0.39269908169872414,6,8.56170641974493,5.0964956280892e-13,0.0,3.732683076696721e-15
9,75.0,0.08,6.0,2,1,0.7853981633974483,0.39269908169872414,7,9.06990644129936,3.5732621305697027e-13,0.0,3.732683076696721e-15
9,75.0,0.08,6.0,2,1,0.7853981633974483,0.39269908169872414,8,11.331043533000695,3.6095634440271923e-13,0.0,3.732683076696721e-15
9,75.0,0.08,6.0,2,2,0.7853981633974483,0.7853981633974483,1,0.12274931951728522,1.894609742749749e-09,0.0,3.6134387045977086e-15
9,75.0,0.08,6.0,2,2,0.7853981633974483,0.7853981633974483,2,3.2744558426226607,2.2421323695228333e-12,0.0,3.6134387045977086e-15
9,75.0,0.08,6.0,2,2,0.7853981633974483,0.7853981633974483,3,3.310044566687699,1.2256438708373206e-12,0.0,3.6134387045977086e-15
9,75.0,0.08,6.0,2,2,0.7853981633974483,0.7853981633974483,4,5.3916763919285495,1.1291795665385272e-12,0.0,3.6134387045977086e-15
9,75.0,0.08,6.0,2,2,0.7853981633974483,0.7853981633974483,5,8.174000965485073,3.5085093956914535e-13,0.0,3.6134387045977086e-15
9,75.0,0.08,6.0,2,2,0.7853981633974483,0.7853981633974483,6,8.316097024220898,6.343051885486481e-13,0.0,3.6134387045977086e-15
9,75.0,0.08,6.0,2,2,0.7853981633974483,0.7853981633974483,7,9.18737255169494,3.977722184066135e-13,0.0,3.6134387045977086e-15
9,75.0,0.08,6.0,2,2,0.7853981633974483,0.7853981633974483,8,11.298915991090457,3.176372865159404e-13,0.0,3.6134387045977086e-15
9,75.0,0.08,6.0,3,0,1.1780972450961724,0.0,1,0.12598120305054636,1.8859454023413466e-09,0.0,3.904089271631485e-15
9,75.0,0.08,6.0,3,0,1.1780972450961724,0.0,2,2.865326801409382,3.3742369160961792e-12,0.0,3.904089271631485e-15
9,75.0,0.08,6.0,3,0,1.1780972450961724,0.0,3,3.7457007916026583,1.8725537820471078e-12,0.0,3.904089271631485e-15
9,75.0,0.08,6.0,3,0,1.1780972450961724,0.0,4,5.36944040422642,9.106809249139149e-13,0.0,3.904089271631485e-15
9,75.0,0.08,6.0,3,0,1.1780972450961724,0.0,5,8.162445002949841,3.257914018574579e-13,0.0,3.904089271631485e-15
9,75.0,0.08,6.0,3,0,1.1780972450961724,0.0,6,8.478945776959792,5.659679560122847e-13,0.0,3.904089271631485e-15
9,75.0,0.08,6.0,3,0,1.1780972450961724,0.0,7,8.816019980201771,2.7583939918044e-13,0.0,3.904089271631485e-15
9,75.0,0.08,6.0,3,0,1.1780972450961724,0.0,8,11.751834448062985,2.121163151080395e-13,0.0,3.904089271631485e-15
9,75.0,0.08,6.0,3,1,1.1780972450961724,0.39269908169872414,1,0.1453696158777875,1.4638290064941784e-09,0.0,4.0073486710399105e-15
9,75.0,0.08,6.0,3,1,1.1780972450961724,0.39269908169872414,2,2.882173819946843,2.5177264424118203e-12,0.0,4.0073486710399105e-15
9,75.0,0.08,6.0,3,1,1.1780972450961724,0.39269908169872414,3,3.638342397863092,1.587039930198689e-12,0.0,4.0073486710399105e-15
9,75.0,0.08,6.0,3,1,1.1780972450961724,0.39269908169872414,4,5.411917145305613,1.2264265718956197e-12,0.0,4.0073486710399105e-15
9,75.0,0.08,6.0,3,1,1.1780972450961724,0.39269908169872414,5,8.170670857369027,4.826594113842791e-13,0.0,4.0073486710399105e-15
9,75.0,0.08,6.0,3,1,1.1780972450961724,0.39269908169872414,6,8.395026828460487,5.447655819504899e-13,0.0,4.0073486710399105e-15
9,75.0,0.08,6.0,3,1,1.1780972450961724,0.39269908169872414,7,8.96362567173722,3.2180228521425204e-13,0.0,4.0073486710399105e-15
9,75.0,0.08,6.0,3,1,1.1780972450961724,0.39269908169872414,8,11.612952417794553,3.264603428345513e-13,0.0,4.0073486710399105e-15
9,75.0,0.08,6.0,3,2,1.1780972450961724,0.7853981633974483,1,0.1978732477164602,9.095190481804381e-10,0.0,3.72365176227183e-15
9,75.0,0.08,6.0,3,2,1.1780972450961724,0.7853981633974483,2,2.9314150256411304,2.3766965273732258e-12,0.0,3.72365176227183e-15
9,75.0,0.08,6.0,3,2,1.1780972450961724,0.7853981633974483,3,3.365940698244758,2.5626295410957696e-12,0.0,3.72365176227183e-15
9,75.0,0.08,6.0,3,2,1.1780972450961724,0.7853981633974483,4,5.485255505722859,1.2450400849160535e-12,0.0,3.72365176227183e-15
9,75.0,0.08,6.0,3,2,1.1780972450961724,0.7853981633974483,5,8.10406516546786,4.2442354162363237e-13,0.0,3.72365176227183e-15
9,75.0,0.08,6.0,3,2,1.1780972450961724,0.7853981633974483,6,8.445499772503949,2.837918827107806e-13,0.0,3.72365176227183e-15
9,75.0,0.08,6.0,3,2,1.1780972450961724,0.7853981633974483,7,9.181424437618183,4.656678933756752e-13,0.0,3.72365176227183e-15
9,75.0,0.08,6.0,3,2,1.1780972450961724,0.7853981633974483,8,11.449106882938372,2.5925977646192997e-13,0.0,3.72365176227183e-15
9,75.0,0.08,6.0,3,3,1.1780972450961724,1.1780972450961724,1,0.2776365801731657,4.917164149101969e-10,0.0,3.584875363783081e-15
9,75.0,0.08,6.0,3,3,1.1780972450961724,1.1780972450961724,2,2.9990314478843367,2.92214059492866e-12,0.0,3.584875363783081e-15
9,75.0,0.08,6.0,3,3,1.1780972450961724,1.1780972450961724,3,3.01834565226304,2.142356829470611e-12,0.0,3.584875363783081e-15
9,75.0,0.08,6.0,3,3,1.1780972450961724,1.1780972450961724,4,5.508746956980587,1.052350471894927e-12,0.0,3.584875363783081e-15
9,75.0,0.08,6.0,3,3,1.1780972450961724,1.1780972450961724,5,8.028591028494471,5.336646499495568e-13,0.0,3.584875363783081e-15
9,75.0,0.08,6.0,3,3,1.1780972450961724,1.1780972450961724,6,8.668378124490884,4.880072706294005e-13,0.0,3.584875363783081e-15
9,75.0,0.08,6.0,3,3,1.1780972450961724,1.1780972450961724,7,9.321246088640013,2.8213951961091556e-13,0.0,3.584875363783081e-15
9,75.0,0.08,6.0,3,3,1.1780972450961724,1.1780972450961724,8,11.42919666584924,2.686577652480557e-13,0.0,3.584875363783081e-15
9,75.0,0.08,6.0,4,0,1.5707963267948966,0.0,1,0.22693010301085978,4.91372401823474e-10,0.0,4.487715453840155e-15
9,75.0,0.08,6.0,4,0,1.5707963267948966,0.0,2,2.471683399095,2.6857243049198942e-12,0.0,4.487715453840155e-15
9,75.0,0.08,6.0,4,0,1.5707963267948966,0.0,3,3.82647100990051,1.8100130366522332e-12,0.0,4.487715453840155e-15
9,75.0,0.08,6.0,4,0,1.5707963267948966,0.0,4,5.494476579107006,7.055511625131239e-13,0.0,4.487715453840155e-15
9,75.0,0.08,6.0,4,0,1.5707963267948966,0.0,5,8.190638129118804,6.252386588347003e-13,0.0,4.487715453840155e-15
9,75.0,0.08,6.0,4,0,1.5707963267948966,0.0,6,8.235244357305707,3.1656518572318407e-13,0.0,4.487715453840155e-15
9,75.0,0.08,6.0,4,0,1.5707963267948966,0.0,7,8.962267702898911,3.5689949842664607e-13,0.0,4.487715453840155e-15
9,75.0,0.08,6.0,4,0,1.5707963267948966,0.0,8,12.10611472780966,2.32872437729474e-13,0.0,4.487715453840155e-15
9,75.0,0.08,6.0,4,1,1.5707963267948966,0.39269908169872414,1,0.2468863663167652,7.344890563809821e-10,0.0,3.613116380270627e-15
9,75.0,0.08,6.0,4,1,1.5707963267948966,0.39269908169872414,2,2.488845878934653,2.7436661381886714e-12,0.0,3.613116380270627e-15
9,75.0,0.08,6.0,4,1,1.5707963267948966,0.39269908169872414,3,3.723279419328103,2.701015934009992e-12,0.0,3.613116380270627e-15
9,75.0,0.08,6.0,4,1,1.5707963267948966,0.39269908169872414,4,5.513696260658687,1.077061023308502e-12,0.0,3.613116380270627e-15
9,75.0,0.08,6.0,4,1,1.5707963267948966,0.39269908169872414,5,8.030059658858919,5.46806751558705e-13,0.0,3.613116380270627e-15
9,75.0,0.08,6.0,4,1,1.5707963267948966,0.39269908169872414,6,8.455357689509794,3.7390332424342534e-13,0.0,3.613116380270627e-15
9,75.0,0.08,6.0,4,1,1.5707963267948966,0.39269908169872414,7,9.015893297427269,5.300096848597585e-13,0.0,3.613116380270627e-15
9,75.0,0.08,6.0,4,1,1.5707963267948966,0.39269908169872414,8,11.967407802273907,3.4058258353835813e-13,0.0,3.613116380270627e-15
9,75.0,0.08,6.0,4,2,1.5707963267948966,0.7853981633974483,1,0.3019272105971222,2.9918054683796765e-10,0.0,4.161222315154007e-15
9,75.0,0.08,6.0,4,2,1.5707963267948966,0.7853981633974483,2,2.5388769487220313,2.745846006479793e-12,0.0,4.161222315154007e-15
9,75.0,0.08,6.0,4,2,1.5707963267948966,0.7853981633974483,3,3.4585932132464547,2.3516441624763024e-12,0.0,4.161222315154007e-15
9,75.0,0.08,6.0,4,2,1.5707963267948966,0.7853981633974483,4,5.522092625643894,1.2893731492792684e-12,0.0,4.161222315154007e-15
9,75.0,0.08,6.0,4,2,1.5707963267948966,0.7853981633974483,5,7.9620598959992686,5.244650997765695e-13,0.0,4.161222315154007e-15
9,75.0,0.08,6.0,4,2,1.5707963267948966,0.7853981633974483,6,8.703076693904656,4.205581748040693e-13,0.0,4.161222315154007e-15
9,75.0,0.08,6.0,4,2,1.5707963267948966,0.7853981633974483,7,9.170020426076155,4.401658276685706e-13,0.0,4.161222315154007e-15
9,75.0,0.08,6.0,4,2,1.5707963267948966,0.7853981633974483,8,11.744581946387424,2.802397058309221e-13,0.0,4.161222315154007e-15
9,75.0,0.08,6.0,4,3,1.5707963267948966,1.1780972450961724,1,0.385094542856546,1.8044030692968818e-10,0.0,3.7485580070648914e-15
9,75.0,0.08,6.0,4,3,1.5707963267948966,1.1780972450961724,2,2.6162165395797334,4.537457254501379e-12,0.0,3.7485580070648914e-15
9,75.0,0.08,6.0,4,3,1.5707963267948966,1.1780972450961724,3,3.1094580609353364,1.7864327017497282e-12,0.0,3.7485580070648914e-15
9,75.0,0.08,6.0,4,3,1.5707963267948966,1.1780972450961724,4,5.454801651432827,1.3927875879329816e-12,0.0,3.7485580070648914e-15
9,75.0,0.08,6.0,4,3,1.5707963267948966,1.1780972450961724,5,8.019686006847563,3.7159952648944757e-13,0.0,3.7485580070648914e-15
9,75.0,0.08,6.0,4,3,1.5707963267948966,1.1780972450961724,6,8.95463970435343,4.5378889996429396e-13,0.0,3.7485580070648914e-15
9,75.0,0.08,6.0,4,3,1.5707963267948966,1.1780972450961724,7,9.371557140376689,3.7109828556771747e-13,0.0,3.7485580070648914e-15
9,75.0,0.08,6.0,4,3,1.5707963267948966,1.1780972450961724,8,11.59394555320678,2.519963686969189e-13,0.0,3.7485580070648914e-15
9,75.0,0.08,6.0,4,4,1.5707963267948966,1.5707963267948966,1,0.49469004546216727,1.5871240664703936e-10,0.0,4.1439585022584716e-15
9,75.0,0.08,6.0,4,4,1.5707963267948966,1.5707963267948966,2,2.6594387094848235,3.0306814182880434e-12,0.0,4.1439585022584716e-15
9,75.0,0.08,6.0,4,4,1.5707963267948966,1.5707963267948966,3,2.782580868467717,4.912301428620525e-12,0.0,4.1439585022584716e-15
9,75.0,0.08,6.0,4,4,1.5707963267948966,1.5707963267948966,4,5.310899709711975,1.6212233266968485e-12,0.0,4.1439585022584716e-15
9,75.0,0.08,6.0,4,4,1.5707963267948966,1.5707963267948966,5,8.16332762100342,5.850600795370063e-13,0.0,4.1439585022584716e-15
9,75.0,0.08,6.0,4,4,1.5707963267948966,1.5707963267948966,6,9.226339196511596,2.7789337319588614e-13,0.0,4.1439585022584716e-15
9,75.0,0.08,6.0,4,4,1.5707963267948966,1.5707963267948966,7,9.54167090056872,4.5027330126377783e-13,0.0,4.1439585022584716e-15
9,75.0,0.08,6.0,4,4,1.5707963267948966,1.5707963267948966,8,11.592725905188068,3.238222301970751e-13,0.0,4.1439585022584716e-15
9,75.0,0.08,6.0,5,0,1.9634954084936207,0.0,1,0.3610821237207356,2.5107554308017303e-10,0.0,3.980595902113112e-15
9,75.0,0.08,6.0,5,0,1.9634954084936207,0.0,2,2.0755240593028184,4.780293138605475e-12,0.0,3.980595902113112e-15
9,75.0,0.08,6.0,5,0,1.9634954084936207,0.0,3,3.911935394290943,2.0135929765018827e-12,0.0,3.980595902113112e-15
9,75.0,0.08,6.0,5,0,1.9634954084936207,0.0,4,5.591537569788695,1.0920884456668272e-12,0.0,3.980595902113112e-15
9,75.0,0.08,6.0,5,0,1.9634954084936207,0.0,5,7.9323928631510805,6.553648526792204e-13,0.0,3.980595902113112e-15
9,75.0,0.08,6.0,5,0,1.9634954084936207,0.0,6,8.146289283959144,3.313950996527224e-13,0.0,3.980595902113112e-15
9,75.0,0.08,6.0,5,0,1.9634954084936207,0.0,7,9.360557927827507,3.613403756139267e-13,0.0,3.980595902113112e-15
9,75.0,0.08,6.0,5,0,1.9634954084936207,0.0,8,12.356056627611002,1.8682420138005466e-13,0.0,3.980595902113112e-15
9,75.0,0.08,6.0,5,1,1.9634954084936207,0.39269908169872414,1,0.38173233109750276,1.8545352382734997e-10,0.0,3.616157044674731e-15
9,75.0,0.08,6.0,5,1,1.9634954084936207,0.39269908169872414,2,2.0926659946848565,4.9991169286300454e-12,0.0,3.616157044674731e-15
9,75.0,0.08,6.0,5,1,1.9634954084936207,0.39269908169872414,3,3.8143826684717945,1.7653712331527043e-12,0.0,3.616157044674731e-15
9,75.0,0.08,6.0,5,1,1.9634954084936207,0.39269908169872414,4,5.577268071257503,1.1788379487201429e-12,0.0,3.616157044674731e-15
9,75.0,0.08,6.0,5,1,1.9634954084936207,0.39269908169872414,5,7.86221434363885,5.443456716213604e-13,0.0,3.616157044674731e-15
9,75.0,0.08,6.0,5,1,1.9634954084936207,0.39269908169872414,6,8.344342346447775,4.529303304464076e-13,0.0,3.616157044674731e-15
9,75.0,0.08,6.0,5,1,1.9634954084936207,0.39269908169872414,7,9.384998598878742,3.9479596345952894e-13,0.0,3.616157044674731e-15
9,75.0,0.08,6.0,5,1,1.9634954084936207,0.39269908169872414,8,12.270851847078402,2.434289342841711e-13,0.0,3.616157044674731e-15
9,75.0,0.08,6.0,5,2,1.9634954084936207,0.7853981633974483,1,0.4388570858154546,1.969702202547155e-10,0.0,3.767791070943369e-15
9,75.0,0.08,6.0,5,2,1.9634954084936207,0.7853981633974483,2,2.1427742121205196,7.754037199425786e-12,0.0,3.767791070943369e-15
9,75.0,0.08,6.0,5,2,1.9634954084936207,0.7853981633974483,3,3.560430485191692,2.536147137582422e-12,0.0,3.767791070943369e-15
9,75.0,0.08,6.0,5,2,1.9634954084936207,0.7853981633974483,4,5.503135204505686,1.2038474686564342e-12,0.0,3.767791070943369e-15
9,75.0,0.08,6.0,5,2,1.9634954084936207,0.7853981633974483,5,7.892704267175585,4.740948158994062e-13,0.0,3.767791070943369e-15
9,75.0,0.08,6.0,5,2,1.9634954084936207,0.7853981633974483,6,8.68364141385384,3.466410719187966e-13,0.0,3.767791070943369e-15
9,75.0,0.08,6.0,5,2,1.9634954084936207,0.7853981633974483,7,9.459896653231564,4.150800160810039e-13,0.0,3.767791070943369e-15
9,75.0,0.08,6.0,5,2,1.9634954084936207,0.7853981633974483,8,12.079482078645997,2.6282344370941393e-13,0.0,3.767791070943369e-15
9,75.0,0.08,6.0,5,3,1.9634954084936207,1.1780972450961724,1,0.5241507726534377,1.0560807169142026e-10,0.0,3.800604790669232e-15
9,75.0,0.08,6.0,5,3,1.9634954084936207,1.1780972450961724,2,2.221160732690265,3.575326521165456e-12,0.0,3.800604790669232e-15
9,75.0,0.08,6.0,5,3,1.9634954084936207,1.1780972450961724,3,3.2202468308997036,4.066371535837224e-12,0.0,3.800604790669232e-15
9,75.0,0.08,6.0,5,3,1.9634954084936207,1.1780972450961724,4,5.344713403734805,1.0605282956693841e-12,0.0,3.800604790669232e-15
9,75.0,0.08,6.0,5,3,1.9634954084936207,1.1780972450961724,5,8.07329419403812,6.434607877854692e-13,0.0,3.800604790669232e-15
9,75.0,0.08,6.0,5,3,1.9634954084936207,1.1780972450961724,6,9.04875709127603,3.2965975665303405e-13,0.0,3.800604790669232e-15
9,75.0,0.08,6.0,5,3,1.9634954084936207,1.1780972450961724,7,9.588786157836957,4.199356122641827e-13,0.0,3.800604790669232e-15
9,75.0,0.08,6.0,5,3,1.9634954084936207,1.1780972450961724,8,11.883631983559843,2.457904663521697e-13,0.0,3.800604790669232e-15
9,75.0,0.08,6.0,5,4,1.9634954084936207,1.5707963267948966,1,0.6337608204404429,6.881519878554832e-11,0.0,3.650516580874611e-15
9,75.0,0.08,6.0,5,4,1.9634954084936207,1.5707963267948966,2,2.314998345138618,4.486082882191288e-12,0.0,3.650516580874611e-15
9,75.0,0.08,6.0,5,4,1.9634954084936207,1.5707963267948966,3,2.8516749236900956,3.2155739651618677e-12,0.0,3.650516580874611e-15
9,75.0,0.08,6.0,5,4,1.9634954084936207,1.5707963267948966,4,5.129883748461406,1.2591471484818335e-12,0.0,3.650516580874611e-15
9,75.0,0.08,6.0,5,4,1.9634954084936207,1.5707963267948966,5,8.342015994008543,4.807444313155772e-13,0.0,3.650516580874611e-15
9,75.0,0.08,6.0,5,4,1.9634954084936207,1.5707963267948966,6,9.381874147207526,2.897428370926593e-13,0.0,3.650516580874611e-15
9,75.0,0.08,6.0,5,4,1.9634954084936207,1.5707963267948966,7,9.774958425338971,3.3575554140736814e-13,0.0,3.650516580874611e-15
9,75.0,0.08,6.0,5,4,1.9634954084936207,1.5707963267948966,8,11.761220729608947,2.849152732134448e-13,0.0,3.650516580874611e-15
9,75.0,0.08,6.0,5,5,1.9634954084936207,1.9634954084936207,1,0.7695243782761043,4.680636019412407e-11,0.0,3.772506813063827e-15
9,75.0,0.08,6.0,5,5,1.9634954084936207,1.9634954084936207,2,2.3335423004467435,3.626419317083457e-12,0.0,3.772506813063827e-15
9,75.0,0.08,6.0,5,5,1.9634954084936207,1.9634954084936207,3,2.566910788583359,4.536246232714326e-12,0.0,3.772506813063827e-15
9,75.0,0.08,6.0,5,5,1.9634954084936207,1.9634954084936207,4,4.901836677168702,1.674206773281185e-12,0.0,3.772506813063827e-15
9,75.0,0.08,6.0,5,5,1.9634954084936207,1.9634954084936207,5,8.631453034631917,3.7059462714643946e-13,0.0,3.772506813063827e-15
9,75.0,0.08,6.0,5,5,1.9634954084936207,1.9634954084936207,6,9.602978521164376,2.2382703195180827e-13,0.0,3.772506813063827e-15
9,75.0,0.08,6.0,5,5,1.9634954084936207,1.9634954084936207,7,10.03848479857268,2.9382183792558044e-13,0.0,3.772506813063827e-15
9,75.0,0.08,6.0,5,5,1.9634954084936207,1.9634954084936207,8,11.77328908632052,3.256139579853738e-13,0.0,3.772506813063827e-15
9,75.0,0.08,6.0,6,0,2.356194490192345,0.0,1,0.5318833998817257,9.940564841500207e-11,0.0,3.5024460727548946e-15
9,75.0,0.08,6.0,6,0,2.356194490192345,0.0,2,1.6963866953194773,1.0373699733730277e-11,0.0,3.5024460727548946e-15
9,75.0,0.08,6.0,6,0,2.356194490192345,0.0,3,3.9887680994490515,1.5460252145474486e-12,0.0,3.5024460727548946e-15
9,75.0,0.08,6.0,6,0,2.356194490192345,0.0,4,5.661330409893681,1.0030865664569804e-12,0.0,3.5024460727548946e-15
9,75.0,0.08,6.0,6,0,2.356194490192345,0.0,5,7.727914328488107,5.46041320711251e-13,0.0,3.5024460727548946e-15
9,75.0,0.08,6.0,6,0,2.356194490192345,0.0,6,8.039216835597644,3.5455824297802733e-13,0.0,3.5024460727548946e-15
9,75.0,0.08,6.0,6,0,2.356194490192345,0.0,7,9.856992877994577,3.769618407698874e-13,0.0,3.5024460727548946e-15
9,75.0,0.08,6.0,6,0,2.356194490192345,0.0,8,12.203694441088832,1.9913399648079163e-13,0.0,3.5024460727548946e-15
9,75.0,0.08,6.0,6,1,2.356194490192345,0.39269908169872414,1,0.5536430310654753,8.758611935918482e-11,0.0,3.872580931042984e-15
9,75.0,0.08,6.0,6,1,2.356194490192345,0.39269908169872414,2,1.7130898848405396,8.679082599631919e-12,0.0,3.872580931042984e-15
9,75.0,0.08,6.0,6,1,2.356194490192345,0.39269908169872414,3,3.897619658470698,2.3298052867686385e-12,0.0,3.872580931042984e-15
9,75.0,0.08,6.0,6,1,2.356194490192345,0.39269908169872414,4,5.608204149675675,9.63145783053363e-13,0.0,3.872580931042984e-15
9,75.0,0.08,6.0,6,1,2.356194490192345,0.39269908169872414,5,7.746317386953339,5.970678504020678e-13,0.0,3.872580931042984e-15
9,75.0,0.08,6.0,6,1,2.356194490192345,0.39269908169872414,6,8.192269674992898,3.741301679589075e-13,0.0,3.872580931042984e-15
9,75.0,0.08,6.0,6,1,2.356194490192345,0.39269908169872414,7,9.875678550446304,3.522716845005554e-13,0.0,3.872580931042984e-15
9,75.0,0.08,6.0,6,1,2.356194490192345,0.39269908169872414,8,12.197503008005837,2.31991369751655e-13,0.0,3.872580931042984e-15
9,75.0,0.08,6.0,6,2,2.356194490192345,0.7853981633974483,1,0.6132846144641451,9.428076835462521e-11,0.0,3.961782484425947e-15
9,75.0,0.08,6.0,6,2,2.356194490192345,0.7853981633974483,2,1.7625013534213978,7.604090456751443e-12,0.0,3.961782484425947e-15
9,75.0,0.08,6.0,6,2,2.356194490192345,0.7853981633974483,3,3.656183487319947,3.089365561289432e-12,0.0,3.961782484425947e-15
9,75.0,0.08,6.0,6,2,2.356194490192345,0.7853981633974483,4,5.451540709733549,1.4030598882203816e-12,0.0,3.961782484425947e-15
9,75.0,0.08,6.0,6,2,2.356194490192345,0.7853981633974483,5,7.890911009034676,3.811133989590126e-13,0.0,3.961782484425947e-15
9,75.0,0.08,6.0,6,2,2.356194490192345,0.7853981633974483,6,8.52355222677085,5.629672253422212e-13,0.0,3.961782484425947e-15
9,75.0,0.08,6.0,6,2,2.356194490192345,0.7853981633974483,7,9.932888393620022,3.5291118116834745e-13,0.0,3.961782484425947e-15
9,75.0,0.08,6.0,6,2,2.356194490192345,0.7853981633974483,8,12.170655848100377,2.384116082997911e-13,0.0,3.961782484425947e-15
9,75.0,0.08,6.0,6,3,2.356194490192345,1.1780972450961724,1,0.7000976345277119,7.067631609176607e-11,0.0,3.561955037973352e-15
9,75.0,0.08,6.0,6,3,2.356194490192345,1.1780972450961724,2,1.8416262181282999,6.607537704840761e-12,0.0,3.561955037973352e-15
9,75.0,0.08,6.0,6,3,2.356194490192345,1.1780972450961724,3,3.3264644451532246,3.5034500880613943e-12,0.0,3.561955037973352e-15
9,75.0,0.08,6.0,6,3,2.356194490192345,1.1780972450961724,4,5.219215610467676,1.649700296894131e-12,0.0,3.561955037973352e-15
9,75.0,0.08,6.0,6,3,2.356194490192345,1.1780972450961724,5,8.171509236714769,3.5909857288746254e-13,0.0,3.561955037973352e-15
9,75.0,0.08,6.0,6,3,2.356194490192345,1.1780972450961724,6,8.920310513602914,4.5204716204796064e-13,0.0,3.561955037973352e-15
9,75.0,0.08,6.0,6,3,2.356194490192345,1.1780972450961724,7,10.032585870261844,3.513511049903515e-13,0.0,3.561955037973352e-15
9,75.0,0.08,6.0,6,3,2.356194490192345,1.1780972450961724,8,12.103418613192094,2.3714887354736276e-13,0.0,3.561955037973352e-15
9,75.0,0.08,6.0,6,4,2.356194490192345,1.5707963267948966,1,0.8075974764538585,5.964996110753766e-11,0.0,3.4256900860347215e-15
9,75.0,0.08,6.0,6,4,2.356194490192345,1.5707963267948966,2,1.9425464422690422,4.721614524750944e-12,0.0,3.4256900860347215e-15
9,75.0,0.08,6.0,6,4,2.356194490192345,1.5707963267948966,3,2.9610064890424153,2.683664164930331e-12,0.0,3.4256900860347215e-15
9,75.0,0.08,6.0,6,4,2.356194490192345,1.5707963267948966,4,4.955617527228097,1.5176607990006354e-12,0.0,3.4256900860347215e-15
9,75.0,0.08,6.0,6,4,2.356194490192345,1.5707963267948966,5,8.527299253996759,5.86105623517218e-13,0.0,3.4256900860347215e-15
9,75.0,0.08,6.0,6,4,2.356194490192345,1.5707963267948966,6,9.31859977753639,2.8318119010483117e-13,0.0,3.4256900860347215e-15
9,75.0,0.08,6.0,6,4,2.356194490192345,1.5707963267948966,7,10.183164994097455,2.8122917335687794e-13,0.0,3.4256900860347215e-15
9,75.0,0.08,6.0,6,4,2.356194490192345,1.5707963267948966,8,12.000119347235996,2.5744943451308333e-13,0.0,3.4256900860347215e-15
9,75.0,0.08,6.0,6,5,2.356194490192345,1.9634954084936207,1,0.9363925886785064,2.2790653962629388e-11,0.0,3.60632582469118e-15
9,75.0,0.08,6.0,6,5,2.356194490192345,1.9634954084936207,2,2.0449911390744466,5.489941053429846e-12,0.0,3.60632582469118e-15
9,75.0,0.08,6.0,6,5,2.356194490192345,1.9634954084936207,3,2.602865172489775,4.744812925288442e-12,0.0,3.60632582469118e-15
9,75.0,0.08,6.0,6,5,2.356194490192345,1.9634954084936207,4,4.698615946957066,1.5674408962092436e-12,0.0,3.60632582469118e-15
9,75.0,0.08,6.0,6,5,2.356194490192345,1.9634954084936207,5,8.899752651450408,4.787384609877427e-13,0.0,3.60632582469118e-15
9,75.0,0.08,6.0,6,5,2.356194490192345,1.9634954084936207,6,9.650840890947933,3.8553521355048444e-13,0.0,3.60632582469118e-15
9,75.0,0.08,6.0,6,5,2.356194490192345,1.9634954084936207,7,10.398168237062738,2.3063663501990284e-13,0.0,3.60632582469118e-15
9,75.0,0.08,6.0,6,5,2.356194490192345,1.9634954084936207,8,11.919790907432562,2.730292623313489e-13,0.0,3.60632582469118e-15
9,75.0,0.08,6.0,6,6,2.356194490192345,2.356194490192345,1,1.091570477620464,3.346054646195273e-11,0.0,3.68899431418334e-15
9,75.0,0.08,6.0,6,6,2.356194490192345,2.356194490192345,2,2.0581009611004717,8.753342529604357e-12,0.0,3.68899431418334e-15
9,75.0,0.08,6.0,6,6,2.356194490192345,2.356194490192345,3,2.349118434383693,7.855220677068085e-12,0.0,3.68899431418334e-15
9,75.0,0.08,6.0,6,6,2.356194490192345,2.356194490192345,4,4.479278738222911,2.4205565424866074e-12,0.0,3.68899431418334e-15
9,75.0,0.08,6.0,6,6,2.356194490192345,2.356194490192345,5,9.242472835295512,4.4558913896060707e-13,0.0,3.68899431418334e-15
9,75.0,0.08,6.0,6,6,2.356194490192345,2.356194490192345,6,9.846009896204725,2.436737280849086e-13,0.0,3.68899431418334e-15
9,75.0,0.08,6.0,6,6,2.356194490192345,2.356194490192345,7,10.68157006789455,3.1580709254867393e-13,0.0,3.68899431418334e-15
9,75.0,0.08,6.0,6,6,2.356194490192345,2.356194490192345,8,11.924153765685668,2.980166826193086e-13,0.0,3.68899431418334e-15
9,75.0,0.08,6.0,7,0,2.748893571891069,0.0,1,0.7400384416122769,6.495907551562649e-11,0.0,3.8028839765186535e-15
9,75.0,0.08,6.0,7,0,2.748893571891069,0.0,2,1.3531663101563913,1.5966634269505592e-11,0.0,3.8028839765186535e-15
9,75.0,0.08,6.0,7,0,2.748893571891069,0.0,3,4.042726316315226,2.0554676082280748e-12,0.0,3.8028839765186535e-15
9,75.0,0.08,6.0,7,0,2.748893571891069,0.0,4,5.7038878556839085,7.88973996820057e-13,0.0,3.8028839765186535e-15
9,75.0,0.08,6.0,7,0,2.748893571891069,0.0,5,7.596149955949188,7.983055103337841e-13,0.0,3.8028839765186535e-15
9,75.0,0.08,6.0,7,0,2.748893571891069,0.0,6,7.964323703505446,6.173690233020058e-13,0.0,3.8028839765186535e-15
9,75.0,0.08,6.0,7,0,2.748893571891069,0.0,7,10.373478077081048,3.0067888051778057e-13,0.0,3.8028839765186535e-15
9,75.0,0.08,6.0,7,0,2.748893571891069,0.0,8,11.74441157317184,2.2341993587749188e-13,0.0,3.8028839765186535e-15
9,75.0,0.08,6.0,7,1,2.748893571891069,0.39269908169872414,1,0.7643175776200567,5.866386641286415e-11,0.0,4.3400301809719204e-15
9,75.0,0.08,6.0,7,1,2.748893571891069,0.39269908169872414,2,1.3679167289684313,1.657403003113103e-11,0.0,4.3400301809719204e-15
9,75.0,0.08,6.0,7,1,2.748893571891069,0.39269908169872414,3,3.95701796686249,1.4200565227528606e-12,0.0,4.3400301809719204e-15
9,75.0,0.08,6.0,7,1,2.748893571891069,0.39269908169872414,4,5.617967307934279,1.1089258191191964e-12,0.0,4.3400301809719204e-15
9,75.0,0.08,6.0,7,1,2.748893571891069,0.39269908169872414,5,7.686301061714147,5.595297645896332e-13,0.0,4.3400301809719204e-15
9,75.0,0.08,6.0,7,1,2.748893571891069,0.39269908169872414,6,8.077576798650208,4.0342867469866515e-13,0.0,4.3400301809719204e-15
9,75.0,0.08,6.0,7,1,2.748893571891069,0.39269908169872414,7,10.389100609592317,2.822383772886853e-13,0.0,4.3400301809719204e-15
9,75.0,0.08,6.0,7,1,2.748893571891069,0.39269908169872414,8,11.756294288009233,2.797951775546091e-13,0.0,4.3400301809719204e-15
9,75.0,0.08,6.0,7,2,2.748893571891069,0.7853981633974483,1,0.8291743138443723,4.4999993877755025e-11,0.0,3.7970678075290324e-15
9,75.0,0.08,6.0,7,2,2.748893571891069,0.7853981633974483,2,1.4135322138969317,1.300049421397478e-11,0.0,3.7970678075290324e-15
9,75.0,0.08,6.0,7,2,2.748893571891069,0.7853981633974483,3,3.7265856670972797,3.0976720745721276e-12,0.0,3.7970678075290324e-15
9,75.0,0.08,6.0,7,2,2.748893571891069,0.7853981633974483,4,5.400270765816202,1.4176248328985927e-12,0.0,3.7970678075290324e-15
9,75.0,0.08,6.0,7,2,2.748893571891069,0.7853981633974483,5,7.93502459182545,3.765031645325534e-13,0.0,3.7970678075290324e-15
9,75.0,0.08,6.0,7,2,2.748893571891069,0.7853981633974483,6,8.36982852357963,4.95740358798658e-13,0.0,3.7970678075290324e-15
9,75.0,0.08,6.0,7,2,2.748893571891069,0.7853981633974483,7,10.436510448291362,3.2607649674352777e-13,0.0,3.7970678075290324e-15
9,75.0,0.08,6.0,7,2,2.748893571891069,0.7853981633974483,8,11.79212039249571,2.181323392576041e-13,0.0,3.7970678075290324e-15
9,75.0,0.08,6.0,7,3,2.748893571891069,1.1780972450961724,1,0.9182944786132781,2.966764848062966e-11,0.0,3.4686200543693968e-15
9,75.0,0.08,6.0,7,3,2.748893571891069,1.1780972450961724,2,1.4919073799604343,7.77447440884658e-12,0.0,3.4686200543693968e-15
9,75.0,0.08,6.0,7,3,2.748893571891069,1.1780972450961724,3,3.4062684045477334,2.933673861684857e-12,0.0,3.4686200543693968e-15
9,75.0,0.08,6.0,7,3,2.748893571891069,1.1780972450961724,4,5.120319658622397,1.5957030235385371e-12,0.0,3.4686200543693968e-15
9,75.0,0.08,6.0,7,3,2.748893571891069,1.1780972450961724,5,8.291066535333755,3.622168073537261e-13,0.0,3.4686200543693968e-15
9,75.0,0.08,6.0,7,3,2.748893571891069,1.1780972450961724,6,8.759429164401674,5.026636945856045e-13,0.0,3.4686200543693968e-15
9,75.0,0.08,6.0,7,3,2.748893571891069,1.1780972450961724,7,10.517496970058124,3.639161989835593e-13,0.0,3.4686200543693968e-15
9,75.0,0.08,6.0,7,3,2.748893571891069,1.1780972450961724,8,11.852420530443611,2.379409557660106e-13,0.0,3.4686200543693968e-15
9,75.0,0.08,6.0,7,4,2.748893571891069,1.5707963267948966,1,1.0206434146569416,3.488629394763413e-11,0.0,4.2027125807117185e-15
9,75.0,0.08,6.0,7,4,2.748893571891069,1.5707963267948966,2,1.599781026097628,1.112023565100969e-11,0.0,4.2027125807117185e-15
9,75.0,0.08,6.0,7,4,2.748893571891069,1.5707963267948966,3,3.0454762943086027,2.4841995764122534e-12,0.0,4.2027125807117185e-15
9,75.0,0.08,6.0,7,4,2.748893571891069,1.5707963267948966,4,4.827948684848072,1.758271463749867e-12,0.0,4.2027125807117185e-15
9,75.0,0.08,6.0,7,4,2.748893571891069,1.5707963267948966,5,8.702679876334606,4.10772371969023e-13,0.0,4.2027125807117185e-15
9,75.0,0.08,6.0,7,4,2.748893571891069,1.5707963267948966,6,9.180677207711286,3.145087584452658e-13,0.0,4.2027125807117185e-15
9,75.0,0.08,6.0,7,4,2.748893571891069,1.5707963267948966,7,10.635375903903494,3.164627933131207e-13,0.0,4.2027125807117185e-15
9,75.0,0.08,6.0,7,4,2.748893571891069,1.5707963267948966,8,11.936655695999978,1.968352877243801e-13,0.0,4.2027125807117185e-15
9,75.0,0.08,6.0,7,5,2.748893571891069,1.9634954084936207,1,1.1367833719236555,1.7040880010684606e-11,0.0,3.1650917899694364e-15
9,75.0,0.08,6.0,7,5,2.748893571891069,1.9634954084936207,2,1.7237050403851375,1.0428065471383802e-11,0.0,3.1650917899694364e-15
9,75.0,0.08,6.0,7,5,2.748893571891069,1.9634954084936207,3,2.6805210815233425,2.8813237201586405e-12,0.0,3.1650917899694364e-15
9,75.0,0.08,6.0,7,5,2.748893571891069,1.9634954084936207,4,4.555137566017411,2.7265386531758697e-12,0.0,3.1650917899694364e-15
9,75.0,0.08,6.0,7,5,2.748893571891069,1.9634954084936207,5,9.126741141472321,3.7106240998733864e-13,0.0,3.1650917899694364e-15
9,75.0,0.08,6.0,7,5,2.748893571891069,1.9634954084936207,6,9.57501139215512,2.649765633203274e-13,0.0,3.1650917899694364e-15
9,75.0,0.08,6.0,7,5,2.748893571891069,1.9634954084936207,7,10.793792580922968,2.0586358631500076e-13,0.0,3.1650917899694364e-15
9,75.0,0.08,6.0,7,5,2.748893571891069,1.9634954084936207,8,12.024709823760393,2.6611811186732906e-13,0.0,3.1650917899694364e-15
9,75.0,0.08,6.0,7,6,2.748893571891069,2.356194490192345,1,1.2750182026913262,1.5583985976394634e-11,0.0,3.560769406671928e-15
9,75.0,0.08,6.0,7,6,2.748893571891069,2.356194490192345,2,1.837030965767252,4.903569233611162e-12,0.0,3.560769406671928e-15
9,75.0,0.08,6.0,7,6,2.748893571891069,2.356194490192345,3,2.3422819631835594,4.240125261520872e-12,0.0,3.560769406671928e-15
9,75.0,0.08,6.0,7,6,2.748893571891069,2.356194490192345,4,4.328032343779805,1.944788883911629e-12,0.0,3.560769406671928e-15
9,75.0,0.08,6.0,7,6,2.748893571891069,2.356194490192345,5,9.520642542235935,3.3684340943453167e-13,0.0,3.560769406671928e-15
9,75.0,0.08,6.0,7,6,2.748893571891069,2.356194490192345,6,9.880357627830444,2.374253496211168e-13,0.0,3.560769406671928e-15
9,75.0,0.08,6.0,7,6,2.748893571891069,2.356194490192345,7,10.988170162121087,1.862682877360213e-13,0.0,3.560769406671928e-15
9,75.0,0.08,6.0,7,6,2.748893571891069,2.356194490192345,8,12.00690165832477,2.2219062546253032e-13,0.0,3.560769406671928e-15
9,75.0,0.08,6.0,7,7,2.748893571891069,2.748893571891069,1,1.4412521238502798,1.3745464445237466e-11,0.0,4.2055957069321644e-15
9,75.0,0.08,6.0,7,7,2.748893571891069,2.748893571891069,2,1.870013485016477,1.0621926566325235e-11,0.0,4.2055957069321644e-15
9,75.0,0.08,6.0,7,7,2.748893571891069,2.748893571891069,3,2.0961558850665445,6.397371499766567e-12,0.0,4.2055957069321644e-15
9,75.0,0.08,6.0,7,7,2.748893571891069,2.748893571891069,4,4.1738405132314185,2.1457045614309893e-12,0.0,4.2055957069321644e-15
9,75.0,0.08,6.0,7,7,2.748893571891069,2.748893571891069,5,9.833964946047882,4.5141011128721353e-13,0.0,4.2055957069321644e-15
9,75.0,0.08,6.0,7,7,2.748893571891069,2.748893571891069,6,10.041286118985797,3.125741011788335e-13,0.0,4.2055957069321644e-15
9,75.0,0.08,6.0,7,7,2.748893571891069,2.748893571891069,7,11.18179774390286,3.3385392336097345e-13,0.0,4.2055957069321644e-15
9,75.0,0.08,6.0,7,7,2.748893571891069,2.748893571891069,8,11.932833998937541,2.599608402973186e-13,0.0,4.2055957069321644e-15
9,75.0,0.08,6.0,8,0,3.141592653589793,0.0,1,0.91762165665059,4.715833578391732e-11,0.0,3.974973276545441e-15
9,75.0,0.08,6.0,8,0,3.141592653589793,0.0,2,1.1286624360469362,1.502786713353839e-11,0.0,3.974973276545441e-15
9,75.0,0.08,6.0,8,0,3.141592653589793,0.0,3,4.062195408251282,2.241720413008427e-12,0.0,3.974973276545441e-15
9,75.0,0.08,6.0,8,0,3.141592653589793,0.0,4,5.718166247208841,7.83367812460214e-13,0.0,3.974973276545441e-15
9,75.0,0.08,6.0,8,0,3.141592653589793,0.0,5,7.55071273709103,8.125151299977828e-13,0.0,3.974973276545441e-15
9,75.0,0.08,6.0,8,0,3.141592653589793,0.0,6,7.937893428071011,6.183123660571929e-13,0.0,3.974973276545441e-15
9,75.0,0.08,6.0,8,0,3.141592653589793,0.0,7,10.700807342117903,4.3187528324239494e-13,0.0,3.974973276545441e-15
9,75.0,0.08,6.0,8,0,3.141592653589793,0.0,8,11.42030790905672,1.6366829181053303e-13,0.0,3.974973276545441e-15
9,75.0,0.08,6.0,8,1,3.141592653589793,0.39269908169872414,1,0.9519427638967943,4.353459638024919e-11,0.0,3.842580149008098e-15
9,75.0,0.08,6.0,8,1,3.141592653589793,0.39269908169872414,2,1.1336005668393456,1.9787778098106736e-11,0.0,3.842580149008098e-15
9,75.0,0.08,6.0,8,1,3.141592653589793,0.39269908169872414,3,3.9786729031306183,2.3865780070157447e-12,0.0,3.842580149008098e-15
9,75.0,0.08,6.0,8,1,3.141592653589793,0.39269908169872414,4,5.6192352980101505,1.2098703660374718e-12,0.0,3.842580149008098e-15
9,75.0,0.08,6.0,8,1,3.141592653589793,0.39269908169872414,5,7.6695754711080095,6.685183347989302e-13,0.0,3.842580149008098e-15
9,75.0,0.08,6.0,8,1,3.141592653589793,0.39269908169872414,6,8.034598490818066,4.955109537945304e-13,0.0,3.842580149008098e-15
9,75.0,0.08,6.0,8,1,3.141592653589793,0.39269908169872414,7,10.71390545308678,3.099067433399104e-13,0.0,3.842580149008098e-15
9,75.0,0.08,6.0,8,1,3.141592653589793,0.39269908169872414,8,11.43614153861612,2.731714503598064e-13,0.0,3.842580149008098e-15
9,75.0,0.08,6.0,8,2,3.141592653589793,0.7853981633974483,1,1.0470909561108963,2.893931117434965e-11,0.0,4.522853497073554e-15
9,75.0,0.08,6.0,8,2,3.141592653589793,0.7853981633974483,2,1.1494841961547277,1.4066208521158072e-11,0.0,4.522853497073554e-15
9,75.0,0.08,6.0,8,2,3.141592653589793,0.7853981633974483,3,3.7527814871199627,1.9468523719149953e-12,0.0,4.522853497073554e-15
9,75.0,0.08,6.0,8,2,3.141592653589793,0.7853981633974483,4,5.379085151881147,1.0807685005353246e-12,0.0,4.522853497073554e-15
9,75.0,0.08,6.0,8,2,3.141592653589793,0.7853981633974483,5,7.9693761639402405,4.685583535300814e-13,0.0,4.522853497073554e-15
9,75.0,0.08,6.0,8,2,3.141592653589793,0.7853981633974483,6,8.298091386306183,4.3927080028823984e-13,0.0,4.522853497073554e-15
9,75.0,0.08,6.0,8,2,3.141592653589793,0.7853981633974483,7,10.753163862871224,3.5038099888096316e-13,0.0,4.522853497073554e-15
9,75.0,0.08,6.0,8,2,3.141592653589793,0.7853981633974483,8,11.484834398775668,2.479321153465554e-13,0.0,4.522853497073554e-15
9,75.0,0.08,6.0,8,3,3.141592653589793,1.1780972450961724,1,1.179548772350861,1.4274626332483185e-11,0.0,3.892131696093432e-15
9,75.0,0.08,6.0,8,3,3.141592653589793,1.1780972450961724,2,1.1851066123353116,1.8997554406281402e-11,0.0,3.892131696093432e-15
9,75.0,0.08,6.0,8,3,3.141592653589793,1.1780972450961724,3,3.4364342679896134,1.871266678789055e-12,0.0,3.892131696093432e-15
9,75.0,0.08,6.0,8,3,3.141592653589793,1.1780972450961724,4,5.082611734155988,1.327331023131934e-12,0.0,3.892131696093432e-15
9,75.0,0.08,6.0,8,3,3.141592653589793,1.1780972450961724,5,8.364642828726094,3.226162680110303e-13,0.0,3.892131696093432e-15
9,75.0,0.08,6.0,8,3,3.141592653589793,1.1780972450961724,6,8.669877092047216,5.602877511689763e-13,0.0,3.892131696093432e-15
9,75.0,0.08,6.0,8,3,3.141592653589793,1.1780972450961724,7,10.818400292582746,3.4497200382339316e-13,0.0,3.892131696093432e-15
9,75.0,0.08,6.0,8,3,3.141592653589793,1.1780972450961724,8,11.570593707281398,2.431080179209998e-13,0.0,3.892131696093432e-15
9,75.0,0.08,6.0,8,4,3.141592653589793,1.5707963267948966,1,1.2292392795379992,1.471299646770311e-11,0.0,3.591881632694426e-15
9,75.0,0.08,6.0,8,4,3.141592653589793,1.5707963267948966,2,1.3461530538929765,2.6179973273753402e-11,0.0,3.591881632694426e-15
9,75.0,0.08,6.0,8,4,3.141592653589793,1.5707963267948966,3,3.077759670925093,3.010704128545614e-12,0.0,3.591881632694426e-15
9,75.0,0.08,6.0,8,4,3.141592653589793,1.5707963267948966,4,4.7805865659847795,1.837505108999238e-12,0.0,3.591881632694426e-15
9,75.0,0.08,6.0,8,4,3.141592653589793,1.5707963267948966,5,8.80298361870231,6.093865790933142e-13,0.0,3.591881632694426e-15
9,75.0,0.08,6.0,8,4,3.141592653589793,1.5707963267948966,6,9.088326490632912,3.684843084137721e-13,0.0,3.591881632694426e-15
9,75.0,0.08,6.0,8,4,3.141592653589793,1.5707963267948966,7,10.908967236388827,3.1574772518858864e-13,0.0,3.591881632694426e-15
9,75.0,0.08,6.0,8,4,3.141592653589793,1.5707963267948966,8,11.702508867121686,3.6697611558520425e-13,0.0,3.591881632694426e-15
9,75.0,0.08,6.0,8,5,3.141592653589793,1.9634954084936207,1,1.3060864457878691,1.4400235891794466e-11,0.0,3.568815740989384e-15
9,75.0,0.08,6.0,8,5,3.141592653589793,1.9634954084936207,2,1.5108989300562106,1.6791649810603267e-11,0.0,3.568815740989384e-15
9,75.0,0.08,6.0,8,5,3.141592653589793,1.9634954084936207,3,2.7119581960328722,4.638052450256018e-12,0.0,3.568815740989384e-15
9,75.0,0.08,6.0,8,5,3.141592653589793,1.9634954084936207,4,4.5027181054373475,2.13703077660352e-12,0.0,3.568815740989384e-15
9,75.0,0.08,6.0,8,5,3.141592653589793,1.9634954084936207,5,9.250094099070806,3.4092060520864683e-13,0.0,3.568815740989384e-15
9,75.0,0.08,6.0,8,5,3.141592653589793,1.9634954084936207,6,9.494736516224632,3.3541963438261137e-13,0.0,3.568815740989384e-15
9,75.0,0.08,6.0,8,5,3.141592653589793,1.9634954084936207,7,11.0227128762528,2.6179065125044446e-13,0.0,3.568815740989384e-15
9,75.0,0.08,6.0,8,5,3.141592653589793,1.9634954084936207,8,11.896575450384459,1.6731611089235448e-13,0.0,3.568815740989384e-15
9,75.0,0.08,6.0,8,6,3.141592653589793,2.356194490192345,1,1.4191228059281824,1.0132359449957432e-11,0.0,3.906889795622448e-15
9,75.0,0.08,6.0,8,6,3.141592653589793,2.356194490192345,2,1.658337112807933,1.0072371625853478e-11,0.0,3.906889795622448e-15
9,75.0,0.08,6.0,8,6,3.141592653589793,2.356194490192345,3,2.364074493923159,4.049700506072726e-12,0.0,3.906889795622448e-15
9,75.0,0.08,6.0,8,6,3.141592653589793,2.356194490192345,4,4.273396802365146,2.356354875665033e-12,0.0,3.906889795622448e-15
9,75.0,0.08,6.0,8,6,3.141592653589793,2.356194490192345,5,9.668136724138293,3.534214821825481e-13,0.0,3.906889795622448e-15
9,75.0,0.08,6.0,8,6,3.141592653589793,2.356194490192345,6,9.831244874176122,3.3059615806166305e-13,0.0,3.906889795622448e-15
9,75.0,0.08,6.0,8,6,3.141592653589793,2.356194490192345,7,11.152392635768797,3.409200281333347e-13,0.0,3.906889795622448e-15
9,75.0,0.08,6.0,8,6,3.141592653589793,2.356194490192345,8,12.10647070558276,1.8489821908985047e-13,0.0,3.906889795622448e-15
9,75.0,0.08,6.0,8,7,3.141592653589793,2.748893571891069,1,1.577343953502177,1.3687033238956575e-11,0.0,3.859347058724359e-15
9,75.0,0.08,6.0,8,7,3.141592653589793,2.748893571891069,2,1.7637086833277227,8.993614921726568e-12,0.0,3.859347058724359e-15
9,75.0,0.08,6.0,8,7,3.141592653589793,2.748893571891069,3,2.0523357082886444,5.11745565596032e-12,0.0,3.859347058724359e-15
9,75.0,0.08,6.0,8,7,3.141592653589793,2.748893571891069,4,4.118603969929966,2.3727894273207127e-12,0.0,3.859347058724359e-15
9,75.0,0.08,6.0,8,7,3.141592653589793,2.748893571891069,5,9.993536587751652,3.3970035222079754e-13,0.0,3.859347058724359e-15
9,75.0,0.08,6.0,8,7,3.141592653589793,2.748893571891069,6,10.04942824200084,2.6915793104220854e-13,0.0,3.859347058724359e-15
9,75.0,0.08,6.0,8,7,3.141592653589793,2.748893571891069,7,11.273912738324862,2.9121432691651775e-13,0.0,3.859347058724359e-15
9,75.0,0.08,6.0,8,7,3.141592653589793,2.748893571891069,8,11.912443961303797,2.0524718652778717e-13,0.0,3.859347058724359e-15
9,75.0,0.08,6.0,8,8,3.141592653589793,3.141592653589793,1,1.7737379317787016,5.78120238792979e-12,0.0,3.979529853971301e-15
9,75.0,0.08,6.0,8,8,3.141592653589793,3.141592653589793,2,1.8025019770196016,4.125245435531335e-12,0.0,3.979529853971301e-15
9,75.0,0.08,6.0,8,8,3.141592653589793,3.141592653589793,3,1.8025085855921912,1.284515681818664e-11,0.0,3.979529853971301e-15
9,75.0,0.08,6.0,8,8,3.141592653589793,3.141592653589793,4,4.063333495751223,2.4808696254893863e-12,0.0,3.979529853971301e-15
9,75.0,0.08,6.0,8,8,3.141592653589793,3.141592653589793,5,10.123868275485302,1.8434812626869364e-13,0.0,3.979529853971301e-15
9,75.0,0.08,6.0,8,8,3.141592653589793,3.141592653589793,6,10.123880836673152,4.678229866286986e-13,0.0,3.979529853971301e-15
9,75.0,0.08,6.0,8,8,3.141592653589793,3.141592653589793,7,11.328952550755481,3.2954333588545597e-13,0.0,3.979529853971301e-15
9,75.0,0.08,6.0,8,8,3.141592653589793,3.141592653589793,8,11.836513998303799,2.5177387227560907e-13,0.0,3.979529853971301e-15
9,75.0,0.2,15.0,0,0,0.0,0.0,1,0.0,0.8745044897615104,0.0,3.2472545895721447e-15
9,75.0,0.2,15.0,0,0,0.0,0.0,2,6.829290861112104,6.616695469745079e-13,0.0,3.2472545895721447e-15
9,75.0,0.2,15.0,0,0,0.0,0.0,3,6.829290861112104,4.719012671412241e-13,0.0,3.2472545895721447e-15
9,75.0,0.2,15.0,0,0,0.0,0.0,4,9.031108750273448,7.768716115256863e-13,0.0,3.2472545895721447e-15
9,75.0,0.2,15.0,0,0,0.0,0.0,5,13.57291621741344,1.979835427883979e-13,0.0,3.2472545895721447e-15
9,75.0,0.2,15.0,0,0,0.0,0.0,6,14.85340018136196,2.437517011797392e-13,0.0,3.2472545895721447e-15
9,75.0,0.2,15.0,0,0,0.0,0.0,7,14.853400181366435,2.467682226626644e-13,0.0,3.2472545895721447e-15
9,75.0,0.2,15.0,0,0,0.0,0.0,8,17.484977682269996,1.9716460722597255e-13,0.0,3.2472545895721447e-15
9,75.0,0.2,15.0,1,0,0.39269908169872414,0.0,1,0.03248662170336778,4.1271568410358785e-08,0.0,3.541454661473162e-15
9,75.0,0.2,15.0,1,0,0.39269908169872414,0.0,2,6.631064348055972,6.655194819674931e-13,0.0,3.541454661473162e-15
9,75.0,0.2,15.0,1,0,0.39269908169872414,0.0,3,6.8521466160671745,5.926667358842487e-13,0.0,3.541454661473162e-15
9,75.0,0.2,15.0,1,0,0.39269908169872414,0.0,4,9.145577233590235,6.48596557923363e-13,0.0,3.541454661473162e-15
9,75.0,0.2,15.0,1,0,0.39269908169872414,0.0,5,13.65157082504306,2.4485851201563504e-13,0.0,3.541454661473162e-15
9,75.0,0.2,15.0,1,0,0.39269908169872414,0.0,6,14.780175983502508,1.1648510715641226e-13,0.0,3.541454661473162e-15
9,75.0,0.2,15.0,1,0,0.39269908169872414,0.0,7,14.784298081590686,2.2281852734326382e-13,0.0,3.541454661473162e-15
9,75.0,0.2,15.0,1,0,0.39269908169872414,0.0,8,17.599279733814907,1.5166277062090404e-13,0.0,3.541454661473162e-15
9,75.0,0.2,15.0,1,1,0.39269908169872414,0.39269908169872414,1,0.06889980191845223,6.938030080213939e-09,0.0,3.5177567931017265e-15
9,75.0,0.2,15.0,1,1,0.39269908169872414,0.39269908169872414,2,6.6197400616477875,6.579880609284689e-13,0.0,3.5177567931017265e-15
9,75.0,0.2,15.0,1,1,0.39269908169872414,0.39269908169872414,3,6.693205982862608,4.3824643432253743e-13,0.0,3.5177567931017265e-15
9,75.0,0.2,15.0,1,1,0.39269908169872414,0.39269908169872414,4,9.253677066701078,6.334901999625963e-13,0.0,3.5177567931017265e-15
9,75.0,0.2,15.0,1,1,0.39269908169872414,0.39269908169872414,5,13.729925353185346,2.0541602537269742e-13,0.0,3.5177567931017265e-15
9,75.0,0.2,15.0,1,1,0.39269908169872414,0.39269908169872414,6,14.552659859107091,2.0641099095837206e-13,0.0,3.5177567931017265e-15
9,75.0,0.2,15.0,1,1,0.39269908169872414,0.39269908169872414,7,14.897921264593846,1.9765467278959538e-13,0.0,3.5177567931017265e-15
9,75.0,0.2,15.0,1,1,0.39269908169872414,0.39269908169872414,8,17.685710809603698,1.7255457999786312e-13,0.0,3.5177567931017265e-15
9,75.0,0.2,15.0,2,0,0.7853981633974483,0.0,1,0.13014285295305633,2.9033221388880404e-09,0.0,3.7388371809779686e-15
9,75.0,0.2,15.0,2,0,0.7853981633974483,0.0,2,6.1417997600502945,7.218284649848829e-13,0.0,3.7388371809779686e-15
9,75.0,0.2,15.0,2,0,0.7853981633974483,0.0,3,6.918103683846978,8.320324412575401e-13,0.0,3.7388371809779686e-15
9,75.0,0.2,15.0,2,0,0.7853981633974483,0.0,4,9.391702281311794,5.814792495644864e-13,0.0,3.7388371809779686e-15
9,75.0,0.2,15.0,2,0,0.7853981633974483,0.0,5,13.851121495774454,2.2717831734807677e-13,0.0,3.7388371809779686e-15
9,75.0,0.2,15.0,2,0,0.7853981633974483,0.0,6,14.594833876875848,2.717051838083543e-13,0.0,3.7388371809779686e-15
9,75.0,0.2,15.0,2,0,0.7853981633974483,0.0,7,14.629450819475212,2.263338792784222e-13,0.0,3.7388371809779686e-15
9,75.0,0.2,15.0,2,0,0.7853981633974483,0.0,8,17.89816725022217,1.498063049383402e-13,0.0,3.7388371809779686e-15
9,75.0,0.2,15.0,2,1,0.7853981633974483,0.39269908169872414,1,0.16894141295507228,1.7797030381947106e-09,0.0,4.515469163833128e-15
9,75.0,0.2,15.0,2,1,0.7853981633974483,0.39269908169872414,2,6.165744518158473,8.299733880247976e-13,0.0,4.515469163833128e-15
9,75.0,0.2,15.0,2,1,0.7853981633974483,0.39269908169872414,3,6.733341439699062,5.624964916160153e-13,0.0,4.515469163833128e-15
9,75.0,0.2,15.0,2,1,0.7853981633974483,0.39269908169872414,4,9.48479472724125,6.445629735582131e-13,0.0,4.515469163833128e-15
9,75.0,0.2,15.0,2,1,0.7853981633974483,0.39269908169872414,5,13.925250871031452,1.8423001564021274e-13,0.0,4.515469163833128e-15
9,75.0,0.2,15.0,2,1,0.7853981633974483,0.39269908169872414,6,14.293549982084176,2.371665113923883e-13,0.0,4.515469163833128e-15
9,75.0,0.2,15.0,2,1,0.7853981633974483,0.39269908169872414,7,14.879713177726861,2.1342593042588085e-13,0.0,4.515469163833128e-15
9,75.0,0.2,15.0,2,1,0.7853981633974483,0.39269908169872414,8,17.93046238241552,1.5484103939208679e-13,0.0,4.515469163833128e-15
9,75.0,0.2,15.0,2,2,0.7853981633974483,0.7853981633974483,1,0.27555676858009576,5.106132357650031e-10,0.0,3.701519125703159e-15
9,75.0,0.2,15.0,2,2,0.7853981633974483,0.7853981633974483,2,6.177758775772261,8.990576767533567e-13,0.0,3.701519125703159e-15
9,75.0,0.2,15.0,2,2,0.7853981633974483,0.7853981633974483,3,6.325989775609594,6.90789480654462e-13,0.0,3.701519125703159e-15
9,75.0,0.2,15.0,2,2,0.7853981633974483,0.7853981633974483,4,9.675882897263373,6.464238199187077e-13,0.0,3.701519125703159e-15
9,75.0,0.2,15.0,2,2,0.7853981633974483,0.7853981633974483,5,13.972203379095182,2.4350460829338653e-13,0.0,3.701519125703159e-15
9,75.0,0.2,15.0,2,2,0.7853981633974483,0.7853981633974483,6,14.148805067736854,2.2496995016319944e-13,0.0,3.701519125703159e-15
9,75.0,0.2,15.0,2,2,0.7853981633974483,0.7853981633974483,7,15.040511604234275,2.3195860812160545e-13,0.0,3.701519125703159e-15
9,75.0,0.2,15.0,2,2,0.7853981633974483,0.7853981633974483,8,18.052428314963365,2.04525144662688e-13,0.0,3.701519125703159e-15
9,75.0,0.2,15.0,3,0,1.1780972450961724,0.0,1,0.2936412392439931,6.238991547061978e-10,0.0,4.022588316298476e-15
9,75.0,0.2,15.0,3,0,1.1780972450961724,0.0,2,5.509074698586532,8.955738884909541e-13,0.0,4.022588316298476e-15
9,75.0,0.2,15.0,3,0,1.1780972450961724,0.0,3,7.019396634308485,6.120090590608062e-13,0.0,4.022588316298476e-15
9,75.0,0.2,15.0,3,0,1.1780972450961724,0.0,4,9.645739477946309,4.964385094128926e-13,0.0,4.022588316298476e-15
9,75.0,0.2,15.0,3,0,1.1780972450961724,0.0,5,13.962952519264936,1.9329298917797895e-13,0.0,4.022588316298476e-15
9,75.0,0.2,15.0,3,0,1.1780972450961724,0.0,6,14.327427922222467,2.8698391639714447e-13,0.0,4.022588316298476e-15
9,75.0,0.2,15.0,3,0,1.1780972450961724,0.0,7,14.65829222836291,2.1027296854182553e-13,0.0,4.022588316298476e-15
9,75.0,0.2,15.0,3,0,1.1780972450961724,0.0,8,18.297727372826454,1.5566998976358586e-13,0.0,4.022588316298476e-15
9,75.0,0.2,15.0,3,1,1.1780972450961724,0.39269908169872414,1,0.3332667747338121,4.035052888172526e-10,0.0,3.7353743500645476e-15
9,75.0,0.2,15.0,3,1,1.1780972450961724,0.39269908169872414,2,5.538049366874797,9.284070318091248e-13,0.0,3.7353743500645476e-15
9,75.0,0.2,15.0,3,1,1.1780972450961724,0.39269908169872414,3,6.839674236277424,6.947762499152168e-13,0.0,3.7353743500645476e-15
9,75.0,0.2,15.0,3,1,1.1780972450961724,0.39269908169872414,4,9.714820599440907,5.917508022452212e-13,0.0,3.7353743500645476e-15
9,75.0,0.2,15.0,3,1,1.1780972450961724,0.39269908169872414,5,13.883506974971478,2.254007145855889e-13,0.0,3.7353743500645476e-15
9,75.0,0.2,15.0,3,1,1.1780972450961724,0.39269908169872414,6,14.309270728362238,2.5080941598926753e-13,0.0,3.7353743500645476e-15
9,75.0,0.2,15.0,3,1,1.1780972450961724,0.39269908169872414,7,14.837760630993298,2.268869443155431e-13,0.0,3.7353743500645476e-15
9,75.0,0.2,15.0,3,1,1.1780972450961724,0.39269908169872414,8,18.287604921419994,1.8894981511321048e-13,0.0,3.7353743500645476e-15
9,75.0,0.2,15.0,3,2,1.1780972450961724,0.7853981633974483,1,0.4443597982218445,2.416301175174688e-10,0.0,3.554606494561835e-15
9,75.0,0.2,15.0,3,2,1.1780972450961724,0.7853981633974483,2,5.621904985569986,8.450804551866865e-13,0.0,3.554606494561835e-15
9,75.0,0.2,15.0,3,2,1.1780972450961724,0.7853981633974483,3,6.381277723682778,8.683427403564684e-13,0.0,3.554606494561835e-15
9,75.0,0.2,15.0,3,2,1.1780972450961724,0.7853981633974483,4,9.83759157794896,5.297247798062561e-13,0.0,3.554606494561835e-15
9,75.0,0.2,15.0,3,2,1.1780972450961724,0.7853981633974483,5,13.716832592017495,2.706938574642962e-13,0.0,3.554606494561835e-15
9,75.0,0.2,15.0,3,2,1.1780972450961724,0.7853981633974483,6,14.439368036475408,1.536861862138431e-13,0.0,3.554606494561835e-15
9,75.0,0.2,15.0,3,2,1.1780972450961724,0.7853981633974483,7,15.110043421340077,2.3223856104688833e-13,0.0,3.554606494561835e-15
9,75.0,0.2,15.0,3,2,1.1780972450961724,0.7853981633974483,8,18.293434055789344,1.792682180354961e-13,0.0,3.554606494561835e-15
9,75.0,0.2,15.0,3,3,1.1780972450961724,1.1780972450961724,1,0.6180047185059732,1.1243338996149503e-10,0.0,3.3555928903134685e-15
9,75.0,0.2,15.0,3,3,1.1780972450961724,1.1780972450961724,2,5.709947644669473,9.782378933832366e-13,0.0,3.3555928903134685e-15
9,75.0,0.2,15.0,3,3,1.1780972450961724,1.1780972450961724,3,5.816535656269824,9.556914109349569e-13,0.0,3.3555928903134685e-15
9,75.0,0.2,15.0,3,3,1.1780972450961724,1.1780972450961724,4,9.887882852181422,5.167618000556231e-13,0.0,3.3555928903134685e-15
9,75.0,0.2,15.0,3,3,1.1780972450961724,1.1780972450961724,5,13.609211533601865,2.4706181850867303e-13,0.0,3.3555928903134685e-15
9,75.0,0.2,15.0,3,3,1.1780972450961724,1.1780972450961724,6,14.679638980257678,1.336632572915644e-13,0.0,3.3555928903134685e-15
9,75.0,0.2,15.0,3,3,1.1780972450961724,1.1780972450961724,7,15.33547173105626,2.0771898102963418e-13,0.0,3.3555928903134685e-15
9,75.0,0.2,15.0,3,3,1.1780972450961724,1.1780972450961724,8,18.387358590541158,1.9141599663059188e-13,0.0,3.3555928903134685e-15
9,75.0,0.2,15.0,4,0,1.5707963267948966,0.0,1,0.524331558264621,1.6652784688063248e-10,0.0,4.507406562050538e-15
9,75.0,0.2,15.0,4,0,1.5707963267948966,0.0,2,4.816108586386328,1.0373770959093337e-12,0.0,4.507406562050538e-15
9,75.0,0.2,15.0,4,0,1.5707963267948966,0.0,3,7.1433237153988784,5.453720709800219e-13,0.0,4.507406562050538e-15
9,75.0,0.2,15.0,4,0,1.5707963267948966,0.0,4,9.85953855621387,3.7083425072950355e-13,0.0,4.507406562050538e-15
9,75.0,0.2,15.0,4,0,1.5707963267948966,0.0,5,13.807635779552479,2.067881232770169e-13,0.0,4.507406562050538e-15
9,75.0,0.2,15.0,4,0,1.5707963267948966,0.0,6,14.02999397062145,2.8169060918246703e-13,0.0,4.507406562050538e-15
9,75.0,0.2,15.0,4,0,1.5707963267948966,0.0,7,15.061917014224813,2.1536795935016664e-13,0.0,4.507406562050538e-15
9,75.0,0.2,15.0,4,0,1.5707963267948966,0.0,8,18.72126478839295,1.3664697898270165e-13,0.0,4.507406562050538e-15
9,75.0,0.2,15.0,4,1,1.5707963267948966,0.39269908169872414,1,0.5643743745924223,1.3740514092852632e-10,0.0,3.78211268080281e-15
9,75.0,0.2,15.0,4,1,1.5707963267948966,0.39269908169872414,2,4.8477314576327935,1.0581929570215e-12,0.0,3.78211268080281e-15
9,75.0,0.2,15.0,4,1,1.5707963267948966,0.39269908169872414,3,6.972276437952948,9.037891203148681e-13,0.0,3.78211268080281e-15
9,75.0,0.2,15.0,4,1,1.5707963267948966,0.39269908169872414,4,9.891362671053182,4.840580176904807e-13,0.0,3.78211268080281e-15
9,75.0,0.2,15.0,4,1,1.5707963267948966,0.39269908169872414,5,13.643892631663002,3.066313802612671e-13,0.0,3.78211268080281e-15
9,75.0,0.2,15.0,4,1,1.5707963267948966,0.39269908169872414,6,14.266175932307075,2.5312723138562694e-13,0.0,3.78211268080281e-15
9,75.0,0.2,15.0,4,1,1.5707963267948966,0.39269908169872414,7,15.126202559276116,2.2501879679386933e-13,0.0,3.78211268080281e-15
9,75.0,0.2,15.0,4,1,1.5707963267948966,0.39269908169872414,8,18.690462996808122,1.309418010348812e-13,0.0,3.78211268080281e-15
9,75.0,0.2,15.0,4,2,1.5707963267948966,0.7853981633974483,1,0.677635582544244,9.194275721589408e-11,0.0,4.274500723529446e-15
9,75.0,0.2,15.0,4,2,1.5707963267948966,0.7853981633974483,2,4.94019719205387,1.5175817924919052e-12,0.0,4.274500723529446e-15
9,75.0,0.2,15.0,4,2,1.5707963267948966,0.7853981633974483,3,6.529251820426414,8.140597850068946e-13,0.0,4.274500723529446e-15
9,75.0,0.2,15.0,4,2,1.5707963267948966,0.7853981633974483,4,9.912020872133795,5.169528678412221e-13,0.0,4.274500723529446e-15
9,75.0,0.2,15.0,4,2,1.5707963267948966,0.7853981633974483,5,13.542974324118687,2.5577579860157155e-13,0.0,4.274500723529446e-15
9,75.0,0.2,15.0,4,2,1.5707963267948966,0.7853981633974483,6,14.58498396495032,2.04223287156133e-13,0.0,4.274500723529446e-15
9,75.0,0.2,15.0,4,2,1.5707963267948966,0.7853981633974483,7,15.31210145618829,2.2212462988008234e-13,0.0,4.274500723529446e-15
9,75.0,0.2,15.0,4,2,1.5707963267948966,0.7853981633974483,8,18.628286635381038,2.0425120162678063e-13,0.0,4.274500723529446e-15
9,75.0,0.2,15.0,4,3,1.5707963267948966,1.1780972450961724,1,0.8534341666806269,5.003105968208862e-11,0.0,3.790013515166325e-15
9,75.0,0.2,15.0,4,3,1.5707963267948966,1.1780972450961724,2,5.0860755273017215,1.2649731864329522e-12,0.0,3.790013515166325e-15
9,75.0,0.2,15.0,4,3,1.5707963267948966,1.1780972450961724,3,5.933800917514506,8.298179082805117e-13,0.0,3.790013515166325e-15
9,75.0,0.2,15.0,4,3,1.5707963267948966,1.1780972450961724,4,9.820026066134336,5.772891874463291e-13,0.0,3.790013515166325e-15
9,75.0,0.2,15.0,4,3,1.5707963267948966,1.1780972450961724,5,13.603694790741056,2.1957353839890575e-13,0.0,3.790013515166325e-15
9,75.0,0.2,15.0,4,3,1.5707963267948966,1.1780972450961724,6,14.876302281479965,1.3149810722869758e-13,0.0,3.790013515166325e-15
9,75.0,0.2,15.0,4,3,1.5707963267948966,1.1780972450961724,7,15.581793886413172,2.295641624646729e-13,0.0,3.790013515166325e-15
9,75.0,0.2,15.0,4,3,1.5707963267948966,1.1780972450961724,8,18.604903127664187,1.4745506372033446e-13,0.0,3.790013515166325e-15
9,75.0,0.2,15.0,4,4,1.5707963267948966,1.5707963267948966,1,1.087772725294125,3.527168733943062e-11,0.0,4.0719420462691944e-15
9,75.0,0.2,15.0,4,4,1.5707963267948966,1.5707963267948966,2,5.25304512539632,8.059293465722575e-13,0.0,4.0719420462691944e-15
9,75.0,0.2,15.0,4,4,1.5707963267948966,1.5707963267948966,3,5.289676777997571,1.2304502697065524e-12,0.0,4.0719420462691944e-15
9,75.0,0.2,15.0,4,4,1.5707963267948966,1.5707963267948966,4,9.60793289057409,5.631303769419356e-13,0.0,4.0719420462691944e-15
9,75.0,0.2,15.0,4,4,1.5707963267948966,1.5707963267948966,5,13.784589666492378,2.590835309043463e-13,0.0,4.0719420462691944e-15
9,75.0,0.2,15.0,4,4,1.5707963267948966,1.5707963267948966,6,15.106153693453503,1.4011583848593836e-13,0.0,4.0719420462691944e-15
9,75.0,0.2,15.0,4,4,1.5707963267948966,1.5707963267948966,7,15.897724676579715,1.9463457569600732e-13,0.0,4.0719420462691944e-15
9,75.0,0.2,15.0,4,4,1.5707963267948966,1.5707963267948966,8,18.687203922789426,1.8244023710375604e-13,0.0,4.0719420462691944e-15
9,75.0,0.2,15.0,5,0,1.9634954084936207,0.0,1,0.8243747488477732,6.681004323943604e-11,0.0,3.765804956550664e-15
9,75.0,0.2,15.0,5,0,1.9634954084936207,0.0,2,4.108977552242395,1.986077949425809e-12,0.0,3.765804956550664e-15
9,75.0,0.2,15.0,5,0,1.9634954084936207,0.0,3,7.272773045113741,7.568105155139614e-13,0.0,3.765804956550664e-15
9,75.0,0.2,15.0,5,0,1.9634954084936207,0.0,4,10.024590150390319,4.824933194037678e-13,0.0,3.765804956550664e-15
9,75.0,0.2,15.0,5,0,1.9634954084936207,0.0,5,13.592258196547968,1.6482010186096314e-13,0.0,3.765804956550664e-15
9,75.0,0.2,15.0,5,0,1.9634954084936207,0.0,6,13.745822095226774,2.853973943620938e-13,0.0,3.765804956550664e-15
9,75.0,0.2,15.0,5,0,1.9634954084936207,0.0,7,15.61867349936754,2.002111130264729e-13,0.0,3.765804956550664e-15
9,75.0,0.2,15.0,5,0,1.9634954084936207,0.0,8,19.091086293979295,1.2084332202584989e-13,0.0,3.765804956550664e-15
9,75.0,0.2,15.0,5,1,1.9634954084936207,0.39269908169872414,1,0.86480221416552,4.967973095381699e-11,0.0,3.287213726713115e-15
9,75.0,0.2,15.0,5,1,1.9634954084936207,0.39269908169872414,2,4.142302791725386,1.458716636775508e-12,0.0,3.287213726713115e-15
9,75.0,0.2,15.0,5,1,1.9634954084936207,0.39269908169872414,3,7.112882610374276,6.98843906360433e-13,0.0,3.287213726713115e-15
9,75.0,0.2,15.0,5,1,1.9634954084936207,0.39269908169872414,4,10.005474964691283,3.8620851104166097e-13,0.0,3.287213726713115e-15
9,75.0,0.2,15.0,5,1,1.9634954084936207,0.39269908169872414,5,13.452068560207174,2.0458189350980428e-13,0.0,3.287213726713115e-15
9,75.0,0.2,15.0,5,1,1.9634954084936207,0.39269908169872414,6,14.03813640657766,2.309385307532913e-13,0.0,3.287213726713115e-15
9,75.0,0.2,15.0,5,1,1.9634954084936207,0.39269908169872414,7,15.658204892345063,1.996688970283278e-13,0.0,3.287213726713115e-15
9,75.0,0.2,15.0,5,1,1.9634954084936207,0.39269908169872414,8,19.059277952254757,1.6179520927410826e-13,0.0,3.287213726713115e-15
9,75.0,0.2,15.0,5,2,1.9634954084936207,0.7853981633974483,1,0.9789646785332938,4.1025886073869125e-11,0.0,3.624797352201539e-15
9,75.0,0.2,15.0,5,2,1.9634954084936207,0.7853981633974483,2,4.239918398922228,1.964857162500928e-12,0.0,3.624797352201539e-15
9,75.0,0.2,15.0,5,2,1.9634954084936207,0.7853981633974483,3,6.69248321759388,7.2562473174754e-13,0.0,3.624797352201539e-15
9,75.0,0.2,15.0,5,2,1.9634954084936207,0.7853981633974483,4,9.899550636822172,5.298918809208175e-13,0.0,3.624797352201539e-15
9,75.0,0.2,15.0,5,2,1.9634954084936207,0.7853981633974483,5,13.469157173563039,2.300350301314946e-13,0.0,3.624797352201539e-15
9,75.0,0.2,15.0,5,2,1.9634954084936207,0.7853981633974483,6,14.456935575812857,1.7702652249200998e-13,0.0,3.624797352201539e-15
9,75.0,0.2,15.0,5,2,1.9634954084936207,0.7853981633974483,7,15.779682607944217,1.9082463587285876e-13,0.0,3.624797352201539e-15
9,75.0,0.2,15.0,5,2,1.9634954084936207,0.7853981633974483,8,18.981894882439995,1.3900925168730487e-13,0.0,3.624797352201539e-15
9,75.0,0.2,15.0,5,3,1.9634954084936207,1.1780972450961724,1,1.1539480390168926,4.099870399330614e-11,0.0,3.718774586953915e-15
9,75.0,0.2,15.0,5,3,1.9634954084936207,1.1780972450961724,2,4.394099787563774,1.4999550658611866e-12,0.0,3.718774586953915e-15
9,75.0,0.2,15.0,5,3,1.9634954084936207,1.1780972450961724,3,6.119875798543156,9.364170738298188e-13,0.0,3.718774586953915e-15
9,75.0,0.2,15.0,5,3,1.9634954084936207,1.1780972450961724,4,9.663389868254992,5.603570242212709e-13,0.0,3.718774586953915e-15
9,75.0,0.2,15.0,5,3,1.9634954084936207,1.1780972450961724,5,13.687671642436042,2.3330886253270175e-13,0.0,3.718774586953915e-15
9,75.0,0.2,15.0,5,3,1.9634954084936207,1.1780972450961724,6,14.866589300702321,1.636082327089508e-13,0.0,3.718774586953915e-15
9,75.0,0.2,15.0,5,3,1.9634954084936207,1.1780972450961724,7,15.988333898248609,2.026357228999505e-13,0.0,3.718774586953915e-15
9,75.0,0.2,15.0,5,3,1.9634954084936207,1.1780972450961724,8,18.90585716118313,1.891326999392708e-13,0.0,3.718774586953915e-15
9,75.0,0.2,15.0,5,4,1.9634954084936207,1.5707963267948966,1,1.382532405125971,2.2032811535785938e-11,0.0,3.623993554516311e-15
9,75.0,0.2,15.0,5,4,1.9634954084936207,1.5707963267948966,2,4.588543623978593,1.870518042499724e-12,0.0,3.623993554516311e-15
9,75.0,0.2,15.0,5,4,1.9634954084936207,1.5707963267948966,3,5.481004333681517,9.999386321266522e-13,0.0,3.623993554516311e-15
9,75.0,0.2,15.0,5,4,1.9634954084936207,1.5707963267948966,4,9.332828944233807,7.130439208441351e-13,0.0,3.623993554516311e-15
9,75.0,0.2,15.0,5,4,1.9634954084936207,1.5707963267948966,5,14.020438954780756,2.855744145217554e-13,0.0,3.623993554516311e-15
9,75.0,0.2,15.0,5,4,1.9634954084936207,1.5707963267948966,6,15.202666162524508,1.5170119328275986e-13,0.0,3.623993554516311e-15
9,75.0,0.2,15.0,5,4,1.9634954084936207,1.5707963267948966,7,16.281192538326806,2.1174382941566805e-13,0.0,3.623993554516311e-15
9,75.0,0.2,15.0,5,4,1.9634954084936207,1.5707963267948966,8,18.89055494684342,1.8090999331706956e-13,0.0,3.623993554516311e-15
9,75.0,0.2,15.0,5,5,1.9634954084936207,1.9634954084936207,1,1.6648731995613322,1.5906212506095824e-11,0.0,3.803608361507581e-15
9,75.0,0.2,15.0,5,5,1.9634954084936207,1.9634954084936207,2,4.709289594233225,1.0443932487627592e-12,0.0,3.803608361507581e-15
9,75.0,0.2,15.0,5,5,1.9634954084936207,1.9634954084936207,3,4.922433465265146,1.312514121397624e-12,0.0,3.803608361507581e-15
9,75.0,0.2,15.0,5,5,1.9634954084936207,1.9634954084936207,4,8.973062794653098,6.869070293633724e-13,0.0,3.803608361507581e-15
9,75.0,0.2,15.0,5,5,1.9634954084936207,1.9634954084936207,5,14.37803710104038,2.9659632364149213e-13,0.0,3.803608361507581e-15
9,75.0,0.2,15.0,5,5,1.9634954084936207,1.9634954084936207,6,15.416513042119423,1.5695466013384824e-13,0.0,3.803608361507581e-15
9,75.0,0.2,15.0,5,5,1.9634954084936207,1.9634954084936207,7,16.64134363942313,1.3164345655498992e-13,0.0,3.803608361507581e-15
9,75.0,0.2,15.0,5,5,1.9634954084936207,1.9634954084936207,8,18.9823534263315,1.562422347032879e-13,0.0,3.803608361507581e-15
9,75.0,0.2,15.0,6,0,2.356194490192345,0.0,1,1.1963709716204787,3.168507793944849e-11,0.0,4.8135819882735275e-15
9,75.0,0.2,15.0,6,0,2.356194490192345,0.0,2,3.418848165736501,1.973612900474836e-12,0.0,4.8135819882735275e-15
9,75.0,0.2,15.0,6,0,2.356194490192345,0.0,3,7.387523748804904,6.655344078300701e-13,0.0,4.8135819882735275e-15
9,75.0,0.2,15.0,6,0,2.356194490192345,0.0,4,10.142484659357903,3.867174005781928e-13,0.0,4.8135819882735275e-15
9,75.0,0.2,15.0,6,0,2.356194490192345,0.0,5,13.40939646723259,2.7010507945850333e-13,0.0,4.8135819882735275e-15
9,75.0,0.2,15.0,6,0,2.356194490192345,0.0,6,13.511696733582038,3.2298860780466826e-13,0.0,4.8135819882735275e-15
9,75.0,0.2,15.0,6,0,2.356194490192345,0.0,7,16.196816279465846,1.707477033745107e-13,0.0,4.8135819882735275e-15
9,75.0,0.2,15.0,6,0,2.356194490192345,0.0,8,19.304473827091392,1.0971946942090404e-13,0.0,4.8135819882735275e-15
9,75.0,0.2,15.0,6,1,2.356194490192345,0.39269908169872414,1,1.2373633768493717,3.290217034353527e-11,0.0,4.34164547247353e-15
9,75.0,0.2,15.0,6,1,2.356194490192345,0.39269908169872414,2,3.4532184597587965,2.6651551797536248e-12,0.0,4.34164547247353e-15
9,75.0,0.2,15.0,6,1,2.356194490192345,0.39269908169872414,3,7.2395724121849705,6.785232018691927e-13,0.0,4.34164547247353e-15
9,75.0,0.2,15.0,6,1,2.356194490192345,0.39269908169872414,4,10.066194955225226,4.140169859710498e-13,0.0,4.34164547247353e-15
9,75.0,0.2,15.0,6,1,2.356194490192345,0.39269908169872414,5,13.344031659880919,1.785917892263131e-13,0.0,4.34164547247353e-15
9,75.0,0.2,15.0,6,1,2.356194490192345,0.39269908169872414,6,13.791449975769142,2.5045154476379167e-13,0.0,4.34164547247353e-15
9,75.0,0.2,15.0,6,1,2.356194490192345,0.39269908169872414,7,16.22694174192144,1.7392729857234799e-13,0.0,4.34164547247353e-15
9,75.0,0.2,15.0,6,1,2.356194490192345,0.39269908169872414,8,19.288703004940977,1.3190386339225546e-13,0.0,4.34164547247353e-15
9,75.0,0.2,15.0,6,2,2.356194490192345,0.7853981633974483,1,1.351849652341021,2.3374434609081942e-11,0.0,3.577008968470931e-15
9,75.0,0.2,15.0,6,2,2.356194490192345,0.7853981633974483,2,3.5547407000007385,2.0605173241062663e-12,0.0,3.577008968470931e-15
9,75.0,0.2,15.0,6,2,2.356194490192345,0.7853981633974483,3,6.8443463939458535,8.797229195520796e-13,0.0,3.577008968470931e-15
9,75.0,0.2,15.0,6,2,2.356194490192345,0.7853981633974483,4,9.83484082144977,6.607115836537919e-13,0.0,3.577008968470931e-15
9,75.0,0.2,15.0,6,2,2.356194490192345,0.7853981633974483,5,13.49243208887052,1.9899822705318415e-13,0.0,3.577008968470931e-15
9,75.0,0.2,15.0,6,2,2.356194490192345,0.7853981633974483,6,14.233458964821422,2.03853906217041e-13,0.0,3.577008968470931e-15
9,75.0,0.2,15.0,6,2,2.356194490192345,0.7853981633974483,7,16.319611537145505,1.7073075156826765e-13,0.0,3.577008968470931e-15
9,75.0,0.2,15.0,6,2,2.356194490192345,0.7853981633974483,8,19.24589447179275,1.5806073524775638e-13,0.0,3.577008968470931e-15
9,75.0,0.2,15.0,6,3,2.356194490192345,1.1780972450961724,1,1.523228733021849,1.554403317094236e-11,0.0,4.017079289318663e-15
9,75.0,0.2,15.0,6,3,2.356194490192345,1.1780972450961724,2,3.717249798883464,2.1438443312110843e-12,0.0,4.017079289318663e-15
9,75.0,0.2,15.0,6,3,2.356194490192345,1.1780972450961724,3,6.297172135220383,7.384487046675382e-13,0.0,4.017079289318663e-15
9,75.0,0.2,15.0,6,3,2.356194490192345,1.1780972450961724,4,9.47936704287858,5.73228620654654e-13,0.0,4.017079289318663e-15
9,75.0,0.2,15.0,6,3,2.356194490192345,1.1780972450961724,5,13.835977480859318,2.5220183082438096e-13,0.0,4.017079289318663e-15
9,75.0,0.2,15.0,6,3,2.356194490192345,1.1780972450961724,6,14.70966358178499,1.967844940057624e-13,0.0,4.017079289318663e-15
9,75.0,0.2,15.0,6,3,2.356194490192345,1.1780972450961724,7,16.481462067884372,1.7650041586818877e-13,0.0,4.017079289318663e-15
9,75.0,0.2,15.0,6,3,2.356194490192345,1.1780972450961724,8,19.19188929396013,1.57757412958882e-13,0.0,4.017079289318663e-15
9,75.0,0.2,15.0,6,4,2.356194490192345,1.5707963267948966,1,1.7406585156267842,1.259414634687813e-11,0.0,3.914220119418757e-15
9,75.0,0.2,15.0,6,4,2.356194490192345,1.5707963267948966,2,3.926498390577596,2.448067393627099e-12,0.0,3.914220119418757e-15
9,75.0,0.2,15.0,6,4,2.356194490192345,1.5707963267948966,3,5.679635568334,1.4790035485538315e-12,0.0,3.914220119418757e-15
9,75.0,0.2,15.0,6,4,2.356194490192345,1.5707963267948966,4,9.063066098009653,7.301393137873367e-13,0.0,3.914220119418757e-15
9,75.0,0.2,15.0,6,4,2.356194490192345,1.5707963267948966,5,14.270991475165822,2.519516344851063e-13,0.0,3.914220119418757e-15
9,75.0,0.2,15.0,6,4,2.356194490192345,1.5707963267948966,6,15.14631922878557,1.4298019862692045e-13,0.0,3.914220119418757e-15
9,75.0,0.2,15.0,6,4,2.356194490192345,1.5707963267948966,7,16.720643389139056,1.957962286200771e-13,0.0,3.914220119418757e-15
9,75.0,0.2,15.0,6,4,2.356194490192345,1.5707963267948966,8,19.156912518310914,1.7122239760577767e-13,0.0,3.914220119418757e-15
9,75.0,0.2,15.0,6,5,2.356194490192345,1.9634954084936207,1,2.003109583030495,1.151863485004017e-11,0.0,4.115427172733477e-15
9,75.0,0.2,15.0,6,5,2.356194490192345,1.9634954084936207,2,4.152656885072673,1.6302794298511946e-12,0.0,4.115427172733477e-15
9,75.0,0.2,15.0,6,5,2.356194490192345,1.9634954084936207,3,5.05457197807548,1.6215148808708054e-12,0.0,4.115427172733477e-15
9,75.0,0.2,15.0,6,5,2.356194490192345,1.9634954084936207,4,8.645990948785041,9.420759576004675e-13,0.0,4.115427172733477e-15
9,75.0,0.2,15.0,6,5,2.356194490192345,1.9634954084936207,5,14.709374904714526,2.0151213246116184e-13,0.0,4.115427172733477e-15
9,75.0,0.2,15.0,6,5,2.356194490192345,1.9634954084936207,6,15.481309273950643,2.0092637338120563e-13,0.0,4.115427172733477e-15
9,75.0,0.2,15.0,6,5,2.356194490192345,1.9634954084936207,7,17.03550609734362,1.4246590018356294e-13,0.0,4.115427172733477e-15
9,75.0,0.2,15.0,6,5,2.356194490192345,1.9634954084936207,8,19.180680513063944,1.7782526533944652e-13,0.0,4.115427172733477e-15
9,75.0,0.2,15.0,6,6,2.356194490192345,2.356194490192345,1,2.3134795260636527,6.653621716803306e-12,0.0,4.112820931565974e-15
9,75.0,0.2,15.0,6,6,2.356194490192345,2.356194490192345,2,4.250951114362766,2.292893153110941e-12,0.0,4.112820931565974e-15
9,75.0,0.2,15.0,6,6,2.356194490192345,2.356194490192345,3,4.573408548828657,2.156851673130465e-12,0.0,4.112820931565974e-15
9,75.0,0.2,15.0,6,6,2.356194490192345,2.356194490192345,4,8.28135973821578,7.582314001392163e-13,0.0,4.112820931565974e-15
9,75.0,0.2,15.0,6,6,2.356194490192345,2.356194490192345,5,15.094477493793251,2.5848861356549335e-13,0.0,4.112820931565974e-15
9,75.0,0.2,15.0,6,6,2.356194490192345,2.356194490192345,6,15.672674709555553,1.2401596303116764e-13,0.0,4.112820931565974e-15
9,75.0,0.2,15.0,6,6,2.356194490192345,2.356194490192345,7,17.393523454225488,1.2950519958336974e-13,0.0,4.112820931565974e-15
9,75.0,0.2,15.0,6,6,2.356194490192345,2.356194490192345,8,19.294875980506415,1.5850753284003184e-13,0.0,4.112820931565974e-15
9,75.0,0.2,15.0,7,0,2.748893571891069,0.0,1,1.641165057330941,1.7272131523612913e-11,0.0,4.0835356972196685e-15
9,75.0,0.2,15.0,7,0,2.748893571891069,0.0,2,2.7710535968198515,2.3737629369160196e-12,0.0,4.0835356972196685e-15
9,75.0,0.2,15.0,7,0,2.748893571891069,0.0,3,7.467108002278468,6.416636370171945e-13,0.0,4.0835356972196685e-15
9,75.0,0.2,15.0,7,0,2.748893571891069,0.0,4,10.2140275157652,5.128083106330407e-13,0.0,4.0835356972196685e-15
9,75.0,0.2,15.0,7,0,2.748893571891069,0.0,5,13.28971233643006,1.8899585296574563e-13,0.0,4.0835356972196685e-15
9,75.0,0.2,15.0,7,0,2.748893571891069,0.0,6,13.357523216054943,3.504557137085143e-13,0.0,4.0835356972196685e-15
9,75.0,0.2,15.0,7,0,2.748893571891069,0.0,7,16.68107948092554,1.993310642357372e-13,0.0,4.0835356972196685e-15
9,75.0,0.2,15.0,7,0,2.748893571891069,0.0,8,19.289289723402135,1.2857729037050928e-13,0.0,4.0835356972196685e-15
9,75.0,0.2,15.0,7,1,2.748893571891069,0.39269908169872414,1,1.6836665032766454,1.4436339709652581e-11,0.0,4.049973464598153e-15
9,75.0,0.2,15.0,7,1,2.748893571891069,0.39269908169872414,2,2.8050249747129916,3.268583381689885e-12,0.0,4.049973464598153e-15
9,75.0,0.2,15.0,7,1,2.748893571891069,0.39269908169872414,3,7.328797266295423,7.182419629829411e-13,0.0,4.049973464598153e-15
9,75.0,0.2,15.0,7,1,2.748893571891069,0.39269908169872414,4,10.090582298781525,4.87853178933452e-13,0.0,4.049973464598153e-15
9,75.0,0.2,15.0,7,1,2.748893571891069,0.39269908169872414,5,13.329214986698627,1.7214906038739593e-13,0.0,4.049973464598153e-15
9,75.0,0.2,15.0,7,1,2.748893571891069,0.39269908169872414,6,13.578058669855317,2.3171007166266997e-13,0.0,4.049973464598153e-15
9,75.0,0.2,15.0,7,1,2.748893571891069,0.39269908169872414,7,16.705593327404813,1.5420390266413478e-13,0.0,4.049973464598153e-15
9,75.0,0.2,15.0,7,1,2.748893571891069,0.39269908169872414,8,19.295681369004487,9.959676205505898e-14,0.0,4.049973464598153e-15
9,75.0,0.2,15.0,7,2,2.748893571891069,0.7853981633974483,1,1.798773086518115,1.2183733260689032e-11,0.0,4.685443582519334e-15
9,75.0,0.2,15.0,7,2,2.748893571891069,0.7853981633974483,2,2.9087024630567657,4.2183105959473925e-12,0.0,4.685443582519334e-15
9,75.0,0.2,15.0,7,2,2.748893571891069,0.7853981633974483,3,6.9545978301309725,1.0101063869452162e-12,0.0,4.685443582519334e-15
9,75.0,0.2,15.0,7,2,2.748893571891069,0.7853981633974483,4,9.766707975159001,5.815280947959572e-13,0.0,4.685443582519334e-15
9,75.0,0.2,15.0,7,2,2.748893571891069,0.7853981633974483,5,13.59629726738498,2.514307069781008e-13,0.0,4.685443582519334e-15
9,75.0,0.2,15.0,7,2,2.748893571891069,0.7853981633974483,6,13.999139366110102,2.2142159930640784e-13,0.0,4.685443582519334e-15
9,75.0,0.2,15.0,7,2,2.748893571891069,0.7853981633974483,7,16.78086527139858,1.7965992228165928e-13,0.0,4.685443582519334e-15
9,75.0,0.2,15.0,7,2,2.748893571891069,0.7853981633974483,8,19.31428621168086,1.288250602071105e-13,0.0,4.685443582519334e-15
9,75.0,0.2,15.0,7,3,2.748893571891069,1.1780972450961724,1,1.9616867060282273,1.0552063704727092e-11,0.0,3.839074023477102e-15
9,75.0,0.2,15.0,7,3,2.748893571891069,1.1780972450961724,2,3.082587988057746,3.059195715386868e-12,0.0,3.839074023477102e-15
9,75.0,0.2,15.0,7,3,2.748893571891069,1.1780972450961724,3,6.428959889025406,1.1222819947960546e-12,0.0,3.839074023477102e-15
9,75.0,0.2,15.0,7,3,2.748893571891069,1.1780972450961724,4,9.332752136161437,7.44928336192515e-13,0.0,3.839074023477102e-15
9,75.0,0.2,15.0,7,3,2.748893571891069,1.1780972450961724,5,14.02575652958514,2.3344219185193353e-13,0.0,3.839074023477102e-15
9,75.0,0.2,15.0,7,3,2.748893571891069,1.1780972450961724,6,14.495984922320952,1.7467219874205777e-13,0.0,3.839074023477102e-15
9,75.0,0.2,15.0,7,3,2.748893571891069,1.1780972450961724,7,16.91244060561755,1.8476780216641864e-13,0.0,3.839074023477102e-15
9,75.0,0.2,15.0,7,3,2.748893571891069,1.1780972450961724,8,19.343645043544598,1.5627795726336006e-13,0.0,3.839074023477102e-15
9,75.0,0.2,15.0,7,4,2.748893571891069,1.5707963267948966,1,2.157054433316147,8.606064876122412e-12,0.0,4.208191003391612e-15
9,75.0,0.2,15.0,7,4,2.748893571891069,1.5707963267948966,2,3.3157321588859023,2.9576485232003547e-12,0.0,4.208191003391612e-15
9,75.0,0.2,15.0,7,4,2.748893571891069,1.5707963267948966,3,5.829169830538889,1.2953051998523664e-12,0.0,4.208191003391612e-15
9,75.0,0.2,15.0,7,4,2.748893571891069,1.5707963267948966,4,8.863260281395737,7.835478162111911e-13,0.0,4.208191003391612e-15
9,75.0,0.2,15.0,7,4,2.748893571891069,1.5707963267948966,5,14.518333610131382,2.295266768109024e-13,0.0,4.208191003391612e-15
9,75.0,0.2,15.0,7,4,2.748893571891069,1.5707963267948966,6,14.988990147300168,2.0719904845732015e-13,0.0,4.208191003391612e-15
9,75.0,0.2,15.0,7,4,2.748893571891069,1.5707963267948966,7,17.109714910690766,1.879314573100303e-13,0.0,4.208191003391612e-15
9,75.0,0.2,15.0,7,4,2.748893571891069,1.5707963267948966,8,19.382535226099083,1.2802813641261817e-13,0.0,4.208191003391612e-15
9,75.0,0.2,15.0,7,5,2.748893571891069,1.9634954084936207,1,2.386731872013832,6.283987004962428e-12,0.0,3.8327232799984884e-15
9,75.0,0.2,15.0,7,5,2.748893571891069,1.9634954084936207,2,3.579917451989924,2.630624500428162e-12,0.0,3.8327232799984884e-15
9,75.0,0.2,15.0,7,5,2.748893571891069,1.9634954084936207,3,5.212687262495075,1.5072630015019832e-12,0.0,3.8327232799984884e-15
9,75.0,0.2,15.0,7,5,2.748893571891069,1.9634954084936207,4,8.41151866222583,1.0274296679882765e-12,0.0,3.8327232799984884e-15
9,75.0,0.2,15.0,7,5,2.748893571891069,1.9634954084936207,5,14.995171979497547,2.4347028573718137e-13,0.0,3.8327232799984884e-15
9,75.0,0.2,15.0,7,5,2.748893571891069,1.9634954084936207,6,15.411840398639136,1.2241808413368634e-13,0.0,3.8327232799984884e-15
9,75.0,0.2,15.0,7,5,2.748893571891069,1.9634954084936207,7,17.380483885221246,1.5897070863403238e-13,0.0,3.8327232799984884e-15
9,75.0,0.2,15.0,7,5,2.748893571891069,1.9634954084936207,8,19.433244185525254,1.4846926748035036e-13,0.0,3.8327232799984884e-15
9,75.0,0.2,15.0,7,6,2.748893571891069,2.356194490192345,1,2.660290987255444,5.634342972325159e-12,0.0,3.3076980539894527e-15
9,75.0,0.2,15.0,7,6,2.748893571891069,2.356194490192345,2,3.8283408421372624,1.899533195128999e-12,0.0,3.3076980539894527e-15
9,75.0,0.2,15.0,7,6,2.748893571891069,2.356194490192345,3,4.626996975106214,1.918440373362249e-12,0.0,3.3076980539894527e-15
9,75.0,0.2,15.0,7,6,2.748893571891069,2.356194490192345,4,8.024725265461731,8.665410610400283e-13,0.0,3.3076980539894527e-15
9,75.0,0.2,15.0,7,6,2.748893571891069,2.356194490192345,5,15.39783358684608,2.4039744011703265e-13,0.0,3.3076980539894527e-15
9,75.0,0.2,15.0,7,6,2.748893571891069,2.356194490192345,6,15.710812201891615,1.2597258748145338e-13,0.0,3.3076980539894527e-15
9,75.0,0.2,15.0,7,6,2.748893571891069,2.356194490192345,7,17.70903365981752,1.4244678405178493e-13,0.0,3.3076980539894527e-15
9,75.0,0.2,15.0,7,6,2.748893571891069,2.356194490192345,8,19.509094147898576,1.5910827585430736e-13,0.0,3.3076980539894527e-15
9,75.0,0.2,15.0,7,7,2.748893571891069,2.748893571891069,1,2.9736985546367083,4.375321337016363e-12,0.0,3.981049140525521e-15
9,75.0,0.2,15.0,7,7,2.748893571891069,2.748893571891069,2,3.9406359093366023,1.0743908639356347e-12,0.0,3.981049140525521e-15
9,75.0,0.2,15.0,7,7,2.748893571891069,2.748893571891069,3,4.183796928719278,2.708098168633621e-12,0.0,3.981049140525521e-15
9,75.0,0.2,15.0,7,7,2.748893571891069,2.748893571891069,4,7.755521128878493,9.304603275959295e-13,0.0,3.981049140525521e-15
9,75.0,0.2,15.0,7,7,2.748893571891069,2.748893571891069,5,15.688126768103777,2.4933094628573524e-13,0.0,3.981049140525521e-15
9,75.0,0.2,15.0,7,7,2.748893571891069,2.748893571891069,6,15.856582181643434,1.204338867419361e-13,0.0,3.981049140525521e-15
9,75.0,0.2,15.0,7,7,2.748893571891069,2.748893571891069,7,18.016656386623332,1.1608805670751017e-13,0.0,3.981049140525521e-15
9,75.0,0.2,15.0,7,7,2.748893571891069,2.748893571891069,8,19.64683990762598,1.777623951365458e-13,0.0,3.981049140525521e-15
9,75.0,0.2,15.0,8,0,3.141592653589793,0.0,1,2.0833502524547294,1.1888203584013102e-11,0.0,4.4859807378675364e-15
9,75.0,0.2,15.0,8,0,3.141592653589793,0.0,2,2.2590359258957515,5.795588242512474e-12,0.0,4.4859807378675364e-15
9,75.0,0.2,15.0,8,0,3.141592653589793,0.0,3,7.495612974231858,8.215306001254692e-13,0.0,4.4859807378675364e-15
9,75.0,0.2,15.0,8,0,3.141592653589793,0.0,4,10.238034228093806,4.2404095493981525e-13,0.0,4.4859807378675364e-15
9,75.0,0.2,15.0,8,0,3.141592653589793,0.0,5,13.24823242322533,2.476946167153312e-13,0.0,4.4859807378675364e-15
9,75.0,0.2,15.0,8,0,3.141592653589793,0.0,6,13.303905010613393,3.485042184580795e-13,0.0,4.4859807378675364e-15
9,75.0,0.2,15.0,8,0,3.141592653589793,0.0,7,16.886608103329134,1.565925842522038e-13,0.0,4.4859807378675364e-15
9,75.0,0.2,15.0,8,0,3.141592653589793,0.0,8,19.219319106545097,1.2252686048787431e-13,0.0,4.4859807378675364e-15
9,75.0,0.2,15.0,8,1,3.141592653589793,0.39269908169872414,1,2.14826121976017,8.70866572651162e-12,0.0,3.2995417509671617e-15
9,75.0,0.2,15.0,8,1,3.141592653589793,0.39269908169872414,2,2.271004750154659,4.895534015470532e-12,0.0,3.2995417509671617e-15
9,75.0,0.2,15.0,8,1,3.141592653589793,0.39269908169872414,3,7.361066451106045,6.952104849717501e-13,0.0,3.2995417509671617e-15
9,75.0,0.2,15.0,8,1,3.141592653589793,0.39269908169872414,4,10.096102810755902,4.595008361020082e-13,0.0,3.2995417509671617e-15
9,75.0,0.2,15.0,8,1,3.141592653589793,0.39269908169872414,5,13.3759752924503,2.4835613413380183e-13,0.0,3.2995417509671617e-15
9,75.0,0.2,15.0,8,1,3.141592653589793,0.39269908169872414,6,13.453378314011513,1.9992551151394007e-13,0.0,3.2995417509671617e-15
9,75.0,0.2,15.0,8,1,3.141592653589793,0.39269908169872414,7,16.908737998400895,1.8376712179713545e-13,0.0,3.2995417509671617e-15
9,75.0,0.2,15.0,8,1,3.141592653589793,0.39269908169872414,8,19.23472835455488,1.1577861149827445e-13,0.0,3.2995417509671617e-15
9,75.0,0.2,15.0,8,2,3.141592653589793,0.7853981633974483,1,2.309149081765661,4.636338839608015e-12,0.0,3.864537491652443e-15
9,75.0,0.2,15.0,8,2,3.141592653589793,0.7853981633974483,2,2.3298992570147963,8.300194852869534e-12,0.0,3.864537491652443e-15
9,75.0,0.2,15.0,8,2,3.141592653589793,0.7853981633974483,3,6.99527662211491,7.607581810358482e-13,0.0,3.864537491652443e-15
9,75.0,0.2,15.0,8,2,3.141592653589793,0.7853981633974483,4,9.738196904486855,5.476377563273595e-13,0.0,3.864537491652443e-15
9,75.0,0.2,15.0,8,2,3.141592653589793,0.7853981633974483,5,13.719285667504039,2.0080486430510188e-13,0.0,3.864537491652443e-15
9,75.0,0.2,15.0,8,2,3.141592653589793,0.7853981633974483,6,13.83178607650323,2.555719281542333e-13,0.0,3.864537491652443e-15
9,75.0,0.2,15.0,8,2,3.141592653589793,0.7853981633974483,7,16.976708994885747,1.8947978609204317e-13,0.0,3.864537491652443e-15
9,75.0,0.2,15.0,8,2,3.141592653589793,0.7853981633974483,8,19.281264032628584,1.1648573727576625e-13,0.0,3.864537491652443e-15
9,75.0,0.2,15.0,8,3,3.141592653589793,1.1780972450961724,1,2.3799533998981697,4.7411345544048775e-12,0.0,3.5423457378659077e-15
9,75.0,0.2,15.0,8,3,3.141592653589793,1.1780972450961724,2,2.5969127597930126,7.326417068073541e-12,0.0,3.5423457378659077e-15
9,75.0,0.2,15.0,8,3,3.141592653589793,1.1780972450961724,3,6.478408600498583,8.296042139907285e-13,0.0,3.5423457378659077e-15
9,75.0,0.2,15.0,8,3,3.141592653589793,1.1780972450961724,4,9.276684731850239,5.767734022287474e-13,0.0,3.5423457378659077e-15
9,75.0,0.2,15.0,8,3,3.141592653589793,1.1780972450961724,5,14.19149678722072,2.493283012771932e-13,0.0,3.5423457378659077e-15
9,75.0,0.2,15.0,8,3,3.141592653589793,1.1780972450961724,6,14.319760863700933,2.392420560775912e-13,0.0,3.5423457378659077e-15
9,75.0,0.2,15.0,8,3,3.141592653589793,1.1780972450961724,7,17.095764097997435,1.6074891506245645e-13,0.0,3.5423457378659077e-15
9,75.0,0.2,15.0,8,3,3.141592653589793,1.1780972450961724,8,19.35964935300997,1.1385045448924996e-13,0.0,3.5423457378659077e-15
9,75.0,0.2,15.0,8,4,3.141592653589793,1.5707963267948966,1,2.4933530154635166,5.409119090083641e-12,0.0,3.617123715679701e-15
9,75.0,0.2,15.0,8,4,3.141592653589793,1.5707963267948966,2,2.912595813367833,5.6973950626006805e-12,0.0,3.617123715679701e-15
9,75.0,0.2,15.0,8,4,3.141592653589793,1.5707963267948966,3,5.885835295190655,1.426160279579833e-12,0.0,3.617123715679701e-15
9,75.0,0.2,15.0,8,4,3.141592653589793,1.5707963267948966,4,8.788767652900418,7.397658691337283e-13,0.0,3.617123715679701e-15
9,75.0,0.2,15.0,8,4,3.141592653589793,1.5707963267948966,5,14.705715482876437,2.1492300447664886e-13,0.0,3.617123715679701e-15
9,75.0,0.2,15.0,8,4,3.141592653589793,1.5707963267948966,6,14.82688753389742,2.1471603792305775e-13,0.0,3.617123715679701e-15
9,75.0,0.2,15.0,8,4,3.141592653589793,1.5707963267948966,7,17.275570416380877,1.836011311001115e-13,0.0,3.617123715679701e-15
9,75.0,0.2,15.0,8,4,3.141592653589793,1.5707963267948966,8,19.46998915043489,9.983254805142847e-14,0.0,3.617123715679701e-15
9,75.0,0.2,15.0,8,5,3.141592653589793,1.9634954084936207,1,2.661111400243677,4.934507519606548e-12,0.0,3.7865217864821556e-15
9,75.0,0.2,15.0,8,5,3.141592653589793,1.9634954084936207,2,3.239492811996287,4.121523672312539e-12,0.0,3.7865217864821556e-15
9,75.0,0.2,15.0,8,5,3.141592653589793,1.9634954084936207,3,5.273886769474062,1.4214437000186362e-12,0.0,3.7865217864821556e-15
9,75.0,0.2,15.0,8,5,3.141592653589793,1.9634954084936207,4,8.325097532206884,7.451600395108939e-13,0.0,3.7865217864821556e-15
9,75.0,0.2,15.0,8,5,3.141592653589793,1.9634954084936207,5,15.189212244895481,1.9989572656479602e-13,0.0,3.7865217864821556e-15
9,75.0,0.2,15.0,8,5,3.141592653589793,1.9634954084936207,6,15.284550528998677,1.8689088222765996e-13,0.0,3.7865217864821556e-15
9,75.0,0.2,15.0,8,5,3.141592653589793,1.9634954084936207,7,17.526895132448658,1.7244385353520845e-13,0.0,3.7865217864821556e-15
9,75.0,0.2,15.0,8,5,3.141592653589793,1.9634954084936207,8,19.608458810650845,1.1022525788534241e-13,0.0,3.7865217864821556e-15
9,75.0,0.2,15.0,8,6,3.141592653589793,2.356194490192345,1,2.893726098471048,4.126752416958752e-12,0.0,3.680164963022362e-15
9,75.0,0.2,15.0,8,6,3.141592653589793,2.356194490192345,2,3.5357691642353455,3.2704661061881665e-12,0.0,3.680164963022362e-15
9,75.0,0.2,15.0,8,6,3.141592653589793,2.356194490192345,3,4.6844259710962515,1.7223053150730526e-12,0.0,3.680164963022362e-15
9,75.0,0.2,15.0,8,6,3.141592653589793,2.356194490192345,4,7.930819101233064,7.682182212510873e-13,0.0,3.680164963022362e-15
9,75.0,0.2,15.0,8,6,3.141592653589793,2.356194490192345,5,15.581972133146092,2.0878383176525303e-13,0.0,3.680164963022362e-15
9,75.0,0.2,15.0,8,6,3.141592653589793,2.356194490192345,6,15.63751465450585,2.0072126792019085e-13,0.0,3.680164963022362e-15
9,75.0,0.2,15.0,8,6,3.141592653589793,2.356194490192345,7,17.84217640964853,1.7081987663697847e-13,0.0,3.680164963022362e-15
9,75.0,0.2,15.0,8,6,3.141592653589793,2.356194490192345,8,19.75973583719981,1.1525445366949965e-13,0.0,3.680164963022362e-15
9,75.0,0.2,15.0,8,7,3.141592653589793,2.748893571891069,1,3.191627323276692,2.6683220526117295e-12,0.0,4.125725004224044e-15
9,75.0,0.2,15.0,8,7,3.141592653589793,2.748893571891069,2,3.750357682276885,3.219509879600025e-12,0.0,4.125725004224044e-15
9,75.0,0.2,15.0,8,7,3.141592653589793,2.748893571891069,3,4.155893723961869,1.94813929022387e-12,0.0,4.125725004224044e-15
9,75.0,0.2,15.0,8,7,3.141592653589793,2.748893571891069,4,7.657528904627534,9.298648237189485e-13,0.0,4.125725004224044e-15
9,75.0,0.2,15.0,8,7,3.141592653589793,2.748893571891069,5,15.837195013907701,2.0129078993410284e-13,0.0,4.125725004224044e-15
9,75.0,0.2,15.0,8,7,3.141592653589793,2.748893571891069,6,15.853677503034303,1.882603240916447e-13,0.0,4.125725004224044e-15
9,75.0,0.2,15.0,8,7,3.141592653589793,2.748893571891069,7,18.150805656532572,1.3033176098446897e-13,0.0,4.125725004224044e-15
9,75.0,0.2,15.0,8,7,3.141592653589793,2.748893571891069,8,19.887364244758796,1.1970620618584618e-13,0.0,4.125725004224044e-15
9,75.0,0.2,15.0,8,8,3.141592653589793,3.141592653589793,1,3.437664323113411,2.139597298610079e-12,0.0,3.4502576950336392e-15
9,75.0,0.2,15.0,8,8,3.141592653589793,3.141592653589793,2,3.830164698767477,1.7344255327033082e-12,0.0,3.4502576950336392e-15
9,75.0,0.2,15.0,8,8,3.141592653589793,3.141592653589793,3,3.8301762769717875,3.5291507186229898e-12,0.0,3.4502576950336392e-15
9,75.0,0.2,15.0,8,8,3.141592653589793,3.141592653589793,4,7.558260293123721,9.653868243624824e-13,0.0,3.4502576950336392e-15
9,75.0,0.2,15.0,8,8,3.141592653589793,3.141592653589793,5,15.925026032362588,1.2871303713617382e-13,0.0,3.4502576950336392e-15
9,75.0,0.2,15.0,8,8,3.141592653589793,3.141592653589793,6,15.92564805652285,2.7335803894059283e-13,0.0,3.4502576950336392e-15
9,75.0,0.2,15.0,8,8,3.141592653589793,3.141592653589793,7,18.29067543202474,1.2846143465443194e-13,0.0,3.4502576950336392e-15
9,75.0,0.2,15.0,8,8,3.141592653589793,3.141592653589793,8,19.939080037638828,1.1887501438667316e-13,0.0,3.4502576950336392e-15
15,75.0,0.02,1.5,0,0,0.0,0.0,1,0.0,0.9997209390590023,1.9984014443252818e-15,6.1857137239058896e-15
15,75.0,0.02,1.5,0,0,0.0,0.0,2,1.4246157461015414,6.451409775869634e-13,1.9984014443252818e-15,6.1857137239058896e-15
15,75.0,0.02,1.5,0,0,0.0,0.0,3,1.424615746101685,5.679469072490088e-13,1.9984014443252818e-15,6.1857137239058896e-15
15,75.0,0.02,1.5,0,0,0.0,0.0,4,1.9679597219097165,3.0352292382950987e-13,1.9984014443252818e-15,6.1857137239058896e-15
15,75.0,0.02,1.5,0,0,0.0,0.0,5,2.490104421889682,2.790924049257871e-13,1.9984014443252818e-15,6.1857137239058896e-15
15,75.0,0.02,1.5,0,0,0.0,0.0,6,3.6991917434473613,8.898761675932669e-14,1.9984014443252818e-15,6.1857137239058896e-15
15,75.0,0.02,1.5,0,0,0.0,0.0,7,3.726233875336443,4.443281561133686e-13,1.9984014443252818e-15,6.1857137239058896e-15
15,75.0,0.02,1.5,0,0,0.0,0.0,8,3.72623387533648,2.146283555304375e-13,1.9984014443252818e-15,6.1857137239058896e-15
15,75.0,0.02,1.5,1,0,0.39269908169872414,0.0,1,0.005216189812954991,1.0171950624928232e-09,3.9690473130349346e-13,7.095938713199265e-15
15,75.0,0.02,1.5,1,0,0.39269908169872414,0.0,2,1.3713053904709263,3.1442193145088013e-13,3.9690473130349346e-13,7.095938713199265e-15
15,75.0,0.02,1.5,1,0,0.39269908169872414,0.0,3,1.4302765874042174,2.9002225132735397e-13,3.9690473130349346e-13,7.095938713199265e-15
15,75.0,0.02,1.5,1,0,0.39269908169872414,0.0,4,1.9986367227558417,2.774232657173088e-13,3.9690473130349346e-13,7.095938713199265e-15
15,75.0,0.02,1.5,1,0,0.39269908169872414,0.0,5,2.523344489035297,1.7117708048478176e-13,3.9690473130349346e-13,7.095938713199265e-15
15,75.0,0.02,1.5,1,0,0.39269908169872414,0.0,6,3.5060854843145153,1.1880051356475833e-13,3.9690473130349346e-13,7.095938713199265e-15
15,75.0,0.02,1.5,1,0,0.39269908169872414,0.0,7,3.6795722088524507,1.494529365789335e-13,3.9690473130349346e-13,7.095938713199265e-15
15,75.0,0.02,1.5,1,0,0.39269908169872414,0.0,8,3.9325870594998724,1.3153590366064056e-13,3.9690473130349346e-13,7.095938713199265e-15
15,75.0,0.02,1.5,1,1,0.39269908169872414,0.39269908169872414,1,0.011219650168033182,2.6364673264328644e-10,8.58202398035246e-14,6.4249720319070535e-15
15,75.0,0.02,1.5,1,1,0.39269908169872414,0.39269908169872414,2,1.3741323999839943,2.8749176709749194e-13,8.58202398035246e-14,6.4249720319070535e-15
15,75.0,0.02,1.5,1,1,0.39269908169872414,0.39269908169872414,3,1.3803577181955402,3.888337637082225e-13,8.58202398035246e-14,6.4249720319070535e-15
15,75.0,0.02,1.5,1,1,0.39269908169872414,0.39269908169872414,4,2.0301111624937747,2.9698235063472774e-13,8.58202398035246e-14,6.4249720319070535e-15
15,75.0,0.02,1.5,1,1,0.39269908169872414,0.39269908169872414,5,2.5544071585448846,2.3065748720280786e-13,8.58202398035246e-14,6.4249720319070535e-15
15,75.0,0.02,1.5,1,1,0.39269908169872414,0.39269908169872414,6,3.3921409479238864,1.6590218059414645e-13,8.58202398035246e-14,6.4249720319070535e-15
15,75.0,0.02,1.5,1,1,0.39269908169872414,0.39269908169872414,7,3.7393821001022243,1.8361766794763829e-13,8.58202398035246e-14,6.4249720319070535e-15
15,75.0,0.02,1.5,1,1,0.39269908169872414,0.39269908169872414,8,3.9436794314585635,1.6125669179473274e-13,8.58202398035246e-14,6.4249720319070535e-15
15,75.0,0.02,1.5,2,0,0.7853981633974483,0.0,1,0.020966053965594564,1.354803937325483e-10,4.0967229608668276e-14,4.551856689117918e-15
15,75.0,0.02,1.5,2,0,0.7853981633974483,0.0,2,1.2460647199151527,3.544147593175722e-13,4.0967229608668276e-14,4.551856689117918e-15
15,75.0,0.02,1.5,2,0,0.7853981633974483,0.0,3,1.4468138057453814,2.650761795306897e-13,4.0967229608668276e-14,4.551856689117918e-15
15,75.0,0.02,1.5,2,0,0.7853981633974483,0.0,4,2.058679643962291,3.0193556712472883e-13,4.0967229608668276e-14,4.551856689117918e-15
15,75.0,0.02,1.5,2,0,0.7853981633974483,0.0,5,2.6171953891728137,2.202580850986106e-13,4.0967229608668276e-14,4.551856689117918e-15
15,75.0,0.02,1.5,2,0,0.7853981633974483,0.0,6,3.315156396278962,1.493837954599987e-13,4.0967229608668276e-14,4.551856689117918e-15
15,75.0,0.02,1.5,2,0,0.7853981633974483,0.0,7,3.5830879630670394,2.0986207889898073e-13,4.0967229608668276e-14,4.551856689117918e-15
15,75.0,0.02,1.5,2,0,0.7853981633974483,0.0,8,4.163222080876049,1.9397570352035216e-13,4.0967229608668276e-14,4.551856689117918e-15
15,75.0,0.02,1.5,2,1,0.7853981633974483,0.39269908169872414,1,0.027488743256385142,7.215814595073334e-11,4.285460875053104e-14,5.565859014396288e-15
15,75.0,0.02,1.5,2,1,0.7853981633974483,0.39269908169872414,2,1.2522540417787105,3.5456747234966907e-13,4.285460875053104e-14,5.565859014396288e-15
15,75.0,0.02,1.5,2,1,0.7853981633974483,0.39269908169872414,3,1.3945758980072345,4.0459830698246686e-13,4.285460875053104e-14,5.565859014396288e-15
15,75.0,0.02,1.5,2,1,0.7853981633974483,0.39269908169872414,4,2.0908601135757108,3.5133486424601344e-13,4.285460875053104e-14,5.565859014396288e-15
15,75.0,0.02,1.5,2,1,0.7853981633974483,0.39269908169872414,5,2.643516911557887,2.282480514793912e-13,4.285460875053104e-14,5.565859014396288e-15
15,75.0,0.02,1.5,2,1,0.7853981633974483,0.39269908169872414,6,3.231389046121363,1.6769504964389224e-13,4.285460875053104e-14,5.565859014396288e-15
15,75.0,0.02,1.5,2,1,0.7853981633974483,0.39269908169872414,7,3.6747805781731637,2.1630362796277112e-13,4.285460875053104e-14,5.565859014396288e-15
15,75.0,0.02,1.5,2,1,0.7853981633974483,0.39269908169872414,8,4.101765548429435,1.2097484279334036e-13,4.285460875053104e-14,5.565859014396288e-15
15,75.0,0.02,1.5,2,2,0.7853981633974483,0.7853981633974483,1,0.045198791668872494,3.189346052898618e-11,8.881784197001252e-15,6.8608515133475935e-15
15,75.0,0.02,1.5,2,2,0.7853981633974483,0.7853981633974483,2,1.26910648005989,4.0262195085845325e-13,8.881784197001252e-15,6.8608515133475935e-15
15,75.0,0.02,1.5,2,2,0.7853981633974483,0.7853981633974483,3,1.271998579013645,3.841637713398407e-13,8.881784197001252e-15,6.8608515133475935e-15
15,75.0,0.02,1.5,2,2,0.7853981633974483,0.7853981633974483,4,2.1496238238924397,2.728862168438011e-13,8.881784197001252e-15,6.8608515133475935e-15
15,75.0,0.02,1.5,2,2,0.7853981633974483,0.7853981633974483,5,2.722674910055542,2.050804322107986e-13,8.881784197001252e-15,6.8608515133475935e-15
15,75.0,0.02,1.5,2,2,0.7853981633974483,0.7853981633974483,6,3.1030097243949224,1.8282553250885563e-13,8.881784197001252e-15,6.8608515133475935e-15
15,75.0,0.02,1.5,2,2,0.7853981633974483,0.7853981633974483,7,3.7791241703422935,2.447902452448667e-13,8.881784197001252e-15,6.8608515133475935e-15
15,75.0,0.02,1.5,2,2,0.7853981633974483,0.7853981633974483,8,4.055140969809715,1.2987594069410192e-13,8.881784197001252e-15,6.8608515133475935e-15
15,75.0,0.02,1.5,3,0,1.1780972450961724,0.0,1,0.04758070244716308,3.282710205569062e-11,6.328271240363392e-15,5.5331007694284574e-15
15,75.0,0.02,1.5,3,0,1.1780972450961724,0.0,2,1.0931845048955546,3.925062138051995e-13,6.328271240363392e-15,5.5331007694284574e-15
15,75.0,0.02,1.5,3,0,1.1780972450961724,0.0,3,1.4728390777503606,2.7312005913728987e-13,6.328271240363392e-15,5.5331007694284574e-15
15,75.0,0.02,1.5,3,0,1.1780972450961724,0.0,4,2.115941825350061,2.612298830068801e-13,6.328271240363392e-15,5.5331007694284574e-15
15,75.0,0.02,1.5,3,0,1.1780972450961724,0.0,5,2.746357003904482,1.8177737993818703e-13,6.328271240363392e-15,5.5331007694284574e-15
15,75.0,0.02,1.5,3,0,1.1780972450961724,0.0,6,3.141264271439855,1.618834655359236e-13,6.328271240363392e-15,5.5331007694284574e-15
15,75.0,0.02,1.5,3,0,1.1780972450961724,0.0,7,3.49655933977122,2.4502533271036314e-13,6.328271240363392e-15,5.5331007694284574e-15
15,75.0,0.02,1.5,3,0,1.1780972450961724,0.0,8,4.4030848711929265,1.2902855409870657e-13,6.328271240363392e-15,5.5331007694284574e-15
15,75.0,0.02,1.5,3,1,1.1780972450961724,0.39269908169872414,1,0.054349286428404274,3.038850852861138e-11,3.1086244689504383e-15,6.616370134905813e-15
15,75.0,0.02,1.5,3,1,1.1780972450961724,0.39269908169872414,2,1.0995938659501703,3.858930699106201e-13,3.1086244689504383e-15,6.616370134905813e-15
15,75.0,0.02,1.5,3,1,1.1780972450961724,0.39269908169872414,3,1.4217403486831353,3.274678778638404e-13,3.1086244689504383e-15,6.616370134905813e-15
15,75.0,0.02,1.5,3,1,1.1780972450961724,0.39269908169872414,4,2.1444403337590106,2.361297333907743e-13,3.1086244689504383e-15,6.616370134905813e-15
15,75.0,0.02,1.5,3,1,1.1780972450961724,0.39269908169872414,5,2.7660599831898574,1.984965405658757e-13,3.1086244689504383e-15,6.616370134905813e-15
15,75.0,0.02,1.5,3,1,1.1780972450961724,0.39269908169872414,6,3.0909103145360013,1.6569900542865085e-13,3.1086244689504383e-15,6.616370134905813e-15
15,75.0,0.02,1.5,3,1,1.1780972450961724,0.39269908169872414,7,3.5740999479762796,1.9361240993309405e-13,3.1086244689504383e-15,6.616370134905813e-15
15,75.0,0.02,1.5,3,1,1.1780972450961724,0.39269908169872414,8,4.323477804109171,1.882648720307518e-13,3.1086244689504383e-15,6.616370134905813e-15
15,75.0,0.02,1.5,3,2,1.1780972450961724,0.7853981633974483,1,0.07321033804955801,1.8107661904204162e-11,3.9968028886505635e-15,5.053877079023096e-15
15,75.0,0.02,1.5,3,2,1.1780972450961724,0.7853981633974483,2,1.1183838271324194,5.837266523718619e-13,3.9968028886505635e-15,5.053877079023096e-15
15,75.0,0.02,1.5,3,2,1.1780972450961724,0.7853981633974483,3,1.2996252077541282,3.251488422593734e-13,3.9968028886505635e-15,5.053877079023096e-15
15,75.0,0.02,1.5,3,2,1.1780972450961724,0.7853981633974483,4,2.1873309383159794,2.903692996355088e-13,3.9968028886505635e-15,5.053877079023096e-15
15,75.0,0.02,1.5,3,2,1.1780972450961724,0.7853981633974483,5,2.8331617906200433,1.88797481306164e-13,3.9968028886505635e-15,5.053877079023096e-15
15,75.0,0.02,1.5,3,2,1.1780972450961724,0.7853981633974483,6,3.0126431974362022,1.9918236658661414e-13,3.9968028886505635e-15,5.053877079023096e-15
15,75.0,0.02,1.5,3,2,1.1780972450961724,0.7853981633974483,7,3.728987138029059,1.9766904260300547e-13,3.9968028886505635e-15,5.053877079023096e-15
15,75.0,0.02,1.5,3,2,1.1780972450961724,0.7853981633974483,8,4.195296691709435,1.1410582468649458e-13,3.9968028886505635e-15,5.053877079023096e-15
15,75.0,0.02,1.5,3,3,1.1780972450961724,1.1780972450961724,1,0.10266351765276374,9.450628881294407e-12,2.1094237467877974e-15,6.947187058334418e-15
15,75.0,0.02,1.5,3,3,1.1780972450961724,1.1780972450961724,2,1.1384676173398096,4.0392849543799317e-13,2.1094237467877974e-15,6.947187058334418e-15
15,75.0,0.02,1.5,3,3,1.1780972450961724,1.1780972450961724,3,1.1589591306751128,4.1343676976153496e-13,2.1094237467877974e-15,6.947187058334418e-15
15,75.0,0.02,1.5,3,3,1.1780972450961724,1.1780972450961724,4,2.1875242042746015,2.0329621999661514e-13,2.1094237467877974e-15,6.947187058334418e-15
15,75.0,0.02,1.5,3,3,1.1780972450961724,1.1780972450961724,5,2.9551657044169843,1.2232773025636352e-13,2.1094237467877974e-15,6.947187058334418e-15
15,75.0,0.02,1.5,3,3,1.1780972450961724,1.1780972450961724,6,2.9666014871464896,1.7805986818824907e-13,2.1094237467877974e-15,6.947187058334418e-15
15,75.0,0.02,1.5,3,3,1.1780972450961724,1.1780972450961724,7,3.8464558286396335,1.3667968614825607e-13,2.1094237467877974e-15,6.947187058334418e-15
15,75.0,0.02,1.5,3,3,1.1780972450961724,1.1780972450961724,8,4.144138674544103,9.993642534376673e-14,2.1094237467877974e-15,6.947187058334418e-15
15,75.0,0.02,1.5,4,0,1.5707963267948966,0.0,1,0.0856965512364039,1.3409113672192257e-11,2.6645352591003757e-15,5.980615143042872e-15
15,75.0,0.02,1.5,4,0,1.5707963267948966,0.0,2,0.9340681450544579,6.47965635223896e-13,2.6645352591003757e-15,5.980615143042872e-15
15,75.0,0.02,1.5,4,0,1.5707963267948966,0.0,3,1.5058558888084908,2.823911492361358e-13,2.6645352591003757e-15,5.980615143042872e-15
15,75.0,0.02,1.5,4,0,1.5707963267948966,0.0,4,2.1663003863441816,2.2903315521836117e-13,2.6645352591003757e-15,5.980615143042872e-15
15,75.0,0.02,1.5,4,0,1.5707963267948966,0.0,5,2.8584496561653596,1.7961591373651227e-13,2.6645352591003757e-15,5.980615143042872e-15
15,75.0,0.02,1.5,4,0,1.5707963267948966,0.0,6,2.987328251152784,1.6986529112903402e-13,2.6645352591003757e-15,5.980615143042872e-15
15,75.0,0.02,1.5,4,0,1.5707963267948966,0.0,7,3.4743610302447654,1.81683209039134e-13,2.6645352591003757e-15,5.980615143042872e-15
15,75.0,0.02,1.5,4,0,1.5707963267948966,0.0,8,4.648508150539583,1.0296247828749588e-13,2.6645352591003757e-15,5.980615143042872e-15
15,75.0,0.02,1.5,4,1,1.5707963267948966,0.39269908169872414,1,0.09266398799807794,1.240924596490617e-11,1.887379141862766e-15,6.391202373731355e-15
15,75.0,0.02,1.5,4,1,1.5707963267948966,0.39269908169872414,2,0.9405749340299384,4.85603293131786e-13,1.887379141862766e-15,6.391202373731355e-15
15,75.0,0.02,1.5,4,1,1.5707963267948966,0.39269908169872414,3,1.4566049149935132,2.830999508560295e-13,1.887379141862766e-15,6.391202373731355e-15
15,75.0,0.02,1.5,4,1,1.5707963267948966,0.39269908169872414,4,2.183330102313482,2.563472244800093e-13,1.887379141862766e-15,6.391202373731355e-15
15,75.0,0.02,1.5,4,1,1.5707963267948966,0.39269908169872414,5,2.844257617183287,1.5590347813611275e-13,1.887379141862766e-15,6.391202373731355e-15
15,75.0,0.02,1.5,4,1,1.5707963267948966,0.39269908169872414,6,3.0117568138374753,1.8254042173333347e-13,1.887379141862766e-15,6.391202373731355e-15
15,75.0,0.02,1.5,4,1,1.5707963267948966,0.39269908169872414,7,3.523778474565821,1.9058974327292775e-13,1.887379141862766e-15,6.391202373731355e-15
15,75.0,0.02,1.5,4,1,1.5707963267948966,0.39269908169872414,8,4.562904820902087,1.4593982094011378e-13,1.887379141862766e-15,6.391202373731355e-15
15,75.0,0.02,1.5,4,2,1.5707963267948966,0.7853981633974483,1,0.1123416513458873,1.1164307274793959e-11,3.4416913763379853e-15,5.440668744873507e-15
15,75.0,0.02,1.5,4,2,1.5707963267948966,0.7853981633974483,2,0.9596529496394267,7.952855373135365e-13,3.4416913763379853e-15,5.440668744873507e-15
15,75.0,0.02,1.5,4,2,1.5707963267948966,0.7853981633974483,3,1.3375256281608932,4.725349022166633e-13,3.4416913763379853e-15,5.440668744873507e-15
15,75.0,0.02,1.5,4,2,1.5707963267948966,0.7853981633974483,4,2.189472178882988,2.1419235895190822e-13,3.4416913763379853e-15,5.440668744873507e-15
15,75.0,0.02,1.5,4,2,1.5707963267948966,0.7853981633974483,5,2.8639840052728127,1.7467367962043383e-13,3.4416913763379853e-15,5.440668744873507e-15
15,75.0,0.02,1.5,4,2,1.5707963267948966,0.7853981633974483,6,3.0569183641543045,1.6044668377252748e-13,3.4416913763379853e-15,5.440668744873507e-15
15,75.0,0.02,1.5,4,2,1.5707963267948966,0.7853981633974483,7,3.652055404770702,1.6330884631331453e-13,3.4416913763379853e-15,5.440668744873507e-15
15,75.0,0.02,1.5,4,2,1.5707963267948966,0.7853981633974483,8,4.4166914387456595,1.302306132990632e-13,3.4416913763379853e-15,5.440668744873507e-15
15,75.0,0.02,1.5,4,3,1.5707963267948966,1.1780972450961724,1,0.14293945260948449,9.271359159294063e-12,1.9984014443252818e-15,6.487729118223119e-15
15,75.0,0.02,1.5,4,3,1.5707963267948966,1.1780972450961724,2,0.9893749717146112,5.247109926656172e-13,1.9984014443252818e-15,6.487729118223119e-15
15,75.0,0.02,1.5,4,3,1.5707963267948966,1.1780972450961724,3,1.1902084827872061,3.5948702341068884e-13,1.9984014443252818e-15,6.487729118223119e-15
15,75.0,0.02,1.5,4,3,1.5707963267948966,1.1780972450961724,4,2.13792373025834,2.624864056129055e-13,1.9984014443252818e-15,6.487729118223119e-15
15,75.0,0.02,1.5,4,3,1.5707963267948966,1.1780972450961724,5,2.9583899222191596,1.9461498306322662e-13,1.9984014443252818e-15,6.487729118223119e-15
15,75.0,0.02,1.5,4,3,1.5707963267948966,1.1780972450961724,6,3.1178151525567843,1.65376927439951e-13,1.9984014443252818e-15,6.487729118223119e-15
15,75.0,0.02,1.5,4,3,1.5707963267948966,1.1780972450961724,7,3.817656763491924,1.828781849639208e-13,1.9984014443252818e-15,6.487729118223119e-15
15,75.0,0.02,1.5,4,3,1.5707963267948966,1.1780972450961724,8,4.28576564645016,1.4166668097333751e-13,1.9984014443252818e-15,6.487729118223119e-15
15,75.0,0.02,1.5,4,4,1.5707963267948966,1.5707963267948966,1,0.18407172065129054,4.601239408019829e-12,1.9984014443252818e-15,6.260346808734292e-15
15,75.0,0.02,1.5,4,4,1.5707963267948966,1.5707963267948966,2,1.0044382536687906,6.31506378437677e-13,1.9984014443252818e-15,6.260346808734292e-15
15,75.0,0.02,1.5,4,4,1.5707963267948966,1.5707963267948966,3,1.0602148425994613,4.194857592111647e-13,1.9984014443252818e-15,6.260346808734292e-15
15,75.0,0.02,1.5,4,4,1.5707963267948966,1.5707963267948966,4,2.0458009926969227,2.6050623924576505e-13,1.9984014443252818e-15,6.260346808734292e-15
15,75.0,0.02,1.5,4,4,1.5707963267948966,1.5707963267948966,5,3.073095479627716,1.3109700237336162e-13,1.9984014443252818e-15,6.260346808734292e-15
15,75.0,0.02,1.5,4,4,1.5707963267948966,1.5707963267948966,6,3.225212549781148,1.1854562153359595e-13,1.9984014443252818e-15,6.260346808734292e-15
15,75.0,0.02,1.5,4,4,1.5707963267948966,1.5707963267948966,7,3.9434092621805767,1.3611895205702885e-13,1.9984014443252818e-15,6.260346808734292e-15
15,75.0,0.02,1.5,4,4,1.5707963267948966,1.5707963267948966,8,4.243899581001047,8.596921997667475e-14,1.9984014443252818e-15,6.260346808734292e-15
15,75.0,0.02,1.5,5,0,1.9634954084936207,0.0,1,0.13634501401956675,7.28334490715882e-12,2.4424906541753444e-15,5.108179719800467e-15
15,75.0,0.02,1.5,5,0,1.9634954084936207,0.0,2,0.778659733600196,8.899640713755819e-13,2.4424906541753444e-15,5.108179719800467e-15
15,75.0,0.02,1.5,5,0,1.9634954084936207,0.0,3,1.5419876339911205,3.09370724950844e-13,2.4424906541753444e-15,5.108179719800467e-15
15,75.0,0.02,1.5,5,0,1.9634954084936207,0.0,4,2.212142932745106,2.5873882599745556e-13,2.4424906541753444e-15,5.108179719800467e-15
15,75.0,0.02,1.5,5,0,1.9634954084936207,0.0,5,2.857301871046704,2.324563508631121e-13,2.4424906541753444e-15,5.108179719800467e-15
15,75.0,0.02,1.5,5,0,1.9634954084936207,0.0,6,2.895974589577581,1.715171282844816e-13,2.4424906541753444e-15,5.108179719800467e-15
15,75.0,0.02,1.5,5,0,1.9634954084936207,0.0,7,3.5692877627006636,1.6770570104366847e-13,2.4424906541753444e-15,5.108179719800467e-15
15,75.0,0.02,1.5,5,0,1.9634954084936207,0.0,8,4.892974026717211,1.1565362981988708e-13,2.4424906541753444e-15,5.108179719800467e-15
15,75.0,0.02,1.5,5,1,1.9634954084936207,0.39269908169872414,1,0.14354391855953372,6.715371390065382e-12,3.1086244689504383e-15,6.6121218919060965e-15
15,75.0,0.02,1.5,5,1,1.9634954084936207,0.39269908169872414,2,0.7852211019542273,8.462925232070973e-13,3.1086244689504383e-15,6.6121218919060965e-15
15,75.0,0.02,1.5,5,1,1.9634954084936207,0.39269908169872414,3,1.495364056124674,2.8141620911518694e-13,3.1086244689504383e-15,6.6121218919060965e-15
15,75.0,0.02,1.5,5,1,1.9634954084936207,0.39269908169872414,4,2.2075577626842064,2.3655287823497436e-13,3.1086244689504383e-15,6.6121218919060965e-15
15,75.0,0.02,1.5,5,1,1.9634954084936207,0.39269908169872414,5,2.8085424142103133,1.8797198961992428e-13,3.1086244689504383e-15,6.6121218919060965e-15
15,75.0,0.02,1.5,5,1,1.9634954084936207,0.39269908169872414,6,3.0021371544528446,1.549600018920322e-13,3.1086244689504383e-15,6.6121218919060965e-15
15,75.0,0.02,1.5,5,1,1.9634954084936207,0.39269908169872414,7,3.5918232642951664,1.5448636989058175e-13,3.1086244689504383e-15,6.6121218919060965e-15
15,75.0,0.02,1.5,5,1,1.9634954084936207,0.39269908169872414,8,4.808324334004896,1.47718665988547e-13,3.1086244689504383e-15,6.6121218919060965e-15
15,75.0,0.02,1.5,5,2,1.9634954084936207,0.7853981633974483,1,0.16391042416744914,6.606211515866694e-12,2.55351295663786e-15,6.443435429183964e-15
15,75.0,0.02,1.5,5,2,1.9634954084936207,0.7853981633974483,2,0.8045275766265038,6.608790397425225e-13,2.55351295663786e-15,6.443435429183964e-15
15,75.0,0.02,1.5,5,2,1.9634954084936207,0.7853981633974483,3,1.380645010798101,3.96746639583646e-13,2.55351295663786e-15,6.443435429183964e-15
15,75.0,0.02,1.5,5,2,1.9634954084936207,0.7853981633974483,4,2.1607319773300717,2.278888268641216e-13,2.55351295663786e-15,6.443435429183964e-15
15,75.0,0.02,1.5,5,2,1.9634954084936207,0.7853981633974483,5,2.8497019051340935,1.852920452132624e-13,2.55351295663786e-15,6.443435429183964e-15
15,75.0,0.02,1.5,5,2,1.9634954084936207,0.7853981633974483,6,3.137060447360044,1.4061442424354918e-13,2.55351295663786e-15,6.443435429183964e-15
15,75.0,0.02,1.5,5,2,1.9634954084936207,0.7853981633974483,7,3.662750112660555,2.6851041040558593e-13,2.55351295663786e-15,6.443435429183964e-15
15,75.0,0.02,1.5,5,2,1.9634954084936207,0.7853981633974483,8,4.658523310311485,1.4293586398857917e-13,2.55351295663786e-15,6.443435429183964e-15
15,75.0,0.02,1.5,5,3,1.9634954084936207,1.1780972450961724,1,0.19528884735984636,4.005287335145341e-12,1.9984014443252818e-15,5.735570917104215e-15
15,75.0,0.02,1.5,5,3,1.9634954084936207,1.1780972450961724,2,0.8351762795141466,8.781107265351272e-13,1.9984014443252818e-15,5.735570917104215e-15
15,75.0,0.02,1.5,5,3,1.9634954084936207,1.1780972450961724,3,1.2362429572862934,3.559457505543524e-13,1.9984014443252818e-15,5.735570917104215e-15
15,75.0,0.02,1.5,5,3,1.9634954084936207,1.1780972450961724,4,2.062249444111525,2.702249082859077e-13,1.9984014443252818e-15,5.735570917104215e-15
15,75.0,0.02,1.5,5,3,1.9634954084936207,1.1780972450961724,5,2.9843265802355554,2.247333102021373e-13,1.9984014443252818e-15,5.735570917104215e-15
15,75.0,0.02,1.5,5,3,1.9634954084936207,1.1780972450961724,6,3.2622120817769757,1.1175796456153892e-13,1.9984014443252818e-15,5.735570917104215e-15
15,75.0,0.02,1.5,5,3,1.9634954084936207,1.1780972450961724,7,3.7849786617401637,1.819480676103157e-13,1.9984014443252818e-15,5.735570917104215e-15
15,75.0,0.02,1.5,5,3,1.9634954084936207,1.1780972450961724,8,4.509850411630429,1.3946987980236228e-13,1.9984014443252818e-15,5.735570917104215e-15
15,75.0,0.02,1.5,5,4,1.9634954084936207,1.5707963267948966,1,0.23667920153955557,3.5230991037624113e-12,3.3306690738754696e-15,7.040572957206489e-15
15,75.0,0.02,1.5,5,4,1.9634954084936207,1.5707963267948966,2,0.8729351384072755,6.459263130913748e-13,3.3306690738754696e-15,7.040572957206489e-15
15,75.0,0.02,1.5,5,4,1.9634954084936207,1.5707963267948966,3,1.0868443343567358,4.366124807515017e-13,3.3306690738754696e-15,7.040572957206489e-15
15,75.0,0.02,1.5,5,4,1.9634954084936207,1.5707963267948966,4,1.9430289304631208,2.3400315848642614e-13,3.3306690738754696e-15,7.040572957206489e-15
15,75.0,0.02,1.5,5,4,1.9634954084936207,1.5707963267948966,5,3.1589249219251374,1.6720452053398785e-13,3.3306690738754696e-15,7.040572957206489e-15
15,75.0,0.02,1.5,5,4,1.9634954084936207,1.5707963267948966,6,3.380115580415598,1.1526825014601202e-13,3.3306690738754696e-15,7.040572957206489e-15
15,75.0,0.02,1.5,5,4,1.9634954084936207,1.5707963267948966,7,3.9432678366788525,1.4104975144702106e-13,3.3306690738754696e-15,7.040572957206489e-15
15,75.0,0.02,1.5,5,4,1.9634954084936207,1.5707963267948966,8,4.38764668441974,8.175606980954549e-14,3.3306690738754696e-15,7.040572957206489e-15
15,75.0,0.02,1.5,5,5,1.9634954084936207,1.9634954084936207,1,0.2886205374284693,2.734638563441717e-12,2.6645352591003757e-15,6.753713653547878e-15
15,75.0,0.02,1.5,5,5,1.9634954084936207,1.9634954084936207,2,0.8839553218311922,5.785793057578728e-13,2.6645352591003757e-15,6.753713653547878e-15
15,75.0,0.02,1.5,5,5,1.9634954084936207,1.9634954084936207,3,0.9742697793357694,4.2701076634491593e-13,2.6645352591003757e-15,6.753713653547878e-15
15,75.0,0.02,1.5,5,5,1.9634954084936207,1.9634954084936207,4,1.8255428330649963,3.0286283759063005e-13,2.6645352591003757e-15,6.753713653547878e-15
15,75.0,0.02,1.5,5,5,1.9634954084936207,1.9634954084936207,5,3.3214593804526147,1.731547102998858e-13,2.6645352591003757e-15,6.753713653547878e-15
15,75.0,0.02,1.5,5,5,1.9634954084936207,1.9634954084936207,6,3.5138970309265396,1.402651935592378e-13,2.6645352591003757e-15,6.753713653547878e-15
15,75.0,0.02,1.5,5,5,1.9634954084936207,1.9634954084936207,7,4.073314792317669,1.7113674310796868e-13,2.6645352591003757e-15,6.753713653547878e-15
15,75.0,0.02,1.5,5,5,1.9634954084936207,1.9634954084936207,8,4.353773491542483,8.705423181458432e-14,2.6645352591003757e-15,6.753713653547878e-15
15,75.0,0.02,1.5,6,0,2.356194490192345,0.0,1,0.20093207807249075,4.6575697384621e-12,1.2212453270876722e-15,5.847121624921341e-15
15,75.0,0.02,1.5,6,0,2.356194490192345,0.0,2,0.6328429564367384,9.34858145222323e-13,1.2212453270876722e-15,5.847121624921341e-15
15,75.0,0.02,1.5,6,0,2.356194490192345,0.0,3,1.5757404238119714,2.6125992808104714e-13,1.2212453270876722e-15,5.847121624921341e-15
15,75.0,0.02,1.5,6,0,2.356194490192345,0.0,4,2.25272047053722,2.592602468740998e-13,1.2212453270876722e-15,5.847121624921341e-15
15,75.0,0.02,1.5,6,0,2.356194490192345,0.0,5,2.7566065532489765,1.8823289836774483e-13,1.2212453270876722e-15,5.847121624921341e-15
15,75.0,0.02,1.5,6,0,2.356194490192345,0.0,6,2.872105173045606,1.6789514195047259e-13,1.2212453270876722e-15,5.847121624921341e-15
15,75.0,0.02,1.5,6,0,2.356194490192345,0.0,7,3.7665806476856716,1.4612726513053352e-13,1.2212453270876722e-15,5.847121624921341e-15
15,75.0,0.02,1.5,6,0,2.356194490192345,0.0,8,4.9255446786520904,1.516216327886249e-13,1.2212453270876722e-15,5.847121624921341e-15
15,75.0,0.02,1.5,6,1,2.356194490192345,0.39269908169872414,1,0.20844794106477293,6.3587369582071914e-12,2.6645352591003757e-15,6.364447586494533e-15
15,75.0,0.02,1.5,6,1,2.356194490192345,0.39269908169872414,2,0.6393811000133367,9.870986771254801e-13,2.6645352591003757e-15,6.364447586494533e-15
15,75.0,0.02,1.5,6,1,2.356194490192345,0.39269908169872414,3,1.5323222702587254,3.3026371264691106e-13,2.6645352591003757e-15,6.364447586494533e-15
15,75.0,0.02,1.5,6,1,2.356194490192345,0.39269908169872414,4,2.2167295204835176,2.651886457911034e-13,2.6645352591003757e-15,6.364447586494533e-15
15,75.0,0.02,1.5,6,1,2.356194490192345,0.39269908169872414,5,2.767010034497025,2.2679940965617902e-13,2.6645352591003757e-15,6.364447586494533e-15
15,75.0,0.02,1.5,6,1,2.356194490192345,0.39269908169872414,6,2.9589492595342577,1.6315947135109398e-13,2.6645352591003757e-15,6.364447586494533e-15
15,75.0,0.02,1.5,6,1,2.356194490192345,0.39269908169872414,7,3.777940849387286,1.4298847216735115e-13,2.6645352591003757e-15,6.364447586494533e-15
15,75.0,0.02,1.5,6,1,2.356194490192345,0.39269908169872414,8,4.92983565011516,1.1545678055332289e-13,2.6645352591003757e-15,6.364447586494533e-15
15,75.0,0.02,1.5,6,2,2.356194490192345,0.7853981633974483,1,0.22954134383245273,3.6045612007762198e-12,2.4424906541753444e-15,6.437408069375504e-15
15,75.0,0.02,1.5,6,2,2.356194490192345,0.7853981633974483,2,0.658791313153848,8.020776241203444e-13,2.4424906541753444e-15,6.437408069375504e-15
15,75.0,0.02,1.5,6,2,2.356194490192345,0.7853981633974483,3,1.423115029834569,2.9429492311424324e-13,2.4424906541753444e-15,6.437408069375504e-15
15,75.0,0.02,1.5,6,2,2.356194490192345,0.7853981633974483,4,2.116393893966001,2.192030505279365e-13,2.4424906541753444e-15,6.437408069375504e-15
15,75.0,0.02,1.5,6,2,2.356194490192345,0.7853981633974483,5,2.8642612672853884,2.008071722949012e-13,2.4424906541753444e-15,6.437408069375504e-15
15,75.0,0.02,1.5,6,2,2.356194490192345,0.7853981633974483,6,3.122982660353888,1.8749273837549112e-13,2.4424906541753444e-15,6.437408069375504e-15
15,75.0,0.02,1.5,6,2,2.356194490192345,0.7853981633974483,7,3.813450617182444,1.7127985360127427e-13,2.4424906541753444e-15,6.437408069375504e-15
15,75.0,0.02,1.5,6,2,2.356194490192345,0.7853981633974483,8,4.900225577125183,1.4449042419674244e-13,2.4424906541753444e-15,6.437408069375504e-15
15,75.0,0.02,1.5,6,3,2.356194490192345,1.1780972450961724,1,0.26140281485383304,2.7965166384145136e-12,2.886579864025407e-15,6.139758664245351e-15
15,75.0,0.02,1.5,6,3,2.356194490192345,1.1780972450961724,2,0.6901878825901587,8.60792558781199e-13,2.886579864025407e-15,6.139758664245351e-15
15,75.0,0.02,1.5,6,3,2.356194490192345,1.1780972450961724,3,1.282686282636444,3.832193112348074e-13,2.886579864025407e-15,6.139758664245351e-15
15,75.0,0.02,1.5,6,3,2.356194490192345,1.1780972450961724,4,1.985055001732654,2.627911208225075e-13,2.886579864025407e-15,6.139758664245351e-15
15,75.0,0.02,1.5,6,3,2.356194490192345,1.1780972450961724,5,3.033379291036995,1.8917076202532586e-13,2.886579864025407e-15,6.139758664245351e-15
15,75.0,0.02,1.5,6,3,2.356194490192345,1.1780972450961724,6,3.30539260854767,1.3233963507483813e-13,2.886579864025407e-15,6.139758664245351e-15
15,75.0,0.02,1.5,6,3,2.356194490192345,1.1780972450961724,7,3.8776712104329674,1.7883537106649712e-13,2.886579864025407e-15,6.139758664245351e-15
15,75.0,0.02,1.5,6,3,2.356194490192345,1.1780972450961724,8,4.749166987121259,2.0159021887602173e-13,2.886579864025407e-15,6.139758664245351e-15
15,75.0,0.02,1.5,6,4,2.356194490192345,1.5707963267948966,1,0.3023050080061593,2.072236482058304e-12,3.3306690738754696e-15,7.085713680094439e-15
15,75.0,0.02,1.5,6,4,2.356194490192345,1.5707963267948966,2,0.7311409710950517,7.615608924711212e-13,3.3306690738754696e-15,7.085713680094439e-15
15,75.0,0.02,1.5,6,4,2.356194490192345,1.5707963267948966,3,1.1340421359968544,6.477624819750993e-13,3.3306690738754696e-15,7.085713680094439e-15
15,75.0,0.02,1.5,6,4,2.356194490192345,1.5707963267948966,4,1.849613991929192,3.6823443971212887e-13,3.3306690738754696e-15,7.085713680094439e-15
15,75.0,0.02,1.5,6,4,2.356194490192345,1.5707963267948966,5,3.2360583942486634,1.2231696272767232e-13,3.3306690738754696e-15,7.085713680094439e-15
15,75.0,0.02,1.5,6,4,2.356194490192345,1.5707963267948966,6,3.4841993761447942,1.0953903833282362e-13,3.3306690738754696e-15,7.085713680094439e-15
15,75.0,0.02,1.5,6,4,2.356194490192345,1.5707963267948966,7,3.9773530163374065,1.4915321523436013e-13,3.3306690738754696e-15,7.085713680094439e-15
15,75.0,0.02,1.5,6,4,2.356194490192345,1.5707963267948966,8,4.606746086060215,1.1758476960099612e-13,3.3306690738754696e-15,7.085713680094439e-15
15,75.0,0.02,1.5,6,5,2.356194490192345,1.9634954084936207,1,0.35241789388000416,1.8063149281105037e-12,2.55351295663786e-15,7.304510908249737e-15
15,75.0,0.02,1.5,6,5,2.356194490192345,1.9634954084936207,2,0.7749577395023325,6.574685568832124e-13,2.55351295663786e-15,7.304510908249737e-15
15,75.0,0.02,1.5,6,5,2.356194490192345,1.9634954084936207,3,0.9924824662087377,4.24103516846662e-13,2.55351295663786e-15,7.304510908249737e-15
15,75.0,0.02,1.5,6,5,2.356194490192345,1.9634954084936207,4,1.7238830975337358,3.12679878545007e-13,2.55351295663786e-15,7.304510908249737e-15
15,75.0,0.02,1.5,6,5,2.356194490192345,1.9634954084936207,5,3.443885655272028,1.4093557628688434e-13,2.55351295663786e-15,7.304510908249737e-15
15,75.0,0.02,1.5,6,5,2.356194490192345,1.9634954084936207,6,3.649049910854387,1.266533559406905e-13,2.55351295663786e-15,7.304510908249737e-15
15,75.0,0.02,1.5,6,5,2.356194490192345,1.9634954084936207,7,4.111359564227053,1.226360254594599e-13,2.55351295663786e-15,7.304510908249737e-15
15,75.0,0.02,1.5,6,5,2.356194490192345,1.9634954084936207,8,4.489989394780219,9.943986604833306e-14,2.55351295663786e-15,7.304510908249737e-15
15,75.0,0.02,1.5,6,6,2.356194490192345,2.356194490192345,1,0.41300215042681115,1.2926396448052539e-12,1.887379141862766e-15,7.310689028842495e-15
15,75.0,0.02,1.5,6,6,2.356194490192345,2.356194490192345,2,0.7872557366501268,7.910473105985276e-13,1.887379141862766e-15,7.310689028842495e-15
15,75.0,0.02,1.5,6,6,2.356194490192345,2.356194490192345,3,0.8934662107315126,5.337071641256761e-13,1.887379141862766e-15,7.310689028842495e-15
15,75.0,0.02,1.5,6,6,2.356194490192345,2.356194490192345,4,1.6180249964724347,3.533744073447096e-13,1.887379141862766e-15,7.310689028842495e-15
15,75.0,0.02,1.5,6,6,2.356194490192345,2.356194490192345,5,3.6257606225114647,1.3861877512103208e-13,1.887379141862766e-15,7.310689028842495e-15
15,75.0,0.02,1.5,6,6,2.356194490192345,2.356194490192345,6,3.800070740992532,1.5911207878190513e-13,1.887379141862766e-15,7.310689028842495e-15
15,75.0,0.02,1.5,6,6,2.356194490192345,2.356194490192345,7,4.23559045272058,2.4346725050323636e-13,1.887379141862766e-15,7.310689028842495e-15
15,75.0,0.02,1.5,6,6,2.356194490192345,2.356194490192345,8,4.4490022828840345,1.0180877957632046e-13,1.887379141862766e-15,7.310689028842495e-15
15,75.0,0.02,1.5,7,0,2.748893571891069,0.0,1,0.28058405875949133,3.0198751388437487e-12,3.885780586188048e-15,5.138574688042979e-15
15,75.0,0.02,1.5,7,0,2.748893571891069,0.0,2,0.5014331002998359,1.2198260562852289e-12,3.885780586188048e-15,5.138574688042979e-15
15,75.0,0.02,1.5,7,0,2.748893571891069,0.0,3,1.6003219131078759,2.73895470943307e-13,3.885780586188048e-15,5.138574688042979e-15
15,75.0,0.02,1.5,7,0,2.748893571891069,0.0,4,2.2827372959586776,3.0861673255836257e-13,3.885780586188048e-15,5.138574688042979e-15
15,75.0,0.02,1.5,7,0,2.748893571891069,0.0,5,2.691916972967938,1.758651372195118e-13,3.885780586188048e-15,5.138574688042979e-15
15,75.0,0.02,1.5,7,0,2.748893571891069,0.0,6,2.8375761315414842,1.943926168265158e-13,3.885780586188048e-15,5.138574688042979e-15
15,75.0,0.02,1.5,7,0,2.748893571891069,0.0,7,4.016702728670122,1.3954329981140061e-13,3.885780586188048e-15,5.138574688042979e-15
15,75.0,0.02,1.5,7,0,2.748893571891069,0.0,8,4.617288778106699,1.370346483595533e-13,3.885780586188048e-15,5.138574688042979e-15
15,75.0,0.02,1.5,7,1,2.748893571891069,0.39269908169872414,1,0.2887053636529548,3.109984921021412e-12,1.9984014443252818e-15,5.624796623751636e-15
15,75.0,0.02,1.5,7,1,2.748893571891069,0.39269908169872414,2,0.507605823061702,1.1837301496966749e-12,1.9984014443252818e-15,5.624796623751636e-15
15,75.0,0.02,1.5,7,1,2.748893571891069,0.39269908169872414,3,1.5598420045334553,3.1334519591195485e-13,1.9984014443252818e-15,5.624796623751636e-15
15,75.0,0.02,1.5,7,1,2.748893571891069,0.39269908169872414,4,2.2149746533511916,2.319050434000195e-13,1.9984014443252818e-15,5.624796623751636e-15
15,75.0,0.02,1.5,7,1,2.748893571891069,0.39269908169872414,5,2.757045100503477,2.805092253118626e-13,1.9984014443252818e-15,5.624796623751636e-15
15,75.0,0.02,1.5,7,1,2.748893571891069,0.39269908169872414,6,2.9020059592497276,1.90897364341912e-13,1.9984014443252818e-15,5.624796623751636e-15
15,75.0,0.02,1.5,7,1,2.748893571891069,0.39269908169872414,7,4.024404226065519,1.7322279040350648e-13,1.9984014443252818e-15,5.624796623751636e-15
15,75.0,0.02,1.5,7,1,2.748893571891069,0.39269908169872414,8,4.623069162203494,1.277751639288116e-13,1.9984014443252818e-15,5.624796623751636e-15
15,75.0,0.02,1.5,7,2,2.748893571891069,0.7853981633974483,1,0.3109423922637707,2.1418130287714293e-12,2.886579864025407e-15,5.450679098253127e-15
15,75.0,0.02,1.5,7,2,2.748893571891069,0.7853981633974483,2,0.5265101685269846,1.236958963018574e-12,2.886579864025407e-15,5.450679098253127e-15
15,75.0,0.02,1.5,7,2,2.748893571891069,0.7853981633974483,3,1.4559633794553681,2.9625798388956437e-13,2.886579864025407e-15,5.450679098253127e-15
15,75.0,0.02,1.5,7,2,2.748893571891069,0.7853981633974483,4,2.0770778988853715,2.928952333847529e-13,2.886579864025407e-15,5.450679098253127e-15
15,75.0,0.02,1.5,7,2,2.748893571891069,0.7853981633974483,5,2.9055787262091224,2.2449603831961286e-13,2.886579864025407e-15,5.450679098253127e-15
15,75.0,0.02,1.5,7,2,2.748893571891069,0.7853981633974483,6,3.058721694827669,1.5231449940475813e-13,2.886579864025407e-15,5.450679098253127e-15
15,75.0,0.02,1.5,7,2,2.748893571891069,0.7853981633974483,7,4.047671996628231,1.3447180911584858e-13,2.886579864025407e-15,5.450679098253127e-15
15,75.0,0.02,1.5,7,2,2.748893571891069,0.7853981633974483,8,4.640216297294492,1.5542854956134832e-13,2.886579864025407e-15,5.450679098253127e-15
15,75.0,0.02,1.5,7,3,2.748893571891069,1.1780972450961724,1,0.34295457198403057,2.7307530533844963e-12,2.3314683517128287e-15,5.2976621166173966e-15
15,75.0,0.02,1.5,7,3,2.748893571891069,1.1780972450961724,2,0.5585971605252141,1.247221707901624e-12,2.3314683517128287e-15,5.2976621166173966e-15
15,75.0,0.02,1.5,7,3,2.748893571891069,1.1780972450961724,3,1.3195692160709025,4.775358093746331e-13,2.3314683517128287e-15,5.2976621166173966e-15
15,75.0,0.02,1.5,7,3,2.748893571891069,1.1780972450961724,4,1.9265984463358707,2.898670883031952e-13,2.3314683517128287e-15,5.2976621166173966e-15
15,75.0,0.02,1.5,7,3,2.748893571891069,1.1780972450961724,5,3.0980374093973406,1.6560749416947774e-13,2.3314683517128287e-15,5.2976621166173966e-15
15,75.0,0.02,1.5,7,3,2.748893571891069,1.1780972450961724,6,3.2571284013938864,1.4629514701418714e-13,2.3314683517128287e-15,5.2976621166173966e-15
15,75.0,0.02,1.5,7,3,2.748893571891069,1.1780972450961724,7,4.0870136366733965,1.4303364786999633e-13,2.3314683517128287e-15,5.2976621166173966e-15
15,75.0,0.02,1.5,7,3,2.748893571891069,1.1780972450961724,8,4.668039708771374,1.188935484582121e-13,2.3314683517128287e-15,5.2976621166173966e-15
15,75.0,0.02,1.5,7,4,2.748893571891069,1.5707963267948966,1,0.38188146085404145,1.451952750293768e-12,3.1086244689504383e-15,6.8201167578372935e-15
15,75.0,0.02,1.5,7,4,2.748893571891069,1.5707963267948966,2,0.6026631962117409,8.905453639724157e-13,3.1086244689504383e-15,6.8201167578372935e-15
15,75.0,0.02,1.5,7,4,2.748893571891069,1.5707963267948966,3,1.1727841181256558,4.176109243937566e-13,3.1086244689504383e-15,6.8201167578372935e-15
15,75.0,0.02,1.5,7,4,2.748893571891069,1.5707963267948966,4,1.7820021579919727,2.7774499172021686e-13,3.1086244689504383e-15,6.8201167578372935e-15
15,75.0,0.02,1.5,7,4,2.748893571891069,1.5707963267948966,5,3.3150361062017124,1.1456012117811925e-13,3.1086244689504383e-15,6.8201167578372935e-15
15,75.0,0.02,1.5,7,4,2.748893571891069,1.5707963267948966,6,3.4724053597615265,1.2697794523210539e-13,3.1086244689504383e-15,6.8201167578372935e-15
15,75.0,0.02,1.5,7,4,2.748893571891069,1.5707963267948966,7,4.143234677924818,1.1073716497845105e-13,3.1086244689504383e-15,6.8201167578372935e-15
15,75.0,0.02,1.5,7,4,2.748893571891069,1.5707963267948966,8,4.704874320804498,1.1181672492517335e-13,3.1086244689504383e-15,6.8201167578372935e-15
15,75.0,0.02,1.5,7,5,2.748893571891069,1.9634954084936207,1,0.42801188605102514,1.920550640355123e-12,1.887379141862766e-15,6.3532118428708875e-15
15,75.0,0.02,1.5,7,5,2.748893571891069,1.9634954084936207,2,0.6542576643074581,9.13503316093311e-13,1.887379141862766e-15,6.3532118428708875e-15
15,75.0,0.02,1.5,7,5,2.748893571891069,1.9634954084936207,3,1.0287917199633334,5.021076192788523e-13,1.887379141862766e-15,6.3532118428708875e-15
15,75.0,0.02,1.5,7,5,2.748893571891069,1.9634954084936207,4,1.6518608918497013,4.245685395144484e-13,1.887379141862766e-15,6.3532118428708875e-15
15,75.0,0.02,1.5,7,5,2.748893571891069,1.9634954084936207,5,3.5414515588478026,1.3294252139952377e-13,1.887379141862766e-15,6.3532118428708875e-15
15,75.0,0.02,1.5,7,5,2.748893571891069,1.9634954084936207,6,3.6905497722457903,1.3060924135665128e-13,1.887379141862766e-15,6.3532118428708875e-15
15,75.0,0.02,1.5,7,5,2.748893571891069,1.9634954084936207,7,4.216660380529641,1.0230109375574107e-13,1.887379141862766e-15,6.3532118428708875e-15
15,75.0,0.02,1.5,7,5,2.748893571891069,1.9634954084936207,8,4.673908388338677,1.2533391256606196e-13,1.887379141862766e-15,6.3532118428708875e-15
15,75.0,0.02,1.5,7,6,2.748893571891069,2.356194490192345,1,0.4835975732070456,1.64092836477923e-12,3.774758283725532e-15,6.8379958731525046e-15
15,75.0,0.02,1.5,7,6,2.748893571891069,2.356194490192345,2,0.7039748096456387,8.063882180325362e-13,3.774758283725532e-15,6.8379958731525046e-15
15,75.0,0.02,1.5,7,6,2.748893571891069,2.356194490192345,3,0.8974614025116247,6.28406115036227e-13,3.774758283725532e-15,6.8379958731525046e-15
15,75.0,0.02,1.5,7,6,2.748893571891069,2.356194490192345,4,1.5441729934234956,4.4966357049106995e-13,3.774758283725532e-15,6.8379958731525046e-15
15,75.0,0.02,1.5,7,6,2.748893571891069,2.356194490192345,5,3.7604715398304003,1.3127862899674443e-13,3.774758283725532e-15,6.8379958731525046e-15
15,75.0,0.02,1.5,7,6,2.748893571891069,2.356194490192345,6,3.896255043488522,1.5245058529289064e-13,3.774758283725532e-15,6.8379958731525046e-15
15,75.0,0.02,1.5,7,6,2.748893571891069,2.356194490192345,7,4.302353347073201,1.6237549868275573e-13,3.774758283725532e-15,6.8379958731525046e-15
15,75.0,0.02,1.5,7,6,2.748893571891069,2.356194490192345,8,4.5425029185458605,1.5949147340008962e-13,3.774758283725532e-15,6.8379958731525046e-15
15,75.0,0.02,1.5,7,7,2.748893571891069,2.748893571891069,1,0.5494517231046404,1.025156676144766e-12,3.552713678800501e-15,6.037025488529984e-15
15,75.0,0.02,1.5,7,7,2.748893571891069,2.748893571891069,2,0.723772280619396,7.506333587139441e-13,3.552713678800501e-15,6.037025488529984e-15
15,75.0,0.02,1.5,7,7,2.748893571891069,2.748893571891069,3,0.8024978025492844,8.930262930362647e-13,3.552713678800501e-15,6.037025488529984e-15
15,75.0,0.02,1.5,7,7,2.748893571891069,2.748893571891069,4,1.46998660107949,5.053675553019564e-13,3.552713678800501e-15,6.037025488529984e-15
15,75.0,0.02,1.5,7,7,2.748893571891069,2.748893571891069,5,3.9473799122659416,1.2389659735445235e-13,3.552713678800501e-15,6.037025488529984e-15
15,75.0,0.02,1.5,7,7,2.748893571891069,2.748893571891069,6,4.058628257788265,1.8705720322054296e-13,3.552713678800501e-15,6.037025488529984e-15
15,75.0,0.02,1.5,7,7,2.748893571891069,2.748893571891069,7,4.366356908875437,1.3998650411526037e-13,3.552713678800501e-15,6.037025488529984e-15
15,75.0,0.02,1.5,7,7,2.748893571891069,2.748893571891069,8,4.448341640473074,1.6007912537877717e-13,3.552713678800501e-15,6.037025488529984e-15
15,75.0,0.02,1.5,8,0,3.141592653589793,0.0,1,0.3569452421460594,4.0588273865268096e-12,3.885780586188048e-15,6.315955796925427e-15
15,75.0,0.02,1.5,8,0,3.141592653589793,0.0,2,0.40724303633422215,1.4603209365646273e-12,3.885780586188048e-15,6.315955796925427e-15
15,75.0,0.02,1.5,8,0,3.141592653589793,0.0,3,1.609416524893307,2.9392682292193083e-13,3.885780586188048e-15,6.315955796925427e-15
15,75.0,0.02,1.5,8,0,3.141592653589793,0.0,4,2.2942008723064395,2.893692608949776e-13,3.885780586188048e-15,6.315955796925427e-15
15,75.0,0.02,1.5,8,0,3.141592653589793,0.0,5,2.669452986520643,2.2781402102145666e-13,3.885780586188048e-15,6.315955796925427e-15
15,75.0,0.02,1.5,8,0,3.141592653589793,0.0,6,2.8227792473159314,2.059994455807397e-13,3.885780586188048e-15,6.315955796925427e-15
15,75.0,0.02,1.5,8,0,3.141592653589793,0.0,7,4.2399097588493095,1.250416876590444e-13,3.885780586188048e-15,6.315955796925427e-15
15,75.0,0.02,1.5,8,0,3.141592653589793,0.0,8,4.375866328561845,1.6145093003369764e-13,3.885780586188048e-15,6.315955796925427e-15
15,75.0,0.02,1.5,8,1,3.141592653589793,0.39269908169872414,1,0.3688637627035648,2.4644050874048132e-12,2.886579864025407e-15,6.036764519455266e-15
15,75.0,0.02,1.5,8,1,3.141592653589793,0.39269908169872414,2,0.4097135603751273,1.1455768930388822e-12,2.886579864025407e-15,6.036764519455266e-15
15,75.0,0.02,1.5,8,1,3.141592653589793,0.39269908169872414,3,1.5701846431416189,2.7060294661463906e-13,2.886579864025407e-15,6.036764519455266e-15
15,75.0,0.02,1.5,8,1,3.141592653589793,0.39269908169872414,4,2.212448411297781,3.065183494436593e-13,2.886579864025407e-15,6.036764519455266e-15
15,75.0,0.02,1.5,8,1,3.141592653589793,0.39269908169872414,5,2.7620121495115098,2.2529355609967757e-13,2.886579864025407e-15,6.036764519455266e-15
15,75.0,0.02,1.5,8,1,3.141592653589793,0.39269908169872414,6,2.873309471008856,1.9903104822008278e-13,2.886579864025407e-15,6.036764519455266e-15
15,75.0,0.02,1.5,8,1,3.141592653589793,0.39269908169872414,7,4.245358750181005,1.3761045962842826e-13,2.886579864025407e-15,6.036764519455266e-15
15,75.0,0.02,1.5,8,1,3.141592653589793,0.39269908169872414,8,4.383405718511592,1.7256618662153572e-13,2.886579864025407e-15,6.036764519455266e-15
15,75.0,0.02,1.5,8,2,3.141592653589793,0.7853981633974483,1,0.4024321419041084,1.9595241285713326e-12,5.88418203051333e-15,6.1318758029562725e-15
15,75.0,0.02,1.5,8,2,3.141592653589793,0.7853981633974483,2,0.4175330225401889,1.5023596276352961e-12,5.88418203051333e-15,6.1318758029562725e-15
15,75.0,0.02,1.5,8,2,3.141592653589793,0.7853981633974483,3,1.4686701195126037,2.820943872353601e-13,5.88418203051333e-15,6.1318758029562725e-15
15,75.0,0.02,1.5,8,2,3.141592653589793,0.7853981633974483,4,2.0613307976540187,3.616904415049847e-13,5.88418203051333e-15,6.1318758029562725e-15
15,75.0,0.02,1.5,8,2,3.141592653589793,0.7853981633974483,5,2.945476639242192,2.0851364394548498e-13,5.88418203051333e-15,6.1318758029562725e-15
15,75.0,0.02,1.5,8,2,3.141592653589793,0.7853981633974483,6,3.008566985685621,2.4550488373941586e-13,5.88418203051333e-15,6.1318758029562725e-15
15,75.0,0.02,1.5,8,2,3.141592653589793,0.7853981633974483,7,4.261304810077367,1.352694407250828e-13,5.88418203051333e-15,6.1318758029562725e-15
15,75.0,0.02,1.5,8,2,3.141592653589793,0.7853981633974483,8,4.406266530024779,1.9953252089690775e-13,5.88418203051333e-15,6.1318758029562725e-15
15,75.0,0.02,1.5,8,3,3.141592653589793,1.1780972450961724,1,0.43191183785968,1.0579447269053045e-12,5.10702591327572e-15,6.094775626078967e-15
15,75.0,0.02,1.5,8,3,3.141592653589793,1.1780972450961724,2,0.45246230941249416,1.993052714704879e-12,5.10702591327572e-15,6.094775626078967e-15
15,75.0,0.02,1.5,8,3,3.141592653589793,1.1780972450961724,3,1.3341419650457063,3.810158753010359e-13,5.10702591327572e-15,6.094775626078967e-15
15,75.0,0.02,1.5,8,3,3.141592653589793,1.1780972450961724,4,1.90438304821804,4.2945854738908325e-13,5.10702591327572e-15,6.094775626078967e-15
15,75.0,0.02,1.5,8,3,3.141592653589793,1.1780972450961724,5,3.15610285297039,1.7165879464066206e-13,5.10702591327572e-15,6.094775626078967e-15
15,75.0,0.02,1.5,8,3,3.141592653589793,1.1780972450961724,6,3.1987182501977047,2.822395514264218e-13,5.10702591327572e-15,6.094775626078967e-15
15,75.0,0.02,1.5,8,3,3.141592653589793,1.1780972450961724,7,4.28639302956092,1.1668562648129373e-13,5.10702591327572e-15,6.094775626078967e-15
15,75.0,0.02,1.5,8,3,3.141592653589793,1.1780972450961724,8,4.445213028140038,2.0321322877012635e-13,5.10702591327572e-15,6.094775626078967e-15
15,75.0,0.02,1.5,8,4,3.141592653589793,1.5707963267948966,1,0.45480680093681036,1.1769772976594201e-12,3.774758283725532e-15,6.007450212369459e-15
15,75.0,0.02,1.5,8,4,3.141592653589793,1.5707963267948966,2,0.5129127909701878,1.3018365072332983e-12,3.774758283725532e-15,6.007450212369459e-15
15,75.0,0.02,1.5,8,4,3.141592653589793,1.5707963267948966,3,1.1883075478861085,3.613563055424362e-13,3.774758283725532e-15,6.007450212369459e-15
15,75.0,0.02,1.5,8,4,3.141592653589793,1.5707963267948966,4,1.7566619564735673,3.520454397872304e-13,3.774758283725532e-15,6.007450212369459e-15
15,75.0,0.02,1.5,8,4,3.141592653589793,1.5707963267948966,5,3.3785491789508475,1.3182985496473255e-13,3.774758283725532e-15,6.007450212369459e-15
15,75.0,0.02,1.5,8,4,3.141592653589793,1.5707963267948966,6,3.420661316512675,1.6387221567216137e-13,3.774758283725532e-15,6.007450212369459e-15
15,75.0,0.02,1.5,8,4,3.141592653589793,1.5707963267948966,7,4.317753721290886,1.330046670903379e-13,3.774758283725532e-15,6.007450212369459e-15
15,75.0,0.02,1.5,8,4,3.141592653589793,1.5707963267948966,8,4.501619426751461,1.5702295940670684e-13,3.774758283725532e-15,6.007450212369459e-15
15,75.0,0.02,1.5,8,5,3.141592653589793,1.9634954084936207,1,0.4887736274325535,1.1035604195454667e-12,2.3314683517128287e-15,5.979886662032397e-15
15,75.0,0.02,1.5,8,5,3.141592653589793,1.9634954084936207,2,0.5774211188787702,1.3278066401127193e-12,2.3314683517128287e-15,5.979886662032397e-15
15,75.0,0.02,1.5,8,5,3.141592653589793,1.9634954084936207,3,1.0440821146834518,6.327569601658645e-13,2.3314683517128287e-15,5.979886662032397e-15
15,75.0,0.02,1.5,8,5,3.141592653589793,1.9634954084936207,4,1.6250886194206304,4.217839626025497e-13,2.3314683517128287e-15,5.979886662032397e-15
15,75.0,0.02,1.5,8,5,3.141592653589793,1.9634954084936207,5,3.605746046836677,1.807980779814625e-13,2.3314683517128287e-15,5.979886662032397e-15
15,75.0,0.02,1.5,8,5,3.141592653589793,1.9634954084936207,6,3.658181475502104,1.9909437007481458e-13,2.3314683517128287e-15,5.979886662032397e-15
15,75.0,0.02,1.5,8,5,3.141592653589793,1.9634954084936207,7,4.349639955071571,1.3317999951687154e-13,2.3314683517128287e-15,5.979886662032397e-15
15,75.0,0.02,1.5,8,5,3.141592653589793,1.9634954084936207,8,4.5774554715605635,2.3473501313662e-13,2.3314683517128287e-15,5.979886662032397e-15
15,75.0,0.02,1.5,8,6,3.141592653589793,2.356194490192345,1,0.5366465156166614,8.759406634910519e-13,5.995204332975845e-15,6.2916957060720975e-15
15,75.0,0.02,1.5,8,6,3.141592653589793,2.356194490192345,2,0.6381309837265156,9.929214725631179e-13,5.995204332975845e-15,6.2916957060720975e-15
15,75.0,0.02,1.5,8,6,3.141592653589793,2.356194490192345,3,0.909381099325703,4.653383714292772e-13,5.995204332975845e-15,6.2916957060720975e-15
15,75.0,0.02,1.5,8,6,3.141592653589793,2.356194490192345,4,1.51695154145196,6.902882176233619e-13,5.995204332975845e-15,6.2916957060720975e-15
15,75.0,0.02,1.5,8,6,3.141592653589793,2.356194490192345,5,3.830980165593032,1.8175572211842133e-13,5.995204332975845e-15,6.2916957060720975e-15
15,75.0,0.02,1.5,8,6,3.141592653589793,2.356194490192345,6,3.895610767504253,1.8604578773869782e-13,5.995204332975845e-15,6.2916957060720975e-15
15,75.0,0.02,1.5,8,6,3.141592653589793,2.356194490192345,7,4.370423552663184,1.729338938397255e-13,5.995204332975845e-15,6.2916957060720975e-15
15,75.0,0.02,1.5,8,6,3.141592653589793,2.356194490192345,8,4.6090984254927685,1.7572675265841575e-13,5.995204332975845e-15,6.2916957060720975e-15
15,75.0,0.02,1.5,8,7,3.141592653589793,2.748893571891069,1,0.6008319700367064,7.90114056041155e-13,5.551115123125783e-15,6.695613316897735e-15
15,75.0,0.02,1.5,8,7,3.141592653589793,2.748893571891069,2,0.6839302221158424,1.0569209625019242e-12,5.551115123125783e-15,6.695613316897735e-15
15,75.0,0.02,1.5,8,7,3.141592653589793,2.748893571891069,3,0.789660699022066,8.097288639292878e-13,5.551115123125783e-15,6.695613316897735e-15
15,75.0,0.02,1.5,8,7,3.141592653589793,2.748893571891069,4,1.4428740697957279,6.084642007622045e-13,5.551115123125783e-15,6.695613316897735e-15
15,75.0,0.02,1.5,8,7,3.141592653589793,2.748893571891069,5,4.045445802229438,2.3690824715161936e-13,5.551115123125783e-15,6.695613316897735e-15
15,75.0,0.02,1.5,8,7,3.141592653589793,2.748893571891069,6,4.110065239944279,2.2403968518088606e-13,5.551115123125783e-15,6.695613316897735e-15
15,75.0,0.02,1.5,8,7,3.141592653589793,2.748893571891069,7,4.3579388802633865,2.8732277991022855e-13,5.551115123125783e-15,6.695613316897735e-15
15,75.0,0.02,1.5,8,7,3.141592653589793,2.748893571891069,8,4.443230869228467,2.1276948451394642e-13,5.551115123125783e-15,6.695613316897735e-15
15,75.0,0.02,1.5,8,8,3.141592653589793,3.141592653589793,1,0.6698808892179421,6.560140731481159e-13,5.329070518200751e-15,6.445219793542494e-15
15,75.0,0.02,1.5,8,8,3.141592653589793,3.141592653589793,2,0.7014845707921801,9.963444502733494e-13,5.329070518200751e-15,6.445219793542494e-15
15,75.0,0.02,1.5,8,8,3.141592653589793,3.141592653589793,3,0.701501752501842,7.967913840703777e-13,5.329070518200751e-15,6.445219793542494e-15
15,75.0,0.02,1.5,8,8,3.141592653589793,3.141592653589793,4,1.415911209085271,4.931554226509852e-13,5.329070518200751e-15,6.445219793542494e-15
15,75.0,0.02,1.5,8,8,3.141592653589793,3.141592653589793,5,4.204567546424754,1.6815337724501052e-13,5.329070518200751e-15,6.445219793542494e-15
15,75.0,0.02,1.5,8,8,3.141592653589793,3.141592653589793,6,4.245979066416004,1.2969434971328664e-13,5.329070518200751e-15,6.445219793542494e-15
15,75.0,0.02,1.5,8,8,3.141592653589793,3.141592653589793,7,4.302154012779409,2.2558418521046317e-13,5.329070518200751e-15,6.445219793542494e-15
15,75.0,0.02,1.5,8,8,3.141592653589793,3.141592653589793,8,4.302307245851495,2.087113680316805e-13,5.329070518200751e-15,6.445219793542494e-15
15,75.0,0.08,6.0,0,0,0.0,0.0,1,0.0,0.9981680709936702,4.884981308350689e-15,6.6533669436770606e-15
15,75.0,0.08,6.0,0,0,0.0,0.0,2,3.6327296567809197,1.8041054168393787e-13,4.884981308350689e-15,6.6533669436770606e-15
15,75.0,0.08,6.0,0,0,0.0,0.0,3,3.632729656780977,2.320159950872783e-13,4.884981308350689e-15,6.6533669436770606e-15
15,75.0,0.08,6.0,0,0,0.0,0.0,4,5.026906442671656,7.307581849092172e-14,4.884981308350689e-15,6.6533669436770606e-15
15,75.0,0.08,6.0,0,0,0.0,0.0,5,7.783529815673247,7.771950598984285e-14,4.884981308350689e-15,6.6533669436770606e-15
15,75.0,0.08,6.0,0,0,0.0,0.0,6,9.124434693196664,3.174857759508673e-13,4.884981308350689e-15,6.6533669436770606e-15
15,75.0,0.08,6.0,0,0,0.0,0.0,7,9.124434693196752,2.2738707747110553e-13,4.884981308350689e-15,6.6533669436770606e-15
15,75.0,0.08,6.0,0,0,0.0,0.0,8,11.148985187879914,4.413688576553848e-14,4.884981308350689e-15,6.6533669436770606e-15
15,75.0,0.08,6.0,1,0,0.39269908169872414,0.0,1,0.013824607435810638,1.3874001066212116e-10,3.7636560534792807e-14,6.745526197323095e-15
15,75.0,0.08,6.0,1,0,0.39269908169872414,0.0,2,3.5191028563312416,7.884826653890668e-14,3.7636560534792807e-14,6.745526197323095e-15
15,75.0,0.08,6.0,1,0,0.39269908169872414,0.0,3,3.647324216237501,6.269084949555571e-14,3.7636560534792807e-14,6.745526197323095e-15
15,75.0,0.08,6.0,1,0,0.39269908169872414,0.0,4,5.0925406728660025,7.689547681739354e-14,3.7636560534792807e-14,6.745526197323095e-15
15,75.0,0.08,6.0,1,0,0.39269908169872414,0.0,5,7.845669587234898,8.940921948004457e-14,3.7636560534792807e-14,6.745526197323095e-15
15,75.0,0.08,6.0,1,0,0.39269908169872414,0.0,6,9.03519928485362,8.534831789146675e-14,3.7636560534792807e-14,6.745526197323095e-15
15,75.0,0.08,6.0,1,0,0.39269908169872414,0.0,7,9.071455451052536,1.1013235130383245e-13,3.7636560534792807e-14,6.745526197323095e-15
15,75.0,0.08,6.0,1,0,0.39269908169872414,0.0,8,11.238764197359277,1.8976773309078343e-13,3.7636560534792807e-14,6.745526197323095e-15
15,75.0,0.08,6.0,1,1,0.39269908169872414,0.39269908169872414,1,0.03061825952950224,3.7902545941035454e-11,4.440892098500626e-15,6.410014455902555e-15
15,75.0,0.08,6.0,1,1,0.39269908169872414,0.39269908169872414,2,3.5218348634246044,1.3065401241013922e-13,4.440892098500626e-15,6.410014455902555e-15
15,75.0,0.08,6.0,1,1,0.39269908169872414,0.39269908169872414,3,3.547326706769486,6.082234490543254e-14,4.440892098500626e-15,6.410014455902555e-15
15,75.0,0.08,6.0,1,1,0.39269908169872414,0.39269908169872414,4,5.155546895480464,7.668838906667221e-14,4.440892098500626e-15,6.410014455902555e-15
15,75.0,0.08,6.0,1,1,0.39269908169872414,0.39269908169872414,5,7.906884291537087,5.660026388411913e-14,4.440892098500626e-15,6.410014455902555e-15
15,75.0,0.08,6.0,1,1,0.39269908169872414,0.39269908169872414,6,8.850367542563452,8.299721851400922e-14,4.440892098500626e-15,6.410014455902555e-15
15,75.0,0.08,6.0,1,1,0.39269908169872414,0.39269908169872414,7,9.150426239524531,5.619646425749988e-14,4.440892098500626e-15,6.410014455902555e-15
15,75.0,0.08,6.0,1,1,0.39269908169872414,0.39269908169872414,8,11.257790619891004,5.942565780069012e-14,4.440892098500626e-15,6.410014455902555e-15
15,75.0,0.08,6.0,2,0,0.7853981633974483,0.0,1,0.0555697005928766,1.8267273432056666e-11,4.6629367034256575e-15,5.130805639491778e-15
15,75.0,0.08,6.0,2,0,0.7853981633974483,0.0,2,3.237405646364382,9.604793271815564e-14,4.6629367034256575e-15,5.130805639491778e-15
15,75.0,0.08,6.0,2,0,0.7853981633974483,0.0,3,3.6895816056310866,5.341541480291717e-14,4.6629367034256575e-15,5.130805639491778e-15
15,75.0,0.08,6.0,2,0,0.7853981633974483,0.0,4,5.235351246774724,7.397655083188667e-14,4.6629367034256575e-15,5.130805639491778e-15
15,75.0,0.08,6.0,2,0,0.7853981633974483,0.0,5,8.018183647989966,5.697093090031277e-14,4.6629367034256575e-15,5.130805639491778e-15
15,75.0,0.08,6.0,2,0,0.7853981633974483,0.0,6,8.81152508172239,5.060962422629439e-14,4.6629367034256575e-15,5.130805639491778e-15
15,75.0,0.08,6.0,2,0,0.7853981633974483,0.0,7,8.949275767980778,6.264049365369665e-14,4.6629367034256575e-15,5.130805639491778e-15
15,75.0,0.08,6.0,2,0,0.7853981633974483,0.0,8,11.477916821565447,4.3869624594134616e-14,4.6629367034256575e-15,5.130805639491778e-15
15,75.0,0.08,6.0,2,1,0.7853981633974483,0.39269908169872414,1,0.07426350411764174,1.0563116406281964e-11,3.9968028886505635e-15,6.578906037479663e-15
15,75.0,0.08,6.0,2,1,0.7853981633974483,0.39269908169872414,2,3.253187247916408,7.561973512879976e-14,3.9968028886505635e-15,6.578906037479663e-15
15,75.0,0.08,6.0,2,1,0.7853981633974483,0.39269908169872414,3,3.579800271296832,6.353622896848398e-14,3.9968028886505635e-15,6.578906037479663e-15
15,75.0,0.08,6.0,2,1,0.7853981633974483,0.39269908169872414,4,5.291184268495596,7.108115465499301e-14,3.9968028886505635e-15,6.578906037479663e-15
15,75.0,0.08,6.0,2,1,0.7853981633974483,0.39269908169872414,5,8.076981250138523,7.825914214797106e-14,3.9968028886505635e-15,6.578906037479663e-15
15,75.0,0.08,6.0,2,1,0.7853981633974483,0.39269908169872414,6,8.609130905387262,7.351800872156619e-14,3.9968028886505635e-15,6.578906037479663e-15
15,75.0,0.08,6.0,2,1,0.7853981633974483,0.39269908169872414,7,9.112311985356028,5.910074467888201e-14,3.9968028886505635e-15,6.578906037479663e-15
15,75.0,0.08,6.0,2,1,0.7853981633974483,0.39269908169872414,8,11.400134252920735,4.430011480948261e-14,3.9968028886505635e-15,6.578906037479663e-15
15,75.0,0.08,6.0,2,2,0.7853981633974483,0.7853981633974483,1,0.12305753167391248,5.135479303649798e-12,1.3322676295501878e-15,7.032898580309664e-15
15,75.0,0.08,6.0,2,2,0.7853981633974483,0.7853981633974483,2,3.2835403219348387,1.892668280523657e-13,1.3322676295501878e-15,7.032898580309664e-15
15,75.0,0.08,6.0,2,2,0.7853981633974483,0.7853981633974483,3,3.3194303507593172,7.76134884291797e-14,1.3322676295501878e-15,7.032898580309664e-15
15,75.0,0.08,6.0,2,2,0.7853981633974483,0.7853981633974483,4,5.405401035710449,8.189452838843593e-14,1.3322676295501878e-15,7.032898580309664e-15
15,75.0,0.08,6.0,2,2,0.7853981633974483,0.7853981633974483,5,8.247750809245591,5.5802598623587154e-14,1.3322676295501878e-15,7.032898580309664e-15
15,75.0,0.08,6.0,2,2,0.7853981633974483,0.7853981633974483,6,8.363936897557279,1.1287212838329045e-13,1.3322676295501878e-15,7.032898580309664e-15
15,75.0,0.08,6.0,2,2,0.7853981633974483,0.7853981633974483,7,9.228770802219346,4.5972788846745545e-14,1.3322676295501878e-15,7.032898580309664e-15
15,75.0,0.08,6.0,2,2,0.7853981633974483,0.7853981633974483,8,11.375493666712966,3.5976943934648916e-14,1.3322676295501878e-15,7.032898580309664e-15
15,75.0,0.08,6.0,3,0,1.1780972450961724,0.0,1,0.12612540089857843,5.830660720203185e-12,1.3322676295501878e-15,6.82897750487295e-15
15,75.0,0.08,6.0,3,0,1.1780972450961724,0.0,2,2.8739201446855667,1.0814861110576118e-13,1.3322676295501878e-15,6.82897750487295e-15
15,75.0,0.08,6.0,3,0,1.1780972450961724,0.0,3,3.7549095196395164,5.911049334248133e-14,1.3322676295501878e-15,6.82897750487295e-15
15,75.0,0.08,6.0,3,0,1.1780972450961724,0.0,4,5.3841069246456135,6.841146925281599e-14,1.3322676295501878e-15,6.82897750487295e-15
15,75.0,0.08,6.0,3,0,1.1780972450961724,0.0,5,8.231747745835643,6.19311504207918e-14,1.3322676295501878e-15,6.82897750487295e-15
15,75.0,0.08,6.0,3,0,1.1780972450961724,0.0,6,8.529251910473919,5.386486045871844e-14,1.3322676295501878e-15,6.82897750487295e-15
15,75.0,0.08,6.0,3,0,1.1780972450961724,0.0,7,8.862687023146703,2.7515804424762516e-13,1.3322676295501878e-15,6.82897750487295e-15
15,75.0,0.08,6.0,3,0,1.1780972450961724,0.0,8,11.807054360903672,3.750927269619427e-14,1.3322676295501878e-15,6.82897750487295e-15
15,75.0,0.08,6.0,3,1,1.1780972450961724,0.39269908169872414,1,0.14561783934473194,4.1697920379072945e-12,2.4424906541753444e-15,6.125387127056299e-15
15,75.0,0.08,6.0,3,1,1.1780972450961724,0.39269908169872414,2,2.890791879817679,8.630707226466597e-14,2.4424906541753444e-15,6.125387127056299e-15
15,75.0,0.08,6.0,3,1,1.1780972450961724,0.39269908169872414,3,3.647665569180662,5.593359018289705e-14,2.4424906541753444e-15,6.125387127056299e-15
15,75.0,0.08,6.0,3,1,1.1780972450961724,0.39269908169872414,4,5.426355067803976,6.251444355504415e-14,2.4424906541753444e-15,6.125387127056299e-15
15,75.0,0.08,6.0,3,1,1.1780972450961724,0.39269908169872414,5,8.233119743466023,5.4279809139128734e-14,2.4424906541753444e-15,6.125387127056299e-15
15,75.0,0.08,6.0,3,1,1.1780972450961724,0.39269908169872414,6,8.4532034537093,8.107120993308798e-14,2.4424906541753444e-15,6.125387127056299e-15
15,75.0,0.08,6.0,3,1,1.1780972450961724,0.39269908169872414,7,9.008673151486624,1.2250775048811826e-13,2.4424906541753444e-15,6.125387127056299e-15
15,75.0,0.08,6.0,3,1,1.1780972450961724,0.39269908169872414,8,11.681283297629339,3.339947077617736e-14,2.4424906541753444e-15,6.125387127056299e-15
15,75.0,0.08,6.0,3,2,1.1780972450961724,0.7853981633974483,1,0.19833253958989447,2.461847563936386e-12,1.3322676295501878e-15,7.637932202548205e-15
15,75.0,0.08,6.0,3,2,1.1780972450961724,0.7853981633974483,2,2.9400979957807474,7.955972789689709e-14,1.3322676295501878e-15,7.637932202548205e-15
15,75.0,0.08,6.0,3,2,1.1780972450961724,0.7853981633974483,3,3.37522299062222,6.327104958167981e-14,1.3322676295501878e-15,7.637932202548205e-15
15,75.0,0.08,6.0,3,2,1.1780972450961724,0.7853981633974483,4,5.499756544813709,6.919926016206572e-14,1.3322676295501878e-15,7.637932202548205e-15
15,75.0,0.08,6.0,3,2,1.1780972450961724,0.7853981633974483,5,8.15349055439335,7.14938783328035e-14,1.3322676295501878e-15,7.637932202548205e-15
15,75.0,0.08,6.0,3,2,1.1780972450961724,0.7853981633974483,6,8.517241631334329,4.2327643187160395e-14,1.3322676295501878e-15,7.637932202548205e-15
15,75.0,0.08,6.0,3,2,1.1780972450961724,0.7853981633974483,7,9.22412580208526,5.992413651577102e-14,1.3322676295501878e-15,7.637932202548205e-15
15,75.0,0.08,6.0,3,2,1.1780972450961724,0.7853981633974483,8,11.526492640105488,4.1057586214328866e-14,1.3322676295501878e-15,7.637932202548205e-15
15,75.0,0.08,6.0,3,3,1.1780972450961724,1.1780972450961724,1,0.27831476754477136,1.4879170098013546e-12,2.9976021664879227e-15,6.4066085591505156e-15
15,75.0,0.08,6.0,3,3,1.1780972450961724,1.1780972450961724,2,3.0078815825067897,7.940965803404359e-14,2.9976021664879227e-15,6.4066085591505156e-15
15,75.0,0.08,6.0,3,3,1.1780972450961724,1.1780972450961724,3,3.0270091506801604,1.0228611556325034e-13,2.9976021664879227e-15,6.4066085591505156e-15
15,75.0,0.08,6.0,3,3,1.1780972450961724,1.1780972450961724,4,5.524471674630001,1.0117590785198962e-13,2.9976021664879227e-15,6.4066085591505156e-15
15,75.0,0.08,6.0,3,3,1.1780972450961724,1.1780972450961724,5,8.075082427599794,8.756626220417937e-14,2.9976021664879227e-15,6.4066085591505156e-15
15,75.0,0.08,6.0,3,3,1.1780972450961724,1.1780972450961724,6,8.741935898253328,4.3524529323539384e-14,2.9976021664879227e-15,6.4066085591505156e-15
15,75.0,0.08,6.0,3,3,1.1780972450961724,1.1780972450961724,7,9.362935988109196,5.598060521805871e-14,2.9976021664879227e-15,6.4066085591505156e-15
15,75.0,0.08,6.0,3,3,1.1780972450961724,1.1780972450961724,8,11.51021284156202,8.017022131622714e-14,2.9976021664879227e-15,6.4066085591505156e-15
15,75.0,0.08,6.0,4,0,1.5707963267948966,0.0,1,0.2272062290106269,2.251147186220353e-12,1.7763568394002505e-15,5.6869158448212525e-15
15,75.0,0.08,6.0,4,0,1.5707963267948966,0.0,2,2.4793279021857466,1.0911714821808073e-13,1.7763568394002505e-15,5.6869158448212525e-15
15,75.0,0.08,6.0,4,0,1.5707963267948966,0.0,3,3.835617833935526,5.867242894425799e-14,1.7763568394002505e-15,5.6869158448212525e-15
15,75.0,0.08,6.0,4,0,1.5707963267948966,0.0,4,5.510130083525964,6.580018687391882e-14,1.7763568394002505e-15,5.6869158448212525e-15
15,75.0,0.08,6.0,4,0,1.5707963267948966,0.0,5,8.242470440647477,9.027437182977156e-14,1.7763568394002505e-15,5.6869158448212525e-15
15,75.0,0.08,6.0,4,0,1.5707963267948966,0.0,6,8.292447351766377,1.0681164011493904e-13,1.7763568394002505e-15,5.6869158448212525e-15
15,75.0,0.08,6.0,4,0,1.5707963267948966,0.0,7,9.020862082596917,5.038006297995439e-14,1.7763568394002505e-15,5.6869158448212525e-15
15,75.0,0.08,6.0,4,0,1.5707963267948966,0.0,8,12.161549015577302,3.771704688826188e-14,1.7763568394002505e-15,5.6869158448212525e-15
15,75.0,0.08,6.0,4,1,1.5707963267948966,0.39269908169872414,1,0.24727149903979956,1.9831392722228024e-12,2.55351295663786e-15,6.0503120169311014e-15
15,75.0,0.08,6.0,4,1,1.5707963267948966,0.39269908169872414,2,2.4965162588875485,9.495547398846519e-14,2.55351295663786e-15,6.0503120169311014e-15
15,75.0,0.08,6.0,4,1,1.5707963267948966,0.39269908169872414,3,3.73255161256868,5.9911189300987e-14,2.55351295663786e-15,6.0503120169311014e-15
15,75.0,0.08,6.0,4,1,1.5707963267948966,0.39269908169872414,4,5.529256598309714,5.586883747884025e-14,2.55351295663786e-15,6.0503120169311014e-15
15,75.0,0.08,6.0,4,1,1.5707963267948966,0.39269908169872414,5,8.081889416400486,9.652687173058752e-14,2.55351295663786e-15,6.0503120169311014e-15
15,75.0,0.08,6.0,4,1,1.5707963267948966,0.39269908169872414,6,8.513914992414058,3.856191327004275e-14,2.55351295663786e-15,6.0503120169311014e-15
15,75.0,0.08,6.0,4,1,1.5707963267948966,0.39269908169872414,7,9.07251123006711,9.618671764129423e-14,2.55351295663786e-15,6.0503120169311014e-15
15,75.0,0.08,6.0,4,1,1.5707963267948966,0.39269908169872414,8,12.033351118224521,6.458053418375209e-14,2.55351295663786e-15,6.0503120169311014e-15
15,75.0,0.08,6.0,4,2,1.5707963267948966,0.7853981633974483,1,0.30255760614687904,1.5309151776280428e-12,2.9976021664879227e-15,6.046030195287092e-15
15,75.0,0.08,6.0,4,2,1.5707963267948966,0.7853981633974483,2,2.5466151436791953,9.836134774235546e-14,2.9976021664879227e-15,6.046030195287092e-15
15,75.0,0.08,6.0,4,2,1.5707963267948966,0.7853981633974483,3,3.4678593296121534,7.017601974080571e-14,2.9976021664879227e-15,6.046030195287092e-15
15,75.0,0.08,6.0,4,2,1.5707963267948966,0.7853981633974483,4,5.538191651187853,6.055462305987337e-14,2.9976021664879227e-15,6.046030195287092e-15
15,75.0,0.08,6.0,4,2,1.5707963267948966,0.7853981633974483,5,8.011024921236668,7.313704686425741e-14,2.9976021664879227e-15,6.046030195287092e-15
15,75.0,0.08,6.0,4,2,1.5707963267948966,0.7853981633974483,6,8.767326374661812,3.714796355344433e-14,2.9976021664879227e-15,6.046030195287092e-15
15,75.0,0.08,6.0,4,2,1.5707963267948966,0.7853981633974483,7,9.221483436901721,1.5660384450253189e-13,2.9976021664879227e-15,6.046030195287092e-15
15,75.0,0.08,6.0,4,2,1.5707963267948966,0.7853981633974483,8,11.819927570695159,9.806670737132368e-14,2.9976021664879227e-15,6.046030195287092e-15
15,75.0,0.08,6.0,4,3,1.5707963267948966,1.1780972450961724,1,0.38599469764398825,1.1909169070318567e-12,1.3322676295501878e-15,7.30686888228953e-15
15,75.0,0.08,6.0,4,3,1.5707963267948966,1.1780972450961724,2,2.6240311789677566,9.481694933116316e-14,1.3322676295501878e-15,7.30686888228953e-15
15,75.0,0.08,6.0,4,3,1.5707963267948966,1.1780972450961724,3,3.1182369898174542,7.867102367149071e-14,1.3322676295501878e-15,7.30686888228953e-15
15,75.0,0.08,6.0,4,3,1.5707963267948966,1.1780972450961724,4,5.47267633590787,7.716068580407025e-14,1.3322676295501878e-15,7.30686888228953e-15
15,75.0,0.08,6.0,4,3,1.5707963267948966,1.1780972450961724,5,8.064825358175376,9.898597077465624e-14,1.3322676295501878e-15,7.30686888228953e-15
15,75.0,0.08,6.0,4,3,1.5707963267948966,1.1780972450961724,6,9.023197250632679,3.3636093148457676e-14,1.3322676295501878e-15,7.30686888228953e-15
15,75.0,0.08,6.0,4,3,1.5707963267948966,1.1780972450961724,7,9.418530886133746,6.120683971122521e-14,1.3322676295501878e-15,7.30686888228953e-15
15,75.0,0.08,6.0,4,3,1.5707963267948966,1.1780972450961724,8,11.674765694439552,4.368205023458691e-14,1.3322676295501878e-15,7.30686888228953e-15
15,75.0,0.08,6.0,4,4,1.5707963267948966,1.5707963267948966,1,0.49585164423660766,7.572287693702358e-13,2.886579864025407e-15,5.1962618476644765e-15
15,75.0,0.08,6.0,4,4,1.5707963267948966,1.5707963267948966,2,2.6671363903693144,1.1211126993394629e-13,2.886579864025407e-15,5.1962618476644765e-15
15,75.0,0.08,6.0,4,4,1.5707963267948966,1.5707963267948966,3,2.790590255165826,8.160924514044431e-14,2.886579864025407e-15,5.1962618476644765e-15
15,75.0,0.08,6.0,4,4,1.5707963267948966,1.5707963267948966,4,5.3309860893653305,9.438313387507907e-14,2.886579864025407e-15,5.1962618476644765e-15
15,75.0,0.08,6.0,4,4,1.5707963267948966,1.5707963267948966,5,8.20535098535226,5.037693304789687e-14,2.886579864025407e-15,5.1962618476644765e-15
15,75.0,0.08,6.0,4,4,1.5707963267948966,1.5707963267948966,6,9.291676952444437,4.013689540043298e-14,2.886579864025407e-15,5.1962618476644765e-15
15,75.0,0.08,6.0,4,4,1.5707963267948966,1.5707963267948966,7,9.591325833466048,1.2949552357788384e-13,2.886579864025407e-15,5.1962618476644765e-15
15,75.0,0.08,6.0,4,4,1.5707963267948966,1.5707963267948966,8,11.676276105298703,3.476352638604566e-14,2.886579864025407e-15,5.1962618476644765e-15
15,75.0,0.08,6.0,5,0,1.9634954084936207,0.0,1,0.3615563937539834,1.2027020228843849e-12,1.5543122344752192e-15,7.065384676731938e-15
15,75.0,0.08,6.0,5,0,1.9634954084936207,0.0,2,2.08199337462065,1.313051046335027e-13,1.5543122344752192e-15,7.065384676731938e-15
15,75.0,0.08,6.0,5,0,1.9634954084936207,0.0,3,3.9209641273176907,6.858144997668962e-14,1.5543122344752192e-15,7.065384676731938e-15
15,75.0,0.08,6.0,5,0,1.9634954084936207,0.0,4,5.608162142677663,6.22452211068337e-14,1.5543122344752192e-15,7.065384676731938e-15
15,75.0,0.08,6.0,5,0,1.9634954084936207,0.0,5,7.984947747271523,7.723051279179946e-14,1.5543122344752192e-15,7.065384676731938e-15
15,75.0,0.08,6.0,5,0,1.9634954084936207,0.0,6,8.197315780727624,7.026191041319871e-14,1.5543122344752192e-15,7.065384676731938e-15
15,75.0,0.08,6.0,5,0,1.9634954084936207,0.0,7,9.424999191885242,3.904528196875763e-14,1.5543122344752192e-15,7.065384676731938e-15
15,75.0,0.08,6.0,5,0,1.9634954084936207,0.0,8,12.414217498948139,3.9360534062401416e-14,1.5543122344752192e-15,7.065384676731938e-15
15,75.0,0.08,6.0,5,1,1.9634954084936207,0.39269908169872414,1,0.3823219285864181,1.1052649908900603e-12,2.6645352591003757e-15,7.46615926859481e-15
15,75.0,0.08,6.0,5,1,1.9634954084936207,0.39269908169872414,2,2.0991555367104864,1.259519496436603e-13,2.6645352591003757e-15,7.46615926859481e-15
15,75.0,0.08,6.0,5,1,1.9634954084936207,0.39269908169872414,3,3.8235327213885713,5.468136246625735e-14,2.6645352591003757e-15,7.46615926859481e-15
15,75.0,0.08,6.0,5,1,1.9634954084936207,0.39269908169872414,4,5.594147343990884,5.717878778714506e-14,2.6645352591003757e-15,7.46615926859481e-15
15,75.0,0.08,6.0,5,1,1.9634954084936207,0.39269908169872414,5,7.9134816327099715,7.416560562907102e-14,2.6645352591003757e-15,7.46615926859481e-15
15,75.0,0.08,6.0,5,1,1.9634954084936207,0.39269908169872414,6,8.395762704808865,4.436796128410575e-14,2.6645352591003757e-15,7.46615926859481e-15
15,75.0,0.08,6.0,5,1,1.9634954084936207,0.39269908169872414,7,9.449499759493875,6.568019793834207e-14,2.6645352591003757e-15,7.46615926859481e-15
15,75.0,0.08,6.0,5,1,1.9634954084936207,0.39269908169872414,8,12.334134774675967,5.116818397868359e-14,2.6645352591003757e-15,7.46615926859481e-15
15,75.0,0.08,6.0,5,2,1.9634954084936207,0.7853981633974483,1,0.4397182646825714,8.652318428780043e-13,1.9984014443252818e-15,6.240281130794164e-15
15,75.0,0.08,6.0,5,2,1.9634954084936207,0.7853981633974483,2,2.14931650568305,1.2124457361050263e-13,1.9984014443252818e-15,6.240281130794164e-15
15,75.0,0.08,6.0,5,2,1.9634954084936207,0.7853981633974483,3,3.5695949339860764,6.107234895050416e-14,1.9984014443252818e-15,6.240281130794164e-15
15,75.0,0.08,6.0,5,2,1.9634954084936207,0.7853981633974483,4,5.521259679620666,6.120258778763962e-14,1.9984014443252818e-15,6.240281130794164e-15
15,75.0,0.08,6.0,5,2,1.9634954084936207,0.7853981633974483,5,7.941146694799728,6.698777843831445e-14,1.9984014443252818e-15,6.240281130794164e-15
15,75.0,0.08,6.0,5,2,1.9634954084936207,0.7853981633974483,6,8.735052759993646,5.0121787588677926e-14,1.9984014443252818e-15,6.240281130794164e-15
15,75.0,0.08,6.0,5,2,1.9634954084936207,0.7853981633974483,7,9.524499155022308,5.055968834230304e-14,1.9984014443252818e-15,6.240281130794164e-15
15,75.0,0.08,6.0,5,2,1.9634954084936207,0.7853981633974483,8,12.151083711800874,4.8502934167362726e-14,1.9984014443252818e-15,6.240281130794164e-15
15,75.0,0.08,6.0,5,3,1.9634954084936207,1.1780972450961724,1,0.5253173352427764,6.772228179623577e-13,2.886579864025407e-15,6.353091598024511e-15
15,75.0,0.08,6.0,5,3,1.9634954084936207,1.1780972450961724,2,2.227759309860755,1.1938651638171546e-13,2.886579864025407e-15,6.353091598024511e-15
15,75.0,0.08,6.0,5,3,1.9634954084936207,1.1780972450961724,3,3.2289671516954006,8.054097882604467e-14,2.886579864025407e-15,6.353091598024511e-15
15,75.0,0.08,6.0,5,3,1.9634954084936207,1.1780972450961724,4,5.364845955225971,7.854074350266843e-14,2.886579864025407e-15,6.353091598024511e-15
15,75.0,0.08,6.0,5,3,1.9634954084936207,1.1780972450961724,5,8.117750071204044,1.42552271120841e-13,2.886579864025407e-15,6.353091598024511e-15
15,75.0,0.08,6.0,5,3,1.9634954084936207,1.1780972450961724,6,9.099720083598195,3.4718868386567584e-14,2.886579864025407e-15,6.353091598024511e-15
15,75.0,0.08,6.0,5,3,1.9634954084936207,1.1780972450961724,7,9.653554488893844,4.970633870109545e-14,2.886579864025407e-15,6.353091598024511e-15
15,75.0,0.08,6.0,5,3,1.9634954084936207,1.1780972450961724,8,11.961719843354347,8.738355312653496e-14,2.886579864025407e-15,6.353091598024511e-15
15,75.0,0.08,6.0,5,4,1.9634954084936207,1.5707963267948966,1,0.6352077838139331,5.317735723767496e-13,3.219646771412954e-15,6.098241243012609e-15
15,75.0,0.08,6.0,5,4,1.9634954084936207,1.5707963267948966,2,2.321579809079051,1.0703584977607014e-13,3.219646771412954e-15,6.098241243012609e-15
15,75.0,0.08,6.0,5,4,1.9634954084936207,1.5707963267948966,3,2.8595529095576957,8.317331084971897e-14,3.219646771412954e-15,6.098241243012609e-15
15,75.0,0.08,6.0,5,4,1.9634954084936207,1.5707963267948966,4,5.151832842012913,9.476837484058321e-14,3.219646771412954e-15,6.098241243012609e-15
15,75.0,0.08,6.0,5,4,1.9634954084936207,1.5707963267948966,5,8.382773039752534,4.7324421713067875e-14,3.219646771412954e-15,6.098241243012609e-15
15,75.0,0.08,6.0,5,4,1.9634954084936207,1.5707963267948966,6,9.429864782579589,3.902673046121662e-14,3.219646771412954e-15,6.098241243012609e-15
15,75.0,0.08,6.0,5,4,1.9634954084936207,1.5707963267948966,7,9.841593019324284,6.049920708297595e-14,3.219646771412954e-15,6.098241243012609e-15
15,75.0,0.08,6.0,5,4,1.9634954084936207,1.5707963267948966,8,11.844167850513731,6.886420860291814e-14,3.219646771412954e-15,6.098241243012609e-15
15,75.0,0.08,6.0,5,5,1.9634954084936207,1.9634954084936207,1,0.7712440598993439,4.2527121681600105e-13,3.774758283725532e-15,6.968695190054922e-15
15,75.0,0.08,6.0,5,5,1.9634954084936207,1.9634954084936207,2,2.3396895025908058,1.350470224561675e-13,3.774758283725532e-15,6.968695190054922e-15
15,75.0,0.08,6.0,5,5,1.9634954084936207,1.9634954084936207,3,2.574009099028497,8.967244909339008e-14,3.774758283725532e-15,6.968695190054922e-15
15,75.0,0.08,6.0,5,5,1.9634954084936207,1.9634954084936207,4,4.925085153072413,9.038084940769943e-14,3.774758283725532e-15,6.968695190054922e-15
15,75.0,0.08,6.0,5,5,1.9634954084936207,1.9634954084936207,5,8.669954879021777,5.0805794059084085e-14,3.774758283725532e-15,6.968695190054922e-15
15,75.0,0.08,6.0,5,5,1.9634954084936207,1.9634954084936207,6,9.64453682397416,7.471649710691465e-14,3.774758283725532e-15,6.968695190054922e-15
15,75.0,0.08,6.0,5,5,1.9634954084936207,1.9634954084936207,7,10.109677513100616,7.799731072126388e-14,3.774758283725532e-15,6.968695190054922e-15
15,75.0,0.08,6.0,5,5,1.9634954084936207,1.9634954084936207,8,11.858845098506706,4.8112066068253467e-14,3.774758283725532e-15,6.968695190054922e-15
15,75.0,0.08,6.0,6,0,2.356194490192345,0.0,1,0.5326361560803559,8.79970961155456e-13,2.3314683517128287e-15,6.8363294365753455e-15
15,75.0,0.08,6.0,6,0,2.356194490192345,0.0,2,1.7016374849009475,1.764226010078228e-13,2.3314683517128287e-15,6.8363294365753455e-15
15,75.0,0.08,6.0,6,0,2.356194490192345,0.0,3,3.9976438280251427,5.15297623549154e-14,2.3314683517128287e-15,6.8363294365753455e-15
15,75.0,0.08,6.0,6,0,2.356194490192345,0.0,4,5.678740199617303,6.032385950320458e-14,2.3314683517128287e-15,6.8363294365753455e-15
15,75.0,0.08,6.0,6,0,2.356194490192345,0.0,5,7.780753351667269,1.2216381953703806e-13,2.3314683517128287e-15,6.8363294365753455e-15
15,75.0,0.08,6.0,6,0,2.356194490192345,0.0,6,8.088397498988783,5.825955379367974e-14,2.3314683517128287e-15,6.8363294365753455e-15
15,75.0,0.08,6.0,6,0,2.356194490192345,0.0,7,9.922628797619263,5.070835305871073e-14,2.3314683517128287e-15,6.8363294365753455e-15
15,75.0,0.08,6.0,6,0,2.356194490192345,0.0,8,12.271192085596498,6.540483029062813e-14,2.3314683517128287e-15,6.8363294365753455e-15
15,75.0,0.08,6.0,6,1,2.356194490192345,0.39269908169872414,1,0.5545257354787768,7.101443195609147e-13,1.9984014443252818e-15,6.25360188553089e-15
15,75.0,0.08,6.0,6,1,2.356194490192345,0.39269908169872414,2,1.7183467094810114,1.6216915743185328e-13,1.9984014443252818e-15,6.25360188553089e-15
15,75.0,0.08,6.0,6,1,2.356194490192345,0.39269908169872414,3,3.9065905828521945,5.912500202948888e-14,1.9984014443252818e-15,6.25360188553089e-15
15,75.0,0.08,6.0,6,1,2.356194490192345,0.39269908169872414,4,5.626382863855138,6.087876900969758e-14,1.9984014443252818e-15,6.25360188553089e-15
15,75.0,0.08,6.0,6,1,2.356194490192345,0.39269908169872414,5,7.797508784632662,6.542630722796713e-14,1.9984014443252818e-15,6.25360188553089e-15
15,75.0,0.08,6.0,6,1,2.356194490192345,0.39269908169872414,6,8.24160377413758,4.862824209401312e-14,1.9984014443252818e-15,6.25360188553089e-15
15,75.0,0.08,6.0,6,1,2.356194490192345,0.39269908169872414,7,9.941537657366982,3.623069967343476e-14,1.9984014443252818e-15,6.25360188553089e-15
15,75.0,0.08,6.0,6,1,2.356194490192345,0.39269908169872414,8,12.265356426383972,8.958598709003912e-14,1.9984014443252818e-15,6.25360188553089e-15
15,75.0,0.08,6.0,6,2,2.356194490192345,0.7853981633974483,1,0.6144784583922757,5.970998001730961e-13,2.3314683517128287e-15,7.609186869845964e-15
15,75.0,0.08,6.0,6,2,2.356194490192345,0.7853981633974483,2,1.767775553168453,1.5084907101634313e-13,2.3314683517128287e-15,7.609186869845964e-15
15,75.0,0.08,6.0,6,2,2.356194490192345,0.7853981633974483,3,3.6651518684232514,7.457031278008346e-14,2.3314683517128287e-15,7.609186869845964e-15
15,75.0,0.08,6.0,6,2,2.356194490192345,0.7853981633974483,4,5.471602311441654,6.683424994052149e-14,2.3314683517128287e-15,7.609186869845964e-15
15,75.0,0.08,6.0,6,2,2.356194490192345,0.7853981633974483,5,7.938877375367681,1.9532456511703452e-13,2.3314683517128287e-15,7.609186869845964e-15
15,75.0,0.08,6.0,6,2,2.356194490192345,0.7853981633974483,6,8.57220361464191,4.9375753305836874e-14,2.3314683517128287e-15,7.609186869845964e-15
15,75.0,0.08,6.0,6,2,2.356194490192345,0.7853981633974483,7,9.999444126348635,6.123679986980957e-14,2.3314683517128287e-15,7.609186869845964e-15
15,75.0,0.08,6.0,6,2,2.356194490192345,0.7853981633974483,8,12.240075274532364,1.6625719238477706e-13,2.3314683517128287e-15,7.609186869845964e-15
15,75.0,0.08,6.0,6,3,2.356194490192345,1.1780972450961724,1,0.7016382564097713,5.089759866012662e-13,3.4416913763379853e-15,6.113598992549671e-15
15,75.0,0.08,6.0,6,3,2.356194490192345,1.1780972450961724,2,1.846919386225161,1.5970070158685984e-13,3.4416913763379853e-15,6.113598992549671e-15
15,75.0,0.08,6.0,6,3,2.356194490192345,1.1780972450961724,3,3.335006907841235,8.173260856524897e-14,3.4416913763379853e-15,6.113598992549671e-15
15,75.0,0.08,6.0,6,3,2.356194490192345,1.1780972450961724,4,5.241178391075902,7.095146232534144e-14,3.4416913763379853e-15,6.113598992549671e-15
15,75.0,0.08,6.0,6,3,2.356194490192345,1.1780972450961724,5,8.215861897315738,5.80709974003437e-14,3.4416913763379853e-15,6.113598992549671e-15
15,75.0,0.08,6.0,6,3,2.356194490192345,1.1780972450961724,6,8.967267041882486,4.745993165840241e-14,3.4416913763379853e-15,6.113598992549671e-15
15,75.0,0.08,6.0,6,3,2.356194490192345,1.1780972450961724,7,10.100386774447207,3.726795936068338e-14,3.4416913763379853e-15,6.113598992549671e-15
15,75.0,0.08,6.0,6,3,2.356194490192345,1.1780972450961724,8,12.176855353534325,6.282209738224246e-14,3.4416913763379853e-15,6.113598992549671e-15
15,75.0,0.08,6.0,6,4,2.356194490192345,1.5707963267948966,1,0.8094288293382594,3.897136573184434e-13,2.7755575615628914e-15,6.793896417239557e-15
15,75.0,0.08,6.0,6,4,2.356194490192345,1.5707963267948966,2,1.9478210661691333,1.5343626024341038e-13,2.7755575615628914e-15,6.793896417239557e-15
15,75.0,0.08,6.0,6,4,2.356194490192345,1.5707963267948966,3,2.9687185342666442,8.523701726447079e-14,2.7755575615628914e-15,6.793896417239557e-15
15,75.0,0.08,6.0,6,4,2.356194490192345,1.5707963267948966,4,4.9789149366353325,7.296837289704005e-14,2.7755575615628914e-15,6.793896417239557e-15
15,75.0,0.08,6.0,6,4,2.356194490192345,1.5707963267948966,5,8.568240378238084,8.84461138513215e-14,2.7755575615628914e-15,6.793896417239557e-15
15,75.0,0.08,6.0,6,4,2.356194490192345,1.5707963267948966,6,9.362333016101093,3.836071921486881e-14,2.7755575615628914e-15,6.793896417239557e-15
15,75.0,0.08,6.0,6,4,2.356194490192345,1.5707963267948966,7,10.252759235872382,4.277129291376516e-14,2.7755575615628914e-15,6.793896417239557e-15
15,75.0,0.08,6.0,6,4,2.356194490192345,1.5707963267948966,8,12.07955029256754,7.127266525357683e-14,2.7755575615628914e-15,6.793896417239557e-15
15,75.0,0.08,6.0,6,5,2.356194490192345,1.9634954084936207,1,0.9384553610703887,2.9097508933218525e-13,2.220446049250313e-15,6.5441324386051366e-15
15,75.0,0.08,6.0,6,5,2.356194490192345,1.9634954084936207,2,2.050101265573282,1.524571340661685e-13,2.220446049250313e-15,6.5441324386051366e-15
15,75.0,0.08,6.0,6,5,2.356194490192345,1.9634954084936207,3,2.6095711733445257,8.601585125033505e-14,2.220446049250313e-15,6.5441324386051366e-15
15,75.0,0.08,6.0,6,5,2.356194490192345,1.9634954084936207,4,4.722757664531613,7.813115032297712e-14,2.220446049250313e-15,6.5441324386051366e-15
15,75.0,0.08,6.0,6,5,2.356194490192345,1.9634954084936207,5,8.937766972979157,5.5653075875963326e-14,2.220446049250313e-15,6.5441324386051366e-15
15,75.0,0.08,6.0,6,5,2.356194490192345,1.9634954084936207,6,9.689901546444053,4.224677270816358e-14,2.220446049250313e-15,6.5441324386051366e-15
15,75.0,0.08,6.0,6,5,2.356194490192345,1.9634954084936207,7,10.469220812722703,5.065940647879825e-14,2.220446049250313e-15,6.5441324386051366e-15
15,75.0,0.08,6.0,6,5,2.356194490192345,1.9634954084936207,8,12.004559079886903,6.074736575235548e-14,2.220446049250313e-15,6.5441324386051366e-15
15,75.0,0.08,6.0,6,6,2.356194490192345,2.356194490192345,1,1.093881902341066,2.5586377935208815e-13,3.9968028886505635e-15,6.5034286851471986e-15
15,75.0,0.08,6.0,6,6,2.356194490192345,2.356194490192345,2,2.0626254226270566,1.3041479611571208e-13,3.9968028886505635e-15,6.5034286851471986e-15
15,75.0,0.08,6.0,6,6,2.356194490192345,2.356194490192345,3,2.3550647844750445,1.0602786982391165e-13,3.9968028886505635e-15,6.5034286851471986e-15
15,75.0,0.08,6.0,6,6,2.356194490192345,2.356194490192345,4,4.503988092174669,1.0490808549506234e-13,3.9968028886505635e-15,6.5034286851471986e-15
15,75.0,0.08,6.0,6,6,2.356194490192345,2.356194490192345,5,9.278513105020831,8.39758966986874e-14,3.9968028886505635e-15,6.5034286851471986e-15
15,75.0,0.08,6.0,6,6,2.356194490192345,2.356194490192345,6,9.881434342559857,5.820122743614128e-14,3.9968028886505635e-15,6.5034286851471986e-15
15,75.0,0.08,6.0,6,6,2.356194490192345,2.356194490192345,7,10.750971933315908,5.706773638584406e-14,3.9968028886505635e-15,6.5034286851471986e-15
15,75.0,0.08,6.0,6,6,2.356194490192345,2.356194490192345,8,12.011559710648692,7.467074877021177e-14,3.9968028886505635e-15,6.5034286851471986e-15
15,75.0,0.08,6.0,7,0,2.748893571891069,0.0,1,0.7410743480809564,5.354559343106078e-13,2.886579864025407e-15,6.252734925303142e-15
15,75.0,0.08,6.0,7,0,2.748893571891069,0.0,2,1.357435987667503,1.9324145929441358e-13,2.886579864025407e-15,6.252734925303142e-15
15,75.0,0.08,6.0,7,0,2.748893571891069,0.0,3,4.051479450079234,5.89296529667657e-14,2.886579864025407e-15,6.252734925303142e-15
15,75.0,0.08,6.0,7,0,2.748893571891069,0.0,4,5.721843734441455,6.125075110152068e-14,2.886579864025407e-15,6.252734925303142e-15
15,75.0,0.08,6.0,7,0,2.748893571891069,0.0,5,7.649014304701182,8.469238627170253e-14,2.886579864025407e-15,6.252734925303142e-15
15,75.0,0.08,6.0,7,0,2.748893571891069,0.0,6,8.012876328581989,6.473037452752458e-14,2.886579864025407e-15,6.252734925303142e-15
15,75.0,0.08,6.0,7,0,2.748893571891069,0.0,7,10.438016981017551,4.305808166985492e-14,2.886579864025407e-15,6.252734925303142e-15
15,75.0,0.08,6.0,7,0,2.748893571891069,0.0,8,11.818156548714745,8.013524334014399e-14,2.886579864025407e-15,6.252734925303142e-15
15,75.0,0.08,6.0,7,1,2.748893571891069,0.39269908169872414,1,0.7655252082973419,5.010680433228065e-13,2.886579864025407e-15,7.246526523028397e-15
15,75.0,0.08,6.0,7,1,2.748893571891069,0.39269908169872414,2,1.3721520606533208,1.8673420093645176e-13,2.886579864025407e-15,7.246526523028397e-15
15,75.0,0.08,6.0,7,1,2.748893571891069,0.39269908169872414,3,3.9658305847399,6.03904512870494e-14,2.886579864025407e-15,7.246526523028397e-15
15,75.0,0.08,6.0,7,1,2.748893571891069,0.39269908169872414,4,5.6371680011578125,6.05553636432317e-14,2.886579864025407e-15,7.246526523028397e-15
15,75.0,0.08,6.0,7,1,2.748893571891069,0.39269908169872414,5,7.737436995376737,2.6228345865297214e-13,2.886579864025407e-15,7.246526523028397e-15
15,75.0,0.08,6.0,7,1,2.748893571891069,0.39269908169872414,6,8.125981152324583,7.068350755044389e-14,2.886579864025407e-15,7.246526523028397e-15
15,75.0,0.08,6.0,7,1,2.748893571891069,0.39269908169872414,7,10.453739002730108,3.5353311785653636e-14,2.886579864025407e-15,7.246526523028397e-15
15,75.0,0.08,6.0,7,1,2.748893571891069,0.39269908169872414,8,11.830384766268294,8.070950992020884e-14,2.886579864025407e-15,7.246526523028397e-15
15,75.0,0.08,6.0,7,2,2.748893571891069,0.7853981633974483,1,0.8308023164201306,4.236239033708716e-13,2.6645352591003757e-15,5.818755003613036e-15
15,75.0,0.08,6.0,7,2,2.748893571891069,0.7853981633974483,2,1.417679461174188,2.1330915881204576e-13,2.6645352591003757e-15,5.818755003613036e-15
15,75.0,0.08,6.0,7,2,2.748893571891069,0.7853981633974483,3,3.7353496879392627,6.071128166524706e-14,2.6645352591003757e-15,5.818755003613036e-15
15,75.0,0.08,6.0,7,2,2.748893571891069,0.7853981633974483,4,5.421719421741154,6.420722643465366e-14,2.6645352591003757e-15,5.818755003613036e-15
15,75.0,0.08,6.0,7,2,2.748893571891069,0.7853981633974483,5,7.982872424119422,1.8571637145516335e-13,2.6645352591003757e-15,5.818755003613036e-15
15,75.0,0.08,6.0,7,2,2.748893571891069,0.7853981633974483,6,8.417484834600135,6.682853046884177e-14,2.6645352591003757e-15,5.818755003613036e-15
15,75.0,0.08,6.0,7,2,2.748893571891069,0.7853981633974483,7,10.501443192966752,3.9253938602230975e-14,2.6645352591003757e-15,5.818755003613036e-15
15,75.0,0.08,6.0,7,2,2.748893571891069,0.7853981633974483,8,11.867314051278216,4.314809105885711e-14,2.6645352591003757e-15,5.818755003613036e-15
15,75.0,0.08,6.0,7,3,2.748893571891069,1.1780972450961724,1,0.9203892501136782,3.363358728655283e-13,1.7763568394002505e-15,6.875156604829889e-15
15,75.0,0.08,6.0,7,3,2.748893571891069,1.1780972450961724,2,1.495955233765895,2.0574822928313265e-13,1.7763568394002505e-15,6.875156604829889e-15
15,75.0,0.08,6.0,7,3,2.748893571891069,1.1780972450961724,3,3.4145945809541827,8.051937495513576e-14,1.7763568394002505e-15,6.875156604829889e-15
15,75.0,0.08,6.0,7,3,2.748893571891069,1.1780972450961724,4,5.143468404072765,7.95337579773717e-14,1.7763568394002505e-15,6.875156604829889e-15
15,75.0,0.08,6.0,7,3,2.748893571891069,1.1780972450961724,5,8.3358025746626,6.150998938416635e-14,1.7763568394002505e-15,6.875156604829889e-15
15,75.0,0.08,6.0,7,3,2.748893571891069,1.1780972450961724,6,8.805480259499394,4.6629938942726885e-14,1.7763568394002505e-15,6.875156604829889e-15
15,75.0,0.08,6.0,7,3,2.748893571891069,1.1780972450961724,7,10.582878452651146,4.0183595458223824e-14,1.7763568394002505e-15,6.875156604829889e-15
15,75.0,0.08,6.0,7,3,2.748893571891069,1.1780972450961724,8,11.929682070874444,4.2870902303114684e-14,1.7763568394002505e-15,6.875156604829889e-15
15,75.0,0.08,6.0,7,4,2.748893571891069,1.5707963267948966,1,1.0230827259882858,2.5291844449351426e-13,2.3314683517128287e-15,7.717417248892429e-15
15,75.0,0.08,6.0,7,4,2.748893571891069,1.5707963267948966,2,1.6037541573370082,1.8116126830934493e-13,2.3314683517128287e-15,7.717417248892429e-15
15,75.0,0.08,6.0,7,4,2.748893571891069,1.5707963267948966,3,3.0529743456011196,8.465738611353118e-14,2.3314683517128287e-15,7.717417248892429e-15
15,75.0,0.08,6.0,7,4,2.748893571891069,1.5707963267948966,4,4.852092884168187,8.001760719732539e-14,2.3314683517128287e-15,7.717417248892429e-15
15,75.0,0.08,6.0,7,4,2.748893571891069,1.5707963267948966,5,8.744497321467518,1.2172769379610238e-13,2.3314683517128287e-15,7.717417248892429e-15
15,75.0,0.08,6.0,7,4,2.748893571891069,1.5707963267948966,6,9.223917567649439,5.410702855340662e-14,2.3314683517128287e-15,7.717417248892429e-15
15,75.0,0.08,6.0,7,4,2.748893571891069,1.5707963267948966,7,10.70114924409105,4.0885968406954475e-14,2.3314683517128287e-15,7.717417248892429e-15
15,75.0,0.08,6.0,7,4,2.748893571891069,1.5707963267948966,8,12.017255675820875,5.2164033098307134e-14,2.3314683517128287e-15,7.717417248892429e-15
15,75.0,0.08,6.0,7,5,2.748893571891069,1.9634954084936207,1,1.1394038381358433,2.3976278572958214e-13,2.220446049250313e-15,6.60001473290739e-15
15,75.0,0.08,6.0,7,5,2.748893571891069,1.9634954084936207,2,1.7275960074739,1.7020863086592562e-13,2.220446049250313e-15,6.60001473290739e-15
15,75.0,0.08,6.0,7,5,2.748893571891069,1.9634954084936207,3,2.686974799899266,8.188798128323115e-14,2.220446049250313e-15,6.60001473290739e-15
15,75.0,0.08,6.0,7,5,2.748893571891069,1.9634954084936207,4,4.579848062230526,8.144546671714652e-14,2.220446049250313e-15,6.60001473290739e-15
15,75.0,0.08,6.0,7,5,2.748893571891069,1.9634954084936207,5,9.165456089134864,1.2619159026608937e-13,2.220446049250313e-15,6.60001473290739e-15
15,75.0,0.08,6.0,7,5,2.748893571891069,1.9634954084936207,6,9.614040090951013,4.403132819045933e-14,2.220446049250313e-15,6.60001473290739e-15
15,75.0,0.08,6.0,7,5,2.748893571891069,1.9634954084936207,7,10.859154165857465,4.133334142616703e-14,2.220446049250313e-15,6.60001473290739e-15
15,75.0,0.08,6.0,7,5,2.748893571891069,1.9634954084936207,8,12.109678830165333,3.8313544361799186e-14,2.220446049250313e-15,6.60001473290739e-15
15,75.0,0.08,6.0,7,6,2.748893571891069,2.356194490192345,1,1.2777460763263906,2.0095841283679663e-13,2.886579864025407e-15,7.422804627860338e-15
15,75.0,0.08,6.0,7,6,2.748893571891069,2.356194490192345,2,1.8407264625439463,1.5182270753744642e-13,2.886579864025407e-15,7.422804627860338e-15
15,75.0,0.08,6.0,7,6,2.748893571891069,2.356194490192345,3,2.347717631375759,1.0947073884333019e-13,2.886579864025407e-15,7.422804627860338e-15
15,75.0,0.08,6.0,7,6,2.748893571891069,2.356194490192345,4,4.353114420679246,8.783462341301778e-14,2.886579864025407e-15,7.422804627860338e-15
15,75.0,0.08,6.0,7,6,2.748893571891069,2.356194490192345,5,9.55597197298078,5.2117753643779335e-14,2.886579864025407e-15,7.422804627860338e-15
15,75.0,0.08,6.0,7,6,2.748893571891069,2.356194490192345,6,9.914723602040988,3.5674322308043884e-14,2.886579864025407e-15,7.422804627860338e-15
15,75.0,0.08,6.0,7,6,2.748893571891069,2.356194490192345,7,11.050766442417569,5.0038355845274816e-14,2.886579864025407e-15,7.422804627860338e-15
15,75.0,0.08,6.0,7,6,2.748893571891069,2.356194490192345,8,12.094633570763921,5.862840448838078e-14,2.886579864025407e-15,7.422804627860338e-15
15,75.0,0.08,6.0,7,7,2.748893571891069,2.748893571891069,1,1.4441840512903863,2.1229515902882642e-13,3.552713678800501e-15,6.009203355692057e-15
15,75.0,0.08,6.0,7,7,2.748893571891069,2.748893571891069,2,1.8732590259559083,1.5693834027795306e-13,3.552713678800501e-15,6.009203355692057e-15
15,75.0,0.08,6.0,7,7,2.748893571891069,2.748893571891069,3,2.100910350703399,1.0686757400617826e-13,3.552713678800501e-15,6.009203355692057e-15
15,75.0,0.08,6.0,7,7,2.748893571891069,2.748893571891069,4,4.199171331991605,1.2833017170825514e-13,3.552713678800501e-15,6.009203355692057e-15
15,75.0,0.08,6.0,7,7,2.748893571891069,2.748893571891069,5,9.866221218119167,5.451261575482575e-14,3.552713678800501e-15,6.009203355692057e-15
15,75.0,0.08,6.0,7,7,2.748893571891069,2.748893571891069,6,10.072499720678943,4.8634650808956827e-14,3.552713678800501e-15,6.009203355692057e-15
15,75.0,0.08,6.0,7,7,2.748893571891069,2.748893571891069,7,11.238518129150732,5.0202716802301726e-14,3.552713678800501e-15,6.009203355692057e-15
15,75.0,0.08,6.0,7,7,2.748893571891069,2.748893571891069,8,12.022552414547965,8.865579929168554e-14,3.552713678800501e-15,6.009203355692057e-15
15,75.0,0.08,6.0,8,0,3.141592653589793,0.0,1,0.9182040654213718,4.780130298497931e-13,5.995204332975845e-15,5.881373667347388e-15
15,75.0,0.08,6.0,8,0,3.141592653589793,0.0,2,1.1331033830156443,2.030836607573325e-13,5.995204332975845e-15,5.881373667347388e-15
15,75.0,0.08,6.0,8,0,3.141592653589793,0.0,3,4.070936820067568,5.22115575711065e-14,5.995204332975845e-15,5.881373667347388e-15
15,75.0,0.08,6.0,8,0,3.141592653589793,0.0,4,5.736427842197187,6.712604469071279e-14,5.995204332975845e-15,5.881373667347388e-15
15,75.0,0.08,6.0,8,0,3.141592653589793,0.0,5,7.603394218073132,5.522334505010552e-14,5.995204332975845e-15,5.881373667347388e-15
15,75.0,0.08,6.0,8,0,3.141592653589793,0.0,6,7.986275433772788,9.705761869171932e-14,5.995204332975845e-15,5.881373667347388e-15
15,75.0,0.08,6.0,8,0,3.141592653589793,0.0,7,10.762740778205579,5.3084367963555777e-14,5.995204332975845e-15,5.881373667347388e-15
15,75.0,0.08,6.0,8,0,3.141592653589793,0.0,8,11.497850830856228,3.620863790791788e-14,5.995204332975845e-15,5.881373667347388e-15
15,75.0,0.08,6.0,8,1,3.141592653589793,0.39269908169872414,1,0.952698814045683,4.1094415463151863e-13,4.218847493575595e-15,6.606355123454532e-15
15,75.0,0.08,6.0,8,1,3.141592653589793,0.39269908169872414,2,1.138006257015233,2.416464395195852e-13,4.218847493575595e-15,6.606355123454532e-15
15,75.0,0.08,6.0,8,1,3.141592653589793,0.39269908169872414,3,3.9874629172530422,5.1228975557688733e-14,4.218847493575595e-15,6.606355123454532e-15
15,75.0,0.08,6.0,8,1,3.141592653589793,0.39269908169872414,4,5.638890366203734,5.944201442319887e-14,4.218847493575595e-15,6.606355123454532e-15
15,75.0,0.08,6.0,8,1,3.141592653589793,0.39269908169872414,5,7.720679413725837,1.9618881011078424e-13,4.218847493575595e-15,6.606355123454532e-15
15,75.0,0.08,6.0,8,1,3.141592653589793,0.39269908169872414,6,8.082568071512522,4.846823742620728e-14,4.218847493575595e-15,6.606355123454532e-15
15,75.0,0.08,6.0,8,1,3.141592653589793,0.39269908169872414,7,10.775753113536567,6.379152970743502e-14,4.218847493575595e-15,6.606355123454532e-15
15,75.0,0.08,6.0,8,1,3.141592653589793,0.39269908169872414,8,11.51423563450206,5.758582507403597e-14,4.218847493575595e-15,6.606355123454532e-15
15,75.0,0.08,6.0,8,2,3.141592653589793,0.7853981633974483,1,1.0482875832385996,3.5699089523669255e-13,6.994405055138486e-15,6.100045904553703e-15
15,75.0,0.08,6.0,8,2,3.141592653589793,0.7853981633974483,2,1.1537839891570387,2.16804874646525e-13,6.994405055138486e-15,6.100045904553703e-15
15,75.0,0.08,6.0,8,2,3.141592653589793,0.7853981633974483,3,3.761507651276992,5.24932037313649e-14,6.994405055138486e-15,6.100045904553703e-15
15,75.0,0.08,6.0,8,2,3.141592653589793,0.7853981633974483,4,5.401025082891698,6.671350668888035e-14,6.994405055138486e-15,6.100045904553703e-15
15,75.0,0.08,6.0,8,2,3.141592653589793,0.7853981633974483,5,8.017623111588707,7.138026055066211e-14,6.994405055138486e-15,6.100045904553703e-15
15,75.0,0.08,6.0,8,2,3.141592653589793,0.7853981633974483,6,8.34494220271008,5.459524687059419e-14,6.994405055138486e-15,6.100045904553703e-15
15,75.0,0.08,6.0,8,2,3.141592653589793,0.7853981633974483,7,10.814737381313135,4.6088345026407236e-14,6.994405055138486e-15,6.100045904553703e-15
15,75.0,0.08,6.0,8,2,3.141592653589793,0.7853981633974483,8,11.564654695272013,4.119182610297815e-14,6.994405055138486e-15,6.100045904553703e-15
15,75.0,0.08,6.0,8,3,3.141592653589793,1.1780972450961724,1,1.1836752818214227,4.5359708486092276e-13,7.105427357601002e-15,6.54656397140965e-15
15,75.0,0.08,6.0,8,3,3.141592653589793,1.1780972450961724,2,1.186845528097353,3.012846789277188e-13,7.105427357601002e-15,6.54656397140965e-15
15,75.0,0.08,6.0,8,3,3.141592653589793,1.1780972450961724,3,3.444715834055948,5.900625777984848e-14,7.105427357601002e-15,6.54656397140965e-15
15,75.0,0.08,6.0,8,3,3.141592653589793,1.1780972450961724,4,5.106122390792494,7.92010287662537e-14,7.105427357601002e-15,6.54656397140965e-15
15,75.0,0.08,6.0,8,3,3.141592653589793,1.1780972450961724,5,8.410291420208793,7.380150619084762e-14,7.105427357601002e-15,6.54656397140965e-15
15,75.0,0.08,6.0,8,3,3.141592653589793,1.1780972450961724,6,8.714909150925488,9.438690865605494e-14,7.105427357601002e-15,6.54656397140965e-15
15,75.0,0.08,6.0,8,3,3.141592653589793,1.1780972450961724,7,10.879454261093926,1.0695588210132934e-13,7.105427357601002e-15,6.54656397140965e-15
15,75.0,0.08,6.0,8,3,3.141592653589793,1.1780972450961724,8,11.653517585082966,7.995972332817468e-14,7.105427357601002e-15,6.54656397140965e-15
15,75.0,0.08,6.0,8,4,3.141592653589793,1.5707963267948966,1,1.2331356213049214,2.0813377772940014e-13,3.552713678800501e-15,5.940254712777166e-15
15,75.0,0.08,6.0,8,4,3.141592653589793,1.5707963267948966,2,1.3483917082590433,2.6933862281860184e-13,3.552713678800501e-15,5.940254712777166e-15
15,75.0,0.08,6.0,8,4,3.141592653589793,1.5707963267948966,3,3.085208727314105,6.768325068583135e-14,3.552713678800501e-15,5.940254712777166e-15
15,75.0,0.08,6.0,8,4,3.141592653589793,1.5707963267948966,4,4.804959403066426,1.0683435616246609e-13,3.552713678800501e-15,5.940254712777166e-15
15,75.0,0.08,6.0,8,4,3.141592653589793,1.5707963267948966,5,8.84614667815164,7.04866713473961e-14,3.552713678800501e-15,5.940254712777166e-15
15,75.0,0.08,6.0,8,4,3.141592653589793,1.5707963267948966,6,9.130507086890784,4.8610228369147736e-14,3.552713678800501e-15,5.940254712777166e-15
15,75.0,0.08,6.0,8,4,3.141592653589793,1.5707963267948966,7,10.969135979128495,4.5702055163304235e-14,3.552713678800501e-15,5.940254712777166e-15
15,75.0,0.08,6.0,8,4,3.141592653589793,1.5707963267948966,8,11.790131643092106,4.1353333994685956e-14,3.552713678800501e-15,5.940254712777166e-15
15,75.0,0.08,6.0,8,5,3.141592653589793,1.9634954084936207,1,1.3097357827827656,1.8985663341329229e-13,7.327471962526033e-15,6.677103534624634e-15
15,75.0,0.08,6.0,8,5,3.141592653589793,1.9634954084936207,2,1.5134890019055598,2.1183488701171132e-13,7.327471962526033e-15,6.677103534624634e-15
15,75.0,0.08,6.0,8,5,3.141592653589793,1.9634954084936207,3,2.718349144323016,8.378837373877838e-14,7.327471962526033e-15,6.677103534624634e-15
15,75.0,0.08,6.0,8,5,3.141592653589793,1.9634954084936207,4,4.527561806614391,9.910716518746807e-14,7.327471962526033e-15,6.677103534624634e-15
15,75.0,0.08,6.0,8,5,3.141592653589793,1.9634954084936207,5,9.290313060049712,5.810240637163271e-14,7.327471962526033e-15,6.677103534624634e-15
15,75.0,0.08,6.0,8,5,3.141592653589793,1.9634954084936207,6,9.532817301062641,5.177996324117136e-14,7.327471962526033e-15,6.677103534624634e-15
15,75.0,0.08,6.0,8,5,3.141592653589793,1.9634954084936207,7,11.081401161317826,6.30129224187661e-14,7.327471962526033e-15,6.677103534624634e-15
15,75.0,0.08,6.0,8,5,3.141592653589793,1.9634954084936207,8,11.99027553801591,4.372584793059192e-14,7.327471962526033e-15,6.677103534624634e-15
15,75.0,0.08,6.0,8,6,3.141592653589793,2.356194490192345,1,1.422583873627467,1.8734187346421064e-13,2.220446049250313e-15,7.305795556717639e-15
15,75.0,0.08,6.0,8,6,3.141592653589793,2.356194490192345,2,1.6610817052589888,1.6859946978862818e-13,2.220446049250313e-15,7.305795556717639e-15
15,75.0,0.08,6.0,8,6,3.141592653589793,2.356194490192345,3,2.369384095337337,1.040465049743011e-13,2.220446049250313e-15,7.305795556717639e-15
15,75.0,0.08,6.0,8,6,3.141592653589793,2.356194490192345,4,4.29854800675035,1.1212943107975865e-13,2.220446049250313e-15,7.305795556717639e-15
15,75.0,0.08,6.0,8,6,3.141592653589793,2.356194490192345,5,9.704384493813185,4.167086505263428e-14,2.220446049250313e-15,7.305795556717639e-15
15,75.0,0.08,6.0,8,6,3.141592653589793,2.356194490192345,6,9.864695220283716,6.596634033505316e-14,2.220446049250313e-15,7.305795556717639e-15
15,75.0,0.08,6.0,8,6,3.141592653589793,2.356194490192345,7,11.208635697322329,8.510902592303492e-14,2.220446049250313e-15,7.305795556717639e-15
15,75.0,0.08,6.0,8,6,3.141592653589793,2.356194490192345,8,12.192958181925881,4.271700011606173e-14,2.220446049250313e-15,7.305795556717639e-15
15,75.0,0.08,6.0,8,7,3.141592653589793,2.748893571891069,1,1.580798685808279,1.6795360185632039e-13,2.6645352591003757e-15,6.195311412442327e-15
15,75.0,0.08,6.0,8,7,3.141592653589793,2.748893571891069,2,1.7664580135884849,1.6899604162019493e-13,2.6645352591003757e-15,6.195311412442327e-15
15,75.0,0.08,6.0,8,7,3.141592653589793,2.748893571891069,3,2.0567147331959084,1.148278495951602e-13,2.6645352591003757e-15,6.195311412442327e-15
15,75.0,0.08,6.0,8,7,3.141592653589793,2.748893571891069,4,4.143963416537647,1.34996829616842e-13,2.6645352591003757e-15,6.195311412442327e-15
15,75.0,0.08,6.0,8,7,3.141592653589793,2.748893571891069,5,10.024955131235817,7.76541644689563e-14,2.6645352591003757e-15,6.195311412442327e-15
15,75.0,0.08,6.0,8,7,3.141592653589793,2.748893571891069,6,10.079407280431171,8.298637737072373e-14,2.6645352591003757e-15,6.195311412442327e-15
15,75.0,0.08,6.0,8,7,3.141592653589793,2.748893571891069,7,11.326701298899474,1.1463866616612485e-13,2.6645352591003757e-15,6.195311412442327e-15
15,75.0,0.08,6.0,8,7,3.141592653589793,2.748893571891069,8,12.00260011186308,1.0060871058997746e-13,2.6645352591003757e-15,6.195311412442327e-15
15,75.0,0.08,6.0,8,8,3.141592653589793,3.141592653589793,1,1.7784565001433867,1.184037566851798e-13,2.4424906541753444e-15,6.525596288396218e-15
15,75.0,0.08,6.0,8,8,3.141592653589793,3.141592653589793,2,1.8052603753661285,1.6127839990748119e-13,2.4424906541753444e-15,6.525596288396218e-15
15,75.0,0.08,6.0,8,8,3.141592653589793,3.141592653589793,3,1.8052619064745532,3.9926874710006806e-13,2.4424906541753444e-15,6.525596288396218e-15
15,75.0,0.08,6.0,8,8,3.141592653589793,3.141592653589793,4,4.088709458612143,1.1579018508717672e-13,2.4424906541753444e-15,6.525596288396218e-15
15,75.0,0.08,6.0,8,8,3.141592653589793,3.141592653589793,5,10.152742452207182,5.562958412323604e-14,2.4424906541753444e-15,6.525596288396218e-15
15,75.0,0.08,6.0,8,8,3.141592653589793,3.141592653589793,6,10.152751051426128,2.3025762726661343e-13,2.4424906541753444e-15,6.525596288396218e-15
15,75.0,0.08,6.0,8,8,3.141592653589793,3.141592653589793,7,11.379772917079846,9.45497855486644e-14,2.4424906541753444e-15,6.525596288396218e-15
15,75.0,0.08,6.0,8,8,3.141592653589793,3.141592653589793,8,11.928398148822335,8.541939878395117e-14,2.4424906541753444e-15,6.525596288396218e-15
15,75.0,0.2,15.0,0,0,0.0,0.0,1,0.0,0.9892376613246079,2.886579864025407e-15,6.1920363889348865e-15
15,75.0,0.2,15.0,0,0,0.0,0.0,2,6.843612900624804,4.3792935688623403e-13,2.886579864025407e-15,6.1920363889348865e-15
15,75.0,0.2,15.0,0,0,0.0,0.0,3,6.843612900624832,5.583034674491745e-13,2.886579864025407e-15,6.1920363889348865e-15
15,75.0,0.2,15.0,0,0,0.0,0.0,4,9.062887751342306,8.587481931597331e-14,2.886579864025407e-15,6.1920363889348865e-15
15,75.0,0.2,15.0,0,0,0.0,0.0,5,13.700445173508633,1.1065200685785951e-13,2.886579864025407e-15,6.1920363889348865e-15
15,75.0,0.2,15.0,0,0,0.0,0.0,6,14.921318297114722,2.2723944452350476e-13,2.886579864025407e-15,6.1920363889348865e-15
15,75.0,0.2,15.0,0,0,0.0,0.0,7,14.921318297114734,1.6662340868856272e-13,2.886579864025407e-15,6.1920363889348865e-15
15,75.0,0.2,15.0,0,0,0.0,0.0,8,17.607129510736723,8.715757406742871e-14,2.886579864025407e-15,6.1920363889348865e-15
15,75.0,0.2,15.0,1,0,0.39269908169872414,0.0,1,0.03250800637481186,2.795265034607842e-11,1.354472090042691e-14,6.1565056360329955e-15
15,75.0,0.2,15.0,1,0,0.39269908169872414,0.0,2,6.645921539696591,7.82348597027051e-14,1.354472090042691e-14,6.1565056360329955e-15
15,75.0,0.2,15.0,1,0,0.39269908169872414,0.0,3,6.8665404787640085,7.664478269729343e-14,1.354472090042691e-14,6.1565056360329955e-15
15,75.0,0.2,15.0,1,0,0.39269908169872414,0.0,4,9.17672351558225,9.529330664306978e-14,1.354472090042691e-14,6.1565056360329955e-15
15,75.0,0.2,15.0,1,0,0.39269908169872414,0.0,5,13.778658769845176,1.344518615860649e-13,1.354472090042691e-14,6.1565056360329955e-15
15,75.0,0.2,15.0,1,0,0.39269908169872414,0.0,6,14.849998029419837,1.4713301276775903e-13,1.354472090042691e-14,6.1565056360329955e-15
15,75.0,0.2,15.0,1,0,0.39269908169872414,0.0,7,14.853150633266427,1.1931442423664407e-13,1.354472090042691e-14,6.1565056360329955e-15
15,75.0,0.2,15.0,1,0,0.39269908169872414,0.0,8,17.719842437968115,9.531654463897965e-14,1.354472090042691e-14,6.1565056360329955e-15
15,75.0,0.2,15.0,1,1,0.39269908169872414,0.39269908169872414,1,0.06901092976586408,8.958819797876578e-12,2.220446049250313e-15,6.381401883347445e-15
15,75.0,0.2,15.0,1,1,0.39269908169872414,0.39269908169872414,2,6.634990243150725,1.5835407631490764e-13,2.220446049250313e-15,6.381401883347445e-15
15,75.0,0.2,15.0,1,1,0.39269908169872414,0.39269908169872414,3,6.707766755234907,5.878822946940771e-14,2.220446049250313e-15,6.381401883347445e-15
15,75.0,0.2,15.0,1,1,0.39269908169872414,0.39269908169872414,4,9.284167664708818,8.927168678095933e-14,2.220446049250313e-15,6.381401883347445e-15
15,75.0,0.2,15.0,1,1,0.39269908169872414,0.39269908169872414,5,13.856713128416422,8.627952285148836e-14,2.220446049250313e-15,6.381401883347445e-15
15,75.0,0.2,15.0,1,1,0.39269908169872414,0.39269908169872414,6,14.625121915626266,2.7246130534750655e-13,2.220446049250313e-15,6.381401883347445e-15
15,75.0,0.2,15.0,1,1,0.39269908169872414,0.39269908169872414,7,14.965838955810382,1.1025091960653088e-13,2.220446049250313e-15,6.381401883347445e-15
15,75.0,0.2,15.0,1,1,0.39269908169872414,0.39269908169872414,8,17.805889305417832,1.0938540604217485e-13,2.220446049250313e-15,6.381401883347445e-15
15,75.0,0.2,15.0,2,0,0.7853981633974483,0.0,1,0.13023455685020469,4.567855000587857e-12,3.9968028886505635e-15,5.194655525645268e-15
15,75.0,0.2,15.0,2,0,0.7853981633974483,0.0,2,6.157021262842016,7.853006050028933e-14,3.9968028886505635e-15,5.194655525645268e-15
15,75.0,0.2,15.0,2,0,0.7853981633974483,0.0,3,6.932696213019657,5.579200812179773e-14,3.9968028886505635e-15,5.194655525645268e-15
15,75.0,0.2,15.0,2,0,0.7853981633974483,0.0,4,9.422171158206163,7.214600054732216e-14,3.9968028886505635e-15,5.194655525645268e-15
15,75.0,0.2,15.0,2,0,0.7853981633974483,0.0,5,13.975085228265263,8.072214734374851e-14,3.9968028886505635e-15,5.194655525645268e-15
15,75.0,0.2,15.0,2,0,0.7853981633974483,0.0,6,14.665907283936024,7.840186948739113e-14,3.9968028886505635e-15,5.194655525645268e-15
15,75.0,0.2,15.0,2,0,0.7853981633974483,0.0,7,14.705164524483314,1.0554860678639565e-13,3.9968028886505635e-15,5.194655525645268e-15
15,75.0,0.2,15.0,2,0,0.7853981633974483,0.0,8,18.01556922420804,1.7131939137179995e-13,3.9968028886505635e-15,5.194655525645268e-15
15,75.0,0.2,15.0,2,1,0.7853981633974483,0.39269908169872414,1,0.16916425888372294,2.915518952376665e-12,1.7763568394002505e-15,6.0482940057906204e-15
15,75.0,0.2,15.0,2,1,0.7853981633974483,0.39269908169872414,2,6.181097363510627,9.562798627875055e-14,1.7763568394002505e-15,6.0482940057906204e-15
15,75.0,0.2,15.0,2,1,0.7853981633974483,0.39269908169872414,3,6.7483228902558,7.165583874582622e-14,1.7763568394002505e-15,6.0482940057906204e-15
15,75.0,0.2,15.0,2,1,0.7853981633974483,0.39269908169872414,4,9.51449689523221,1.3773791834449158e-13,1.7763568394002505e-15,6.0482940057906204e-15
15,75.0,0.2,15.0,2,1,0.7853981633974483,0.39269908169872414,5,14.047821236497448,8.118204983237987e-14,1.7763568394002505e-15,6.0482940057906204e-15
15,75.0,0.2,15.0,2,1,0.7853981633974483,0.39269908169872414,6,14.371819231451171,1.8380877785628795e-13,1.7763568394002505e-15,6.0482940057906204e-15
15,75.0,0.2,15.0,2,1,0.7853981633974483,0.39269908169872414,7,14.949624672565005,6.983184143407702e-14,1.7763568394002505e-15,6.0482940057906204e-15
15,75.0,0.2,15.0,2,1,0.7853981633974483,0.39269908169872414,8,18.049289810230437,1.9909931768890882e-13,1.7763568394002505e-15,6.0482940057906204e-15
15,75.0,0.2,15.0,2,2,0.7853981633974483,0.7853981633974483,1,0.27600294349686905,1.5313900695902364e-12,2.220446049250313e-15,5.832588135123285e-15
15,75.0,0.2,15.0,2,2,0.7853981633974483,0.7853981633974483,2,6.193921627836295,2.1074050669179084e-13,2.220446049250313e-15,5.832588135123285e-15
15,75.0,0.2,15.0,2,2,0.7853981633974483,0.7853981633974483,3,6.34067593207654,9.30091645111157e-14,2.220446049250313e-15,5.832588135123285e-15
15,75.0,0.2,15.0,2,2,0.7853981633974483,0.7853981633974483,4,9.70452973062251,9.02409537496809e-14,2.220446049250313e-15,5.832588135123285e-15
15,75.0,0.2,15.0,2,2,0.7853981633974483,0.7853981633974483,5,14.050633487319326,1.6207705185953753e-13,2.220446049250313e-15,5.832588135123285e-15
15,75.0,0.2,15.0,2,2,0.7853981633974483,0.7853981633974483,6,14.272971960611429,1.1750408567952475e-13,2.220446049250313e-15,5.832588135123285e-15
15,75.0,0.2,15.0,2,2,0.7853981633974483,0.7853981633974483,7,15.109303015618307,1.1360968366496647e-13,2.220446049250313e-15,5.832588135123285e-15
15,75.0,0.2,15.0,2,2,0.7853981633974483,0.7853981633974483,8,18.173552842106425,1.0566701432666596e-13,2.220446049250313e-15,5.832588135123285e-15
15,75.0,0.2,15.0,3,0,1.1780972450961724,0.0,1,0.293871751241455,1.5495127295870872e-12,2.886579864025407e-15,6.578304480356703e-15
15,75.0,0.2,15.0,3,0,1.1780972450961724,0.0,2,5.523641505981404,7.482577256676118e-14,2.886579864025407e-15,6.578304480356703e-15
15,75.0,0.2,15.0,3,0,1.1780972450961724,0.0,3,7.034268613555436,4.947625479515092e-14,2.886579864025407e-15,6.578304480356703e-15
15,75.0,0.2,15.0,3,0,1.1780972450961724,0.0,4,9.676190057596571,7.699346787541241e-14,2.886579864025407e-15,6.578304480356703e-15
15,75.0,0.2,15.0,3,0,1.1780972450961724,0.0,5,14.069294797642177,6.86460043478803e-14,2.886579864025407e-15,6.578304480356703e-15
15,75.0,0.2,15.0,3,0,1.1780972450961724,0.0,6,14.400931099719742,8.868743040004355e-14,2.886579864025407e-15,6.578304480356703e-15
15,75.0,0.2,15.0,3,0,1.1780972450961724,0.0,7,14.753849043978745,2.3341337758447725e-13,2.886579864025407e-15,6.578304480356703e-15
15,75.0,0.2,15.0,3,0,1.1780972450961724,0.0,8,18.41230071276844,2.0205659981202927e-13,2.886579864025407e-15,6.578304480356703e-15
15,75.0,0.2,15.0,3,1,1.1780972450961724,0.39269908169872414,1,0.3336421431939188,1.2038887687902937e-12,2.220446049250313e-15,6.83683567631666e-15
15,75.0,0.2,15.0,3,1,1.1780972450961724,0.39269908169872414,2,5.552712355089081,7.9899431427017e-14,2.220446049250313e-15,6.83683567631666e-15
15,75.0,0.2,15.0,3,1,1.1780972450961724,0.39269908169872414,3,6.854951645021113,5.03202561682749e-14,2.220446049250313e-15,6.83683567631666e-15
15,75.0,0.2,15.0,3,1,1.1780972450961724,0.39269908169872414,4,9.74443118461373,7.700942264980618e-14,2.220446049250313e-15,6.83683567631666e-15
15,75.0,0.2,15.0,3,1,1.1780972450961724,0.39269908169872414,5,13.97383667530591,1.1364104979032944e-13,2.220446049250313e-15,6.83683567631666e-15
15,75.0,0.2,15.0,3,1,1.1780972450961724,0.39269908169872414,6,14.411120155981619,6.756211824359414e-14,2.220446049250313e-15,6.83683567631666e-15
15,75.0,0.2,15.0,3,1,1.1780972450961724,0.39269908169872414,7,14.920397003082002,1.2685979153995368e-13,2.220446049250313e-15,6.83683567631666e-15
15,75.0,0.2,15.0,3,1,1.1780972450961724,0.39269908169872414,8,18.404388790988605,1.4126906494893346e-13,2.220446049250313e-15,6.83683567631666e-15
15,75.0,0.2,15.0,3,2,1.1780972450961724,0.7853981633974483,1,0.4450381272323685,8.952883298114713e-13,1.9984014443252818e-15,6.0662270180815066e-15
15,75.0,0.2,15.0,3,2,1.1780972450961724,0.7853981633974483,2,5.636866197650278,8.383951259988296e-14,1.9984014443252818e-15,6.0662270180815066e-15
15,75.0,0.2,15.0,3,2,1.1780972450961724,0.7853981633974483,3,6.396786578837896,5.2775604210888924e-14,1.9984014443252818e-15,6.0662270180815066e-15
15,75.0,0.2,15.0,3,2,1.1780972450961724,0.7853981633974483,4,9.86613660501938,7.647129740738635e-14,1.9984014443252818e-15,6.0662270180815066e-15
15,75.0,0.2,15.0,3,2,1.1780972450961724,0.7853981633974483,5,13.798614168401691,9.591733602992178e-14,1.9984014443252818e-15,6.0662270180815066e-15
15,75.0,0.2,15.0,3,2,1.1780972450961724,0.7853981633974483,6,14.555449849402907,5.3211677344210976e-14,1.9984014443252818e-15,6.0662270180815066e-15
15,75.0,0.2,15.0,3,2,1.1780972450961724,0.7853981633974483,7,15.185352614616226,9.990085885553984e-14,1.9984014443252818e-15,6.0662270180815066e-15
15,75.0,0.2,15.0,3,2,1.1780972450961724,0.7853981633974483,8,18.41493649177105,7.893471565281377e-14,1.9984014443252818e-15,6.0662270180815066e-15
15,75.0,0.2,15.0,3,3,1.1780972450961724,1.1780972450961724,1,0.6190109509034394,6.177295756844748e-13,2.3314683517128287e-15,5.9083195543849676e-15
15,75.0,0.2,15.0,3,3,1.1780972450961724,1.1780972450961724,2,5.726197821225793,1.494839304660084e-13,2.3314683517128287e-15,5.9083195543849676e-15
15,75.0,0.2,15.0,3,3,1.1780972450961724,1.1780972450961724,3,5.830406776018172,7.449332776401721e-14,2.3314683517128287e-15,5.9083195543849676e-15
15,75.0,0.2,15.0,3,3,1.1780972450961724,1.1780972450961724,4,9.916858240460746,7.118969079009551e-14,2.3314683517128287e-15,5.9083195543849676e-15
15,75.0,0.2,15.0,3,3,1.1780972450961724,1.1780972450961724,5,13.689768192665422,9.458880436935536e-14,2.3314683517128287e-15,5.9083195543849676e-15
15,75.0,0.2,15.0,3,3,1.1780972450961724,1.1780972450961724,6,14.793195274495327,5.695335896944672e-14,2.3314683517128287e-15,5.9083195543849676e-15
15,75.0,0.2,15.0,3,3,1.1780972450961724,1.1780972450961724,7,15.412586326599918,1.0404298613456169e-13,2.3314683517128287e-15,5.9083195543849676e-15
15,75.0,0.2,15.0,3,3,1.1780972450961724,1.1780972450961724,8,18.51238231220726,8.937024871430887e-14,2.3314683517128287e-15,5.9083195543849676e-15
15,75.0,0.2,15.0,4,0,1.5707963267948966,0.0,1,0.5248049361851878,7.619192901069128e-13,1.3322676295501878e-15,6.44171977209632e-15
15,75.0,0.2,15.0,4,0,1.5707963267948966,0.0,2,4.829166246985096,8.815321259638796e-14,1.3322676295501878e-15,6.44171977209632e-15
15,75.0,0.2,15.0,4,0,1.5707963267948966,0.0,3,7.1584935934718805,4.483972817319293e-14,1.3322676295501878e-15,6.44171977209632e-15
15,75.0,0.2,15.0,4,0,1.5707963267948966,0.0,4,9.890214696720522,7.210952198537317e-14,1.3322676295501878e-15,6.44171977209632e-15
15,75.0,0.2,15.0,4,0,1.5707963267948966,0.0,5,13.902867467492607,7.593673031291657e-14,1.3322676295501878e-15,6.44171977209632e-15
15,75.0,0.2,15.0,4,0,1.5707963267948966,0.0,6,14.105449881567047,1.102173998640337e-13,1.3322676295501878e-15,6.44171977209632e-15
15,75.0,0.2,15.0,4,0,1.5707963267948966,0.0,7,15.170019906835718,7.941026414282723e-14,1.3322676295501878e-15,6.44171977209632e-15
15,75.0,0.2,15.0,4,0,1.5707963267948966,0.0,8,18.83374514320618,9.092179998315851e-14,1.3322676295501878e-15,6.44171977209632e-15
15,75.0,0.2,15.0,4,1,1.5707963267948966,0.39269908169872414,1,0.564999949154367,6.697468722930406e-13,3.1086244689504383e-15,6.824231854725586e-15
15,75.0,0.2,15.0,4,1,1.5707963267948966,0.39269908169872414,2,4.860866737416738,8.372864110834258e-14,3.1086244689504383e-15,6.824231854725586e-15
15,75.0,0.2,15.0,4,1,1.5707963267948966,0.39269908169872414,3,6.987838696222566,5.068762275939397e-14,3.1086244689504383e-15,6.824231854725586e-15
15,75.0,0.2,15.0,4,1,1.5707963267948966,0.39269908169872414,4,9.921346547712519,6.286226431337272e-14,3.1086244689504383e-15,6.824231854725586e-15
15,75.0,0.2,15.0,4,1,1.5707963267948966,0.39269908169872414,5,13.731111580995288,1.0767104165836741e-13,3.1086244689504383e-15,6.824231854725586e-15
15,75.0,0.2,15.0,4,1,1.5707963267948966,0.39269908169872414,6,14.35172282142976,9.342215675509391e-14,3.1086244689504383e-15,6.824231854725586e-15
15,75.0,0.2,15.0,4,1,1.5707963267948966,0.39269908169872414,7,15.231430090215868,1.0529933103542255e-13,3.1086244689504383e-15,6.824231854725586e-15
15,75.0,0.2,15.0,4,1,1.5707963267948966,0.39269908169872414,8,18.80510047643604,1.6186198567576768e-13,3.1086244689504383e-15,6.824231854725586e-15
15,75.0,0.2,15.0,4,2,1.5707963267948966,0.7853981633974483,1,0.6786108413287115,5.530796779396247e-13,1.3322676295501878e-15,6.237758230645043e-15
15,75.0,0.2,15.0,4,2,1.5707963267948966,0.7853981633974483,2,4.953543621961341,8.703845662998503e-14,1.3322676295501878e-15,6.237758230645043e-15
15,75.0,0.2,15.0,4,2,1.5707963267948966,0.7853981633974483,3,6.545119778396015,5.1870081150461134e-14,1.3322676295501878e-15,6.237758230645043e-15
15,75.0,0.2,15.0,4,2,1.5707963267948966,0.7853981633974483,4,9.941546000154704,7.954899648480101e-14,1.3322676295501878e-15,6.237758230645043e-15
15,75.0,0.2,15.0,4,2,1.5707963267948966,0.7853981633974483,5,13.626810078477947,1.0719815398025528e-13,1.3322676295501878e-15,6.237758230645043e-15
15,75.0,0.2,15.0,4,2,1.5707963267948966,0.7853981633974483,6,14.678350812892665,5.84956791732436e-14,1.3322676295501878e-15,6.237758230645043e-15
15,75.0,0.2,15.0,4,2,1.5707963267948966,0.7853981633974483,7,15.40994239580964,1.7685541600892855e-13,1.3322676295501878e-15,6.237758230645043e-15
15,75.0,0.2,15.0,4,2,1.5707963267948966,0.7853981633974483,8,18.74806665132705,9.157349102149295e-14,1.3322676295501878e-15,6.237758230645043e-15
15,75.0,0.2,15.0,4,3,1.5707963267948966,1.1780972450961724,1,0.8548065412134287,4.4690713067993344e-13,2.3314683517128287e-15,6.918972111663831e-15
15,75.0,0.2,15.0,4,3,1.5707963267948966,1.1780972450961724,2,5.0996902869033764,8.482989450204974e-14,2.3314683517128287e-15,6.918972111663831e-15
15,75.0,0.2,15.0,4,3,1.5707963267948966,1.1780972450961724,3,5.949056723915205,6.08882593016097e-14,2.3314683517128287e-15,6.918972111663831e-15
15,75.0,0.2,15.0,4,3,1.5707963267948966,1.1780972450961724,4,9.850950768174968,8.445424120374635e-14,2.3314683517128287e-15,6.918972111663831e-15
15,75.0,0.2,15.0,4,3,1.5707963267948966,1.1780972450961724,5,13.684120613097845,2.0081161866774006e-13,2.3314683517128287e-15,6.918972111663831e-15
15,75.0,0.2,15.0,4,3,1.5707963267948966,1.1780972450961724,6,14.973693206210175,7.382727717056059e-14,2.3314683517128287e-15,6.918972111663831e-15
15,75.0,0.2,15.0,4,3,1.5707963267948966,1.1780972450961724,7,15.673954489126665,2.0808853754831074e-13,2.3314683517128287e-15,6.918972111663831e-15
15,75.0,0.2,15.0,4,3,1.5707963267948966,1.1780972450961724,8,18.73008225922865,1.9199220851897561e-13,2.3314683517128287e-15,6.918972111663831e-15
15,75.0,0.2,15.0,4,4,1.5707963267948966,1.5707963267948966,1,1.089560925268882,3.3512002673596994e-13,1.9984014443252818e-15,7.156455652397861e-15
15,75.0,0.2,15.0,4,4,1.5707963267948966,1.5707963267948966,2,5.265003524372472,8.065550591469164e-14,1.9984014443252818e-15,7.156455652397861e-15
15,75.0,0.2,15.0,4,4,1.5707963267948966,1.5707963267948966,3,5.305322478475992,1.7697366794555845e-13,1.9984014443252818e-15,7.156455652397861e-15
15,75.0,0.2,15.0,4,4,1.5707963267948966,1.5707963267948966,4,9.6413597567639,2.1849770243798446e-13,1.9984014443252818e-15,7.156455652397861e-15
15,75.0,0.2,15.0,4,4,1.5707963267948966,1.5707963267948966,5,13.862359616904874,1.380263005674767e-13,1.9984014443252818e-15,7.156455652397861e-15
15,75.0,0.2,15.0,4,4,1.5707963267948966,1.5707963267948966,6,15.199052038447585,6.812019026729183e-14,1.9984014443252818e-15,7.156455652397861e-15
15,75.0,0.2,15.0,4,4,1.5707963267948966,1.5707963267948966,7,15.992154314027973,1.283352372221125e-13,1.9984014443252818e-15,7.156455652397861e-15
15,75.0,0.2,15.0,4,4,1.5707963267948966,1.5707963267948966,8,18.81534813995196,1.1881647910890678e-13,1.9984014443252818e-15,7.156455652397861e-15
15,75.0,0.2,15.0,5,0,1.9634954084936207,0.0,1,0.8252478787492314,4.348205423602093e-13,1.2212453270876722e-15,5.452114581776475e-15
15,75.0,0.2,15.0,5,0,1.9634954084936207,0.0,2,4.120011925494217,9.739113271846599e-14,1.2212453270876722e-15,5.452114581776475e-15
15,75.0,0.2,15.0,5,0,1.9634954084936207,0.0,3,7.288201368923557,4.6285502618787915e-14,1.2212453270876722e-15,5.452114581776475e-15
15,75.0,0.2,15.0,5,0,1.9634954084936207,0.0,4,10.055295321983062,7.218311699366643e-14,1.2212453270876722e-15,5.452114581776475e-15
15,75.0,0.2,15.0,5,0,1.9634954084936207,0.0,5,13.686658622298483,7.80656518552312e-14,1.2212453270876722e-15,5.452114581776475e-15
15,75.0,0.2,15.0,5,0,1.9634954084936207,0.0,6,13.822572343859344,1.6576452685875262e-13,1.2212453270876722e-15,5.452114581776475e-15
15,75.0,0.2,15.0,5,0,1.9634954084936207,0.0,7,15.72856047978858,1.298260018569603e-13,1.2212453270876722e-15,5.452114581776475e-15
15,75.0,0.2,15.0,5,0,1.9634954084936207,0.0,8,19.202069179993238,6.983873984231738e-14,1.2212453270876722e-15,5.452114581776475e-15
15,75.0,0.2,15.0,5,1,1.9634954084936207,0.39269908169872414,1,0.8658387031643333,4.1970808763000937e-13,2.6645352591003757e-15,6.427077212945085e-15
15,75.0,0.2,15.0,5,1,1.9634954084936207,0.39269908169872414,2,4.15339366990783,9.454402229315967e-14,2.6645352591003757e-15,6.427077212945085e-15
15,75.0,0.2,15.0,5,1,1.9634954084936207,0.39269908169872414,3,7.12866340269382,4.334594361850428e-14,2.6645352591003757e-15,6.427077212945085e-15
15,75.0,0.2,15.0,5,1,1.9634954084936207,0.39269908169872414,4,10.035981072939078,9.643758594494756e-14,2.6645352591003757e-15,6.427077212945085e-15
15,75.0,0.2,15.0,5,1,1.9634954084936207,0.39269908169872414,5,13.53996472540832,1.7834741510484795e-13,2.6645352591003757e-15,6.427077212945085e-15
15,75.0,0.2,15.0,5,1,1.9634954084936207,0.39269908169872414,6,14.120757295888525,7.493665746884987e-14,2.6645352591003757e-15,6.427077212945085e-15
15,75.0,0.2,15.0,5,1,1.9634954084936207,0.39269908169872414,7,15.767560219270129,1.147940012408164e-13,2.6645352591003757e-15,6.427077212945085e-15
15,75.0,0.2,15.0,5,1,1.9634954084936207,0.39269908169872414,8,19.171938314823443,5.955704216867639e-14,2.6645352591003757e-15,6.427077212945085e-15
15,75.0,0.2,15.0,5,2,1.9634954084936207,0.7853981633974483,1,0.9803905135556408,3.9581325323114313e-13,3.6637359812630166e-15,5.172407156945662e-15
15,75.0,0.2,15.0,5,2,1.9634954084936207,0.7853981633974483,2,4.251158858932296,9.32719418861592e-14,3.6637359812630166e-15,5.172407156945662e-15
15,75.0,0.2,15.0,5,2,1.9634954084936207,0.7853981633974483,3,6.7085641671149325,5.0911443831630324e-14,3.6637359812630166e-15,5.172407156945662e-15
15,75.0,0.2,15.0,5,2,1.9634954084936207,0.7853981633974483,4,9.930761838174108,7.512041893877299e-14,3.6637359812630166e-15,5.172407156945662e-15
15,75.0,0.2,15.0,5,2,1.9634954084936207,0.7853981633974483,5,13.554015158610973,3.159595550702758e-13,3.6637359812630166e-15,5.172407156945662e-15
15,75.0,0.2,15.0,5,2,1.9634954084936207,0.7853981633974483,6,14.54039643483426,9.534335427306542e-14,3.6637359812630166e-15,5.172407156945662e-15
15,75.0,0.2,15.0,5,2,1.9634954084936207,0.7853981633974483,7,15.887195607631156,1.0378712120487258e-13,3.6637359812630166e-15,5.172407156945662e-15
15,75.0,0.2,15.0,5,2,1.9634954084936207,0.7853981633974483,8,19.098898943361956,6.603308353480467e-14,3.6637359812630166e-15,5.172407156945662e-15
15,75.0,0.2,15.0,5,3,1.9634954084936207,1.1780972450961724,1,1.155820211902464,3.384060233055384e-13,3.1086244689504383e-15,5.8114458384224535e-15
15,75.0,0.2,15.0,5,3,1.9634954084936207,1.1780972450961724,2,4.40550936614882,9.491615590573973e-14,3.1086244689504383e-15,5.8114458384224535e-15
15,75.0,0.2,15.0,5,3,1.9634954084936207,1.1780972450961724,3,6.135406721694665,5.723474561690856e-14,3.1086244689504383e-15,5.8114458384224535e-15
15,75.0,0.2,15.0,5,3,1.9634954084936207,1.1780972450961724,4,9.69678354972659,1.0085960083453455e-13,3.1086244689504383e-15,5.8114458384224535e-15
15,75.0,0.2,15.0,5,3,1.9634954084936207,1.1780972450961724,5,13.768294691863517,9.504906486450672e-14,3.1086244689504383e-15,5.8114458384224535e-15
15,75.0,0.2,15.0,5,3,1.9634954084936207,1.1780972450961724,6,14.951157349530869,8.655726409943617e-14,3.1086244689504383e-15,5.8114458384224535e-15
15,75.0,0.2,15.0,5,3,1.9634954084936207,1.1780972450961724,7,16.092452550390693,1.5225733035562184e-13,3.1086244689504383e-15,5.8114458384224535e-15
15,75.0,0.2,15.0,5,3,1.9634954084936207,1.1780972450961724,8,19.028344377696826,9.176335498275175e-14,3.1086244689504383e-15,5.8114458384224535e-15
15,75.0,0.2,15.0,5,4,1.9634954084936207,1.5707963267948966,1,1.3848397152452228,2.6096114962294396e-13,3.219646771412954e-15,6.1051083445897164e-15
15,75.0,0.2,15.0,5,4,1.9634954084936207,1.5707963267948966,2,4.599918702836816,9.238378325425647e-14,3.219646771412954e-15,6.1051083445897164e-15
15,75.0,0.2,15.0,5,4,1.9634954084936207,1.5707963267948966,3,5.495257160372763,6.453596141185235e-14,3.219646771412954e-15,6.1051083445897164e-15
15,75.0,0.2,15.0,5,4,1.9634954084936207,1.5707963267948966,4,9.36863207497457,1.0190626612260741e-13,3.219646771412954e-15,6.1051083445897164e-15
15,75.0,0.2,15.0,5,4,1.9634954084936207,1.5707963267948966,5,14.097387372302762,1.652614611538652e-13,3.219646771412954e-15,6.1051083445897164e-15
15,75.0,0.2,15.0,5,4,1.9634954084936207,1.5707963267948966,6,15.287606404559284,5.4402000450746034e-14,3.219646771412954e-15,6.1051083445897164e-15
15,75.0,0.2,15.0,5,4,1.9634954084936207,1.5707963267948966,7,16.381618886511635,8.248679120555725e-14,3.219646771412954e-15,6.1051083445897164e-15
15,75.0,0.2,15.0,5,4,1.9634954084936207,1.5707963267948966,8,19.01782205639357,7.174609185000892e-14,3.219646771412954e-15,6.1051083445897164e-15
15,75.0,0.2,15.0,5,5,1.9634954084936207,1.9634954084936207,1,1.667669752452676,2.1589487238293205e-13,1.7763568394002505e-15,6.703410398994236e-15
15,75.0,0.2,15.0,5,5,1.9634954084936207,1.9634954084936207,2,4.71859290228953,9.796857840132302e-14,1.7763568394002505e-15,6.703410398994236e-15
15,75.0,0.2,15.0,5,5,1.9634954084936207,1.9634954084936207,3,4.936717748270946,2.0908409616552932e-13,1.7763568394002505e-15,6.703410398994236e-15
15,75.0,0.2,15.0,5,5,1.9634954084936207,1.9634954084936207,4,9.010766910783683,1.0025551362637498e-13,1.7763568394002505e-15,6.703410398994236e-15
15,75.0,0.2,15.0,5,5,1.9634954084936207,1.9634954084936207,5,14.453275993836431,1.4911689922650586e-13,1.7763568394002505e-15,6.703410398994236e-15
15,75.0,0.2,15.0,5,5,1.9634954084936207,1.9634954084936207,6,15.499558958416594,8.79353697117044e-14,1.7763568394002505e-15,6.703410398994236e-15
15,75.0,0.2,15.0,5,5,1.9634954084936207,1.9634954084936207,7,16.739822317062682,1.0079591737276435e-13,1.7763568394002505e-15,6.703410398994236e-15
15,75.0,0.2,15.0,5,5,1.9634954084936207,1.9634954084936207,8,19.111586581086033,6.973422763322059e-14,1.7763568394002505e-15,6.703410398994236e-15
15,75.0,0.2,15.0,6,0,2.356194490192345,0.0,1,1.1978582811145373,2.885487663364828e-13,3.3306690738754696e-15,5.874990406933522e-15
15,75.0,0.2,15.0,6,0,2.356194490192345,0.0,2,3.4276893800533257,1.1899785333690578e-13,3.3306690738754696e-15,5.874990406933522e-15
15,75.0,0.2,15.0,6,0,2.356194490192345,0.0,3,7.4031409675089686,4.685843268185616e-14,3.3306690738754696e-15,5.874990406933522e-15
15,75.0,0.2,15.0,6,0,2.356194490192345,0.0,4,10.172927943779012,7.764097728106983e-14,3.3306690738754696e-15,5.874990406933522e-15
15,75.0,0.2,15.0,6,0,2.356194490192345,0.0,5,13.50497275966554,1.5744511841704858e-13,3.3306690738754696e-15,5.874990406933522e-15
15,75.0,0.2,15.0,6,0,2.356194490192345,0.0,6,13.589145403906642,3.5034836671812416e-13,3.3306690738754696e-15,5.874990406933522e-15
15,75.0,0.2,15.0,6,0,2.356194490192345,0.0,7,16.306135648915824,6.852168186059698e-14,3.3306690738754696e-15,5.874990406933522e-15
15,75.0,0.2,15.0,6,0,2.356194490192345,0.0,8,19.414528654889814,1.98453910230012e-13,3.3306690738754696e-15,5.874990406933522e-15
15,75.0,0.2,15.0,6,1,2.356194490192345,0.39269908169872414,1,1.239040437489924,2.9402415199543445e-13,2.3314683517128287e-15,6.363531203085821e-15
15,75.0,0.2,15.0,6,1,2.356194490192345,0.39269908169872414,2,3.4620828145308136,1.1479437341057264e-13,2.3314683517128287e-15,6.363531203085821e-15
15,75.0,0.2,15.0,6,1,2.356194490192345,0.39269908169872414,3,7.255478272411903,4.764891645637657e-14,2.3314683517128287e-15,6.363531203085821e-15
15,75.0,0.2,15.0,6,1,2.356194490192345,0.39269908169872414,4,10.097247042074693,6.677425636998055e-14,2.3314683517128287e-15,6.363531203085821e-15
15,75.0,0.2,15.0,6,1,2.356194490192345,0.39269908169872414,5,13.432605756647412,1.3667093119150655e-13,2.3314683517128287e-15,6.363531203085821e-15
15,75.0,0.2,15.0,6,1,2.356194490192345,0.39269908169872414,6,13.874265533947126,8.18396767562238e-14,2.3314683517128287e-15,6.363531203085821e-15
15,75.0,0.2,15.0,6,1,2.356194490192345,0.39269908169872414,7,16.336061298593314,6.401728204662694e-14,2.3314683517128287e-15,6.363531203085821e-15
15,75.0,0.2,15.0,6,1,2.356194490192345,0.39269908169872414,8,19.399760587571503,6.361885704446406e-14,2.3314683517128287e-15,6.363531203085821e-15
15,75.0,0.2,15.0,6,2,2.356194490192345,0.7853981633974483,1,1.3539832964260268,2.754466972035127e-13,2.6645352591003757e-15,7.074889548961665e-15
15,75.0,0.2,15.0,6,2,2.356194490192345,0.7853981633974483,2,3.563669382643228,1.154258622802532e-13,2.6645352591003757e-15,7.074889548961665e-15
15,75.0,0.2,15.0,6,2,2.356194490192345,0.7853981633974483,3,6.860488817818198,4.860693636394826e-14,2.6645352591003757e-15,7.074889548961665e-15
15,75.0,0.2,15.0,6,2,2.356194490192345,0.7853981633974483,4,9.86787376609346,7.785362331501725e-14,2.6645352591003757e-15,7.074889548961665e-15
15,75.0,0.2,15.0,6,2,2.356194490192345,0.7853981633974483,5,13.57770772739118,8.386202723485231e-14,2.6645352591003757e-15,7.074889548961665e-15
15,75.0,0.2,15.0,6,2,2.356194490192345,0.7853981633974483,6,14.31525092275341,7.500143606334903e-14,2.6645352591003757e-15,7.074889548961665e-15
15,75.0,0.2,15.0,6,2,2.356194490192345,0.7853981633974483,7,16.427964489340734,8.529886519721491e-14,2.6645352591003757e-15,7.074889548961665e-15
15,75.0,0.2,15.0,6,2,2.356194490192345,0.7853981633974483,8,19.359848270754,6.522392129171698e-14,2.6645352591003757e-15,7.074889548961665e-15
15,75.0,0.2,15.0,6,3,2.356194490192345,1.1780972450961724,1,1.5258745521963986,2.429341838366953e-13,3.3306690738754696e-15,5.378279318060028e-15
15,75.0,0.2,15.0,6,3,2.356194490192345,1.1780972450961724,2,3.7262521405511144,1.0575557416230772e-13,3.3306690738754696e-15,5.378279318060028e-15
15,75.0,0.2,15.0,6,3,2.356194490192345,1.1780972450961724,3,6.3127502826123765,5.84229721554535e-14,3.3306690738754696e-15,5.378279318060028e-15
15,75.0,0.2,15.0,6,3,2.356194490192345,1.1780972450961724,4,9.514909882375134,1.1041540371099339e-13,3.3306690738754696e-15,5.378279318060028e-15
15,75.0,0.2,15.0,6,3,2.356194490192345,1.1780972450961724,5,13.91716809715518,1.0208498139643688e-13,3.3306690738754696e-15,5.378279318060028e-15
15,75.0,0.2,15.0,6,3,2.356194490192345,1.1780972450961724,6,14.790531630314026,7.400022532761425e-14,3.3306690738754696e-15,5.378279318060028e-15
15,75.0,0.2,15.0,6,3,2.356194490192345,1.1780972450961724,7,16.587965682593488,1.3330712953472233e-13,3.3306690738754696e-15,5.378279318060028e-15
15,75.0,0.2,15.0,6,3,2.356194490192345,1.1780972450961724,8,19.31020259311933,3.8829933006995965e-13,3.3306690738754696e-15,5.378279318060028e-15
15,75.0,0.2,15.0,6,4,2.356194490192345,1.5707963267948966,1,1.7437518155915488,2.0848694947180225e-13,1.4432899320127035e-15,6.0301494591439815e-15
15,75.0,0.2,15.0,6,4,2.356194490192345,1.5707963267948966,2,3.935478451981425,1.036154152742607e-13,1.4432899320127035e-15,6.0301494591439815e-15
15,75.0,0.2,15.0,6,4,2.356194490192345,1.5707963267948966,3,5.693832967921006,6.38055319509396e-14,1.4432899320127035e-15,6.0301494591439815e-15
15,75.0,0.2,15.0,6,4,2.356194490192345,1.5707963267948966,4,9.10066747888761,8.367459615416452e-14,1.4432899320127035e-15,6.0301494591439815e-15
15,75.0,0.2,15.0,6,4,2.356194490192345,1.5707963267948966,5,14.348647744409366,1.348178481440536e-13,1.4432899320127035e-15,6.0301494591439815e-15
15,75.0,0.2,15.0,6,4,2.356194490192345,1.5707963267948966,6,15.226805534972117,7.656723968055643e-14,1.4432899320127035e-15,6.0301494591439815e-15
15,75.0,0.2,15.0,6,4,2.356194490192345,1.5707963267948966,7,16.8235376684593,7.105753054157565e-14,1.4432899320127035e-15,6.0301494591439815e-15
15,75.0,0.2,15.0,6,4,2.356194490192345,1.5707963267948966,8,19.28012837110852,1.6626268448580201e-13,1.4432899320127035e-15,6.0301494591439815e-15
15,75.0,0.2,15.0,6,5,2.356194490192345,1.9634954084936207,1,2.0066250313955347,1.7380951712756628e-13,2.4424906541753444e-15,7.850433307603086e-15
15,75.0,0.2,15.0,6,5,2.356194490192345,1.9634954084936207,2,4.161203148093674,1.004368460288447e-13,2.4424906541753444e-15,7.850433307603086e-15
15,75.0,0.2,15.0,6,5,2.356194490192345,1.9634954084936207,3,5.067083804403019,6.887136408101395e-14,2.4424906541753444e-15,7.850433307603086e-15
15,75.0,0.2,15.0,6,5,2.356194490192345,1.9634954084936207,4,8.68506878141355,9.491896343700472e-14,2.4424906541753444e-15,7.850433307603086e-15
15,75.0,0.2,15.0,6,5,2.356194490192345,1.9634954084936207,5,14.784903542900421,8.022719793145315e-14,2.4424906541753444e-15,7.850433307603086e-15
15,75.0,0.2,15.0,6,5,2.356194490192345,1.9634954084936207,6,15.561601068817223,4.665324303897165e-14,2.4424906541753444e-15,7.850433307603086e-15
15,75.0,0.2,15.0,6,5,2.356194490192345,1.9634954084936207,7,17.133048012415944,9.675361058827166e-14,2.4424906541753444e-15,7.850433307603086e-15
15,75.0,0.2,15.0,6,5,2.356194490192345,1.9634954084936207,8,19.30777346610209,1.1931802600110746e-13,2.4424906541753444e-15,7.850433307603086e-15
15,75.0,0.2,15.0,6,6,2.356194490192345,2.356194490192345,1,2.3175776170524633,1.5153942412834985e-13,2.220446049250313e-15,6.101854738228251e-15
15,75.0,0.2,15.0,6,6,2.356194490192345,2.356194490192345,2,4.257450172242297,9.971989529556387e-14,2.220446049250313e-15,6.101854738228251e-15
15,75.0,0.2,15.0,6,6,2.356194490192345,2.356194490192345,3,4.585378101991786,9.637022481030456e-14,2.220446049250313e-15,6.101854738228251e-15
15,75.0,0.2,15.0,6,6,2.356194490192345,2.356194490192345,4,8.321534548319,1.2690103013936203e-13,2.220446049250313e-15,6.101854738228251e-15
15,75.0,0.2,15.0,6,6,2.356194490192345,2.356194490192345,5,15.169595859739653,7.633851999646181e-14,2.220446049250313e-15,6.101854738228251e-15
15,75.0,0.2,15.0,6,6,2.356194490192345,2.356194490192345,6,15.752289817848725,4.747389282774969e-14,2.220446049250313e-15,6.101854738228251e-15
15,75.0,0.2,15.0,6,6,2.356194490192345,2.356194490192345,7,17.485260557117403,7.99643750344445e-14,2.220446049250313e-15,6.101854738228251e-15
15,75.0,0.2,15.0,6,6,2.356194490192345,2.356194490192345,8,19.422754911224246,1.407650867094151e-13,2.220446049250313e-15,6.101854738228251e-15
15,75.0,0.2,15.0,7,0,2.748893571891069,0.0,1,1.6434419354363283,2.2536775488827007e-13,2.6645352591003757e-15,5.693022571703127e-15
15,75.0,0.2,15.0,7,0,2.748893571891069,0.0,2,2.7779457387840227,1.3912393828516267e-13,2.6645352591003757e-15,5.693022571703127e-15
15,75.0,0.2,15.0,7,0,2.748893571891069,0.0,3,7.482853561587421,4.64268042812964e-14,2.6645352591003757e-15,5.693022571703127e-15
15,75.0,0.2,15.0,7,0,2.748893571891069,0.0,4,10.24414764941869,6.871574942420016e-14,2.6645352591003757e-15,5.693022571703127e-15
15,75.0,0.2,15.0,7,0,2.748893571891069,0.0,5,13.386457616301653,1.397188553049221e-13,2.6645352591003757e-15,5.693022571703127e-15
15,75.0,0.2,15.0,7,0,2.748893571891069,0.0,6,13.435175318178612,9.999225594329005e-14,2.6645352591003757e-15,5.693022571703127e-15
15,75.0,0.2,15.0,7,0,2.748893571891069,0.0,7,16.789461728909156,8.445302332881823e-14,2.6645352591003757e-15,5.693022571703127e-15
15,75.0,0.2,15.0,7,0,2.748893571891069,0.0,8,19.398803022489794,1.2895149288184504e-13,2.6645352591003757e-15,5.693022571703127e-15
15,75.0,0.2,15.0,7,1,2.748893571891069,0.39269908169872414,1,1.6862162446479965,2.290637184635434e-13,2.6645352591003757e-15,6.831754576662422e-15
15,75.0,0.2,15.0,7,1,2.748893571891069,0.39269908169872414,2,2.811853518546739,1.461857164482762e-13,2.6645352591003757e-15,6.831754576662422e-15
15,75.0,0.2,15.0,7,1,2.748893571891069,0.39269908169872414,3,7.344768452632726,5.034725482615533e-14,2.6645352591003757e-15,6.831754576662422e-15
15,75.0,0.2,15.0,7,1,2.748893571891069,0.39269908169872414,4,10.122109234856863,6.858228095824476e-14,2.6645352591003757e-15,6.831754576662422e-15
15,75.0,0.2,15.0,7,1,2.748893571891069,0.39269908169872414,5,13.418617527722162,1.0370982909856641e-13,2.6645352591003757e-15,6.831754576662422e-15
15,75.0,0.2,15.0,7,1,2.748893571891069,0.39269908169872414,6,13.660689148890691,1.091511911913452e-13,2.6645352591003757e-15,6.831754576662422e-15
15,75.0,0.2,15.0,7,1,2.748893571891069,0.39269908169872414,7,16.81379552843985,5.496431933108872e-14,2.6645352591003757e-15,6.831754576662422e-15
15,75.0,0.2,15.0,7,1,2.748893571891069,0.39269908169872414,8,19.40566368951328,1.5598727639426133e-13,2.6645352591003757e-15,6.831754576662422e-15
15,75.0,0.2,15.0,7,2,2.748893571891069,0.7853981633974483,1,1.8019841259184703,2.0143671742852394e-13,1.6653345369377348e-15,6.444673585302284e-15
15,75.0,0.2,15.0,7,2,2.748893571891069,0.7853981633974483,2,2.9153792697542382,1.4111472210072937e-13,1.6653345369377348e-15,6.444673585302284e-15
15,75.0,0.2,15.0,7,2,2.748893571891069,0.7853981633974483,3,6.9707176428374735,5.119232597487192e-14,1.6653345369377348e-15,6.444673585302284e-15
15,75.0,0.2,15.0,7,2,2.748893571891069,0.7853981633974483,4,9.80110760159892,8.320909631720383e-14,1.6653345369377348e-15,6.444673585302284e-15
15,75.0,0.2,15.0,7,2,2.748893571891069,0.7853981633974483,5,13.682397493307311,1.3933002024949216e-13,1.6653345369377348e-15,6.444673585302284e-15
15,75.0,0.2,15.0,7,2,2.748893571891069,0.7853981633974483,6,14.079912886030158,7.767848654301024e-14,1.6653345369377348e-15,6.444673585302284e-15
15,75.0,0.2,15.0,7,2,2.748893571891069,0.7853981633974483,7,16.888399697473666,5.332430423402926e-14,1.6653345369377348e-15,6.444673585302284e-15
15,75.0,0.2,15.0,7,2,2.748893571891069,0.7853981633974483,8,19.425728170752816,2.271438880536714e-13,1.6653345369377348e-15,6.444673585302284e-15
15,75.0,0.2,15.0,7,3,2.748893571891069,1.1780972450961724,1,1.96561184321929,1.835311094675719e-13,3.1086244689504383e-15,6.379724401458354e-15
15,75.0,0.2,15.0,7,3,2.748893571891069,1.1780972450961724,2,3.0891146740412507,1.2700069390152686e-13,3.1086244689504383e-15,6.379724401458354e-15
15,75.0,0.2,15.0,7,3,2.748893571891069,1.1780972450961724,3,6.444461458613903,5.853564411241959e-14,3.1086244689504383e-15,6.379724401458354e-15
15,75.0,0.2,15.0,7,3,2.748893571891069,1.1780972450961724,4,9.369700585726811,7.320225472558723e-14,3.1086244689504383e-15,6.379724401458354e-15
15,75.0,0.2,15.0,7,3,2.748893571891069,1.1780972450961724,5,14.108417082420209,8.013453615955604e-14,3.1086244689504383e-15,6.379724401458354e-15
15,75.0,0.2,15.0,7,3,2.748893571891069,1.1780972450961724,6,14.574981837573668,6.477185106614683e-14,3.1086244689504383e-15,6.379724401458354e-15
15,75.0,0.2,15.0,7,3,2.748893571891069,1.1780972450961724,7,17.018378206148263,1.2320429870135227e-13,3.1086244689504383e-15,6.379724401458354e-15
15,75.0,0.2,15.0,7,3,2.748893571891069,1.1780972450961724,8,19.45763916874011,1.3268409323667646e-13,3.1086244689504383e-15,6.379724401458354e-15
15,75.0,0.2,15.0,7,4,2.748893571891069,1.5707963267948966,1,2.1615014456785864,1.6321973114943236e-13,1.887379141862766e-15,5.793316167829111e-15
15,75.0,0.2,15.0,7,4,2.748893571891069,1.5707963267948966,2,3.3221458435039106,1.2631975187294173e-13,1.887379141862766e-15,5.793316167829111e-15
15,75.0,0.2,15.0,7,4,2.748893571891069,1.5707963267948966,3,5.843206846462796,6.050849229120402e-14,1.887379141862766e-15,5.793316167829111e-15
15,75.0,0.2,15.0,7,4,2.748893571891069,1.5707963267948966,4,8.901984973570983,9.527657364171192e-14,1.887379141862766e-15,5.793316167829111e-15
15,75.0,0.2,15.0,7,4,2.748893571891069,1.5707963267948966,5,14.59793016503122,1.1733101511901802e-13,1.887379141862766e-15,5.793316167829111e-15
15,75.0,0.2,15.0,7,4,2.748893571891069,1.5707963267948966,6,15.066975428908439,8.743823575373564e-14,1.887379141862766e-15,5.793316167829111e-15
15,75.0,0.2,15.0,7,4,2.748893571891069,1.5707963267948966,7,17.212264125279585,9.450445623214895e-14,1.887379141862766e-15,5.793316167829111e-15
15,75.0,0.2,15.0,7,4,2.748893571891069,1.5707963267948966,8,19.500095090619467,1.5259240466822166e-13,1.887379141862766e-15,5.793316167829111e-15
15,75.0,0.2,15.0,7,5,2.748893571891069,1.9634954084936207,1,2.391520203615796,1.4390132347586106e-13,2.220446049250313e-15,5.533558194850308e-15
15,75.0,0.2,15.0,7,5,2.748893571891069,1.9634954084936207,2,3.586136782479908,1.1388324793646472e-13,2.220446049250313e-15,5.533558194850308e-15
15,75.0,0.2,15.0,7,5,2.748893571891069,1.9634954084936207,3,5.224727639394226,7.064592915653433e-14,2.220446049250313e-15,5.533558194850308e-15
15,75.0,0.2,15.0,7,5,2.748893571891069,1.9634954084936207,4,8.451482553831603,1.5354326738807372e-13,2.220446049250313e-15,5.533558194850308e-15
15,75.0,0.2,15.0,7,5,2.748893571891069,1.9634954084936207,5,15.072477623860076,1.4729012612390939e-13,2.220446049250313e-15,5.533558194850308e-15
15,75.0,0.2,15.0,7,5,2.748893571891069,1.9634954084936207,6,15.489719084625909,8.045192117561425e-14,2.220446049250313e-15,5.533558194850308e-15
15,75.0,0.2,15.0,7,5,2.748893571891069,1.9634954084936207,7,17.476796307002427,1.755507890204816e-13,2.220446049250313e-15,5.533558194850308e-15
15,75.0,0.2,15.0,7,5,2.748893571891069,1.9634954084936207,8,19.554671981674872,1.567576065278875e-13,2.220446049250313e-15,5.533558194850308e-15
15,75.0,0.2,15.0,7,6,2.748893571891069,2.356194490192345,1,2.665480522531924,1.30932880291196e-13,2.4424906541753444e-15,6.6888363037225635e-15
15,75.0,0.2,15.0,7,6,2.748893571891069,2.356194490192345,2,3.834028433117289,1.1262927728726003e-13,2.4424906541753444e-15,6.6888363037225635e-15
15,75.0,0.2,15.0,7,6,2.748893571891069,2.356194490192345,3,4.636973437016908,8.396739224268334e-14,2.4424906541753444e-15,6.6888363037225635e-15
15,75.0,0.2,15.0,7,6,2.748893571891069,2.356194490192345,4,8.065667396039483,1.8855394607737473e-13,2.4424906541753444e-15,6.6888363037225635e-15
15,75.0,0.2,15.0,7,6,2.748893571891069,2.356194490192345,5,15.47402328562562,1.1915557912135005e-13,2.4424906541753444e-15,6.6888363037225635e-15
15,75.0,0.2,15.0,7,6,2.748893571891069,2.356194490192345,6,15.789120045311531,5.539851646708156e-14,2.4424906541753444e-15,6.6888363037225635e-15
15,75.0,0.2,15.0,7,6,2.748893571891069,2.356194490192345,7,17.796171711701902,7.078135152414345e-14,2.4424906541753444e-15,6.6888363037225635e-15
15,75.0,0.2,15.0,7,6,2.748893571891069,2.356194490192345,8,19.633160058185567,1.4367117650600396e-13,2.4424906541753444e-15,6.6888363037225635e-15
15,75.0,0.2,15.0,7,7,2.748893571891069,2.748893571891069,1,2.9797839075210404,1.1547213230922606e-13,3.3306690738754696e-15,6.401015751608141e-15
15,75.0,0.2,15.0,7,7,2.748893571891069,2.748893571891069,2,3.944920170473082,1.2204976625055184e-13,3.3306690738754696e-15,6.401015751608141e-15
15,75.0,0.2,15.0,7,7,2.748893571891069,2.748893571891069,3,4.192399456159487,2.791863672808654e-13,3.3306690738754696e-15,6.401015751608141e-15
15,75.0,0.2,15.0,7,7,2.748893571891069,2.748893571891069,4,7.797200471606713,1.6036031406594798e-13,3.3306690738754696e-15,6.401015751608141e-15
15,75.0,0.2,15.0,7,7,2.748893571891069,2.748893571891069,5,15.764502987293104,2.6111463529538114e-13,3.3306690738754696e-15,6.401015751608141e-15
15,75.0,0.2,15.0,7,7,2.748893571891069,2.748893571891069,6,15.934955608133663,7.380122686398243e-14,3.3306690738754696e-15,6.401015751608141e-15
15,75.0,0.2,15.0,7,7,2.748893571891069,2.748893571891069,7,18.094163513792083,8.29288133988534e-14,3.3306690738754696e-15,6.401015751608141e-15
15,75.0,0.2,15.0,7,7,2.748893571891069,2.748893571891069,8,19.77038628060223,3.818339632148637e-13,3.3306690738754696e-15,6.401015751608141e-15
15,75.0,0.2,15.0,8,0,3.141592653589793,0.0,1,2.08412467343181,2.068536246515789e-13,2.4424906541753444e-15,5.3339833925998956e-15
15,75.0,0.2,15.0,8,0,3.141592653589793,0.0,2,2.266977239648709,1.8281076284307461e-13,2.4424906541753444e-15,5.3339833925998956e-15
15,75.0,0.2,15.0,8,0,3.141592653589793,0.0,3,7.51145422447697,4.4725763217735134e-14,2.4424906541753444e-15,5.3339833925998956e-15
15,75.0,0.2,15.0,8,0,3.141592653589793,0.0,4,10.268107823451164,7.471967527207963e-14,2.4424906541753444e-15,5.3339833925998956e-15
15,75.0,0.2,15.0,8,0,3.141592653589793,0.0,5,13.345388490216708,1.5449580645492216e-13,2.4424906541753444e-15,5.3339833925998956e-15
15,75.0,0.2,15.0,8,0,3.141592653589793,0.0,6,13.381334834943484,9.584697417244312e-14,2.4424906541753444e-15,5.3339833925998956e-15
15,75.0,0.2,15.0,8,0,3.141592653589793,0.0,7,16.994618262361296,6.48733504036052e-14,2.4424906541753444e-15,5.3339833925998956e-15
15,75.0,0.2,15.0,8,0,3.141592653589793,0.0,8,19.328417760905662,6.750904966632284e-14,2.4424906541753444e-15,5.3339833925998956e-15
15,75.0,0.2,15.0,8,1,3.141592653589793,0.39269908169872414,1,2.149309302739405,1.982992910990339e-13,2.4424906541753444e-15,6.9445768985702585e-15
15,75.0,0.2,15.0,8,1,3.141592653589793,0.39269908169872414,2,2.278879818021457,2.0007334457755812e-13,2.4424906541753444e-15,6.9445768985702585e-15
15,75.0,0.2,15.0,8,1,3.141592653589793,0.39269908169872414,3,7.377113533818251,5.061133754187931e-14,2.4424906541753444e-15,6.9445768985702585e-15
15,75.0,0.2,15.0,8,1,3.141592653589793,0.39269908169872414,4,10.127868369492667,1.3929764377296979e-13,2.4424906541753444e-15,6.9445768985702585e-15
15,75.0,0.2,15.0,8,1,3.141592653589793,0.39269908169872414,5,13.47232304397262,6.964857314465672e-14,2.4424906541753444e-15,6.9445768985702585e-15
15,75.0,0.2,15.0,8,1,3.141592653589793,0.39269908169872414,6,13.52900702131949,1.53292244860873e-13,2.4424906541753444e-15,6.9445768985702585e-15
15,75.0,0.2,15.0,8,1,3.141592653589793,0.39269908169872414,7,17.016551903777742,6.817654064004662e-14,2.4424906541753444e-15,6.9445768985702585e-15
15,75.0,0.2,15.0,8,1,3.141592653589793,0.39269908169872414,8,19.344130145228732,1.6673855232643543e-13,2.4424906541753444e-15,6.9445768985702585e-15
15,75.0,0.2,15.0,8,2,3.141592653589793,0.7853981633974483,1,2.3168305047590976,1.9428331814878848e-13,4.218847493575595e-15,6.311484246691281e-15
15,75.0,0.2,15.0,8,2,3.141592653589793,0.7853981633974483,2,2.3316444665458307,1.8111530326245108e-13,4.218847493575595e-15,6.311484246691281e-15
15,75.0,0.2,15.0,8,2,3.141592653589793,0.7853981633974483,3,7.011442547713447,4.904619522897415e-14,4.218847493575595e-15,6.311484246691281e-15
15,75.0,0.2,15.0,8,2,3.141592653589793,0.7853981633974483,4,9.773053637023214,8.934862549995578e-14,4.218847493575595e-15,6.311484246691281e-15
15,75.0,0.2,15.0,8,2,3.141592653589793,0.7853981633974483,5,13.813664128190466,6.779437373320487e-14,4.218847493575595e-15,6.311484246691281e-15
15,75.0,0.2,15.0,8,2,3.141592653589793,0.7853981633974483,6,13.904086606244523,1.711645427018977e-13,4.218847493575595e-15,6.311484246691281e-15
15,75.0,0.2,15.0,8,2,3.141592653589793,0.7853981633974483,7,17.083819258585564,1.655119942458769e-13,4.218847493575595e-15,6.311484246691281e-15
15,75.0,0.2,15.0,8,2,3.141592653589793,0.7853981633974483,8,19.39158017421355,1.897153663194621e-13,4.218847493575595e-15,6.311484246691281e-15
15,75.0,0.2,15.0,8,3,3.141592653589793,1.1780972450961724,1,2.3873341419245513,2.025001598308222e-13,9.658940314238862e-15,6.342174104241336e-15
15,75.0,0.2,15.0,8,3,3.141592653589793,1.1780972450961724,2,2.5995109363007516,1.7784718797827136e-13,9.658940314238862e-15,6.342174104241336e-15
15,75.0,0.2,15.0,8,3,3.141592653589793,1.1780972450961724,3,6.493932336192933,5.4854509110523714e-14,9.658940314238862e-15,6.342174104241336e-15
15,75.0,0.2,15.0,8,3,3.141592653589793,1.1780972450961724,4,9.314018959074302,1.1840789262411166e-13,9.658940314238862e-15,6.342174104241336e-15
15,75.0,0.2,15.0,8,3,3.141592653589793,1.1780972450961724,5,14.28333466192923,6.780370180130825e-14,9.658940314238862e-15,6.342174104241336e-15
15,75.0,0.2,15.0,8,3,3.141592653589793,1.1780972450961724,6,14.389522422418786,1.2804910647511875e-13,9.658940314238862e-15,6.342174104241336e-15
15,75.0,0.2,15.0,8,3,3.141592653589793,1.1780972450961724,7,17.201259344259693,6.807362514638806e-14,9.658940314238862e-15,6.342174104241336e-15
15,75.0,0.2,15.0,8,3,3.141592653589793,1.1780972450961724,8,19.471479015573916,6.606394367652007e-14,9.658940314238862e-15,6.342174104241336e-15
15,75.0,0.2,15.0,8,4,3.141592653589793,1.5707963267948966,1,2.500386401136798,1.6498507977100826e-13,2.886579864025407e-15,5.506878341892839e-15
15,75.0,0.2,15.0,8,4,3.141592653589793,1.5707963267948966,2,2.915936508326272,1.4519892150086673e-13,2.886579864025407e-15,5.506878341892839e-15
15,75.0,0.2,15.0,8,4,3.141592653589793,1.5707963267948966,3,5.899855064512873,5.741250349552203e-14,2.886579864025407e-15,5.506878341892839e-15
15,75.0,0.2,15.0,8,4,3.141592653589793,1.5707963267948966,4,8.827754945736634,1.0867360069348132e-13,2.886579864025407e-15,5.506878341892839e-15
15,75.0,0.2,15.0,8,4,3.141592653589793,1.5707963267948966,5,14.794524777240664,5.465683493060108e-14,2.886579864025407e-15,5.506878341892839e-15
15,75.0,0.2,15.0,8,4,3.141592653589793,1.5707963267948966,6,14.895725541068279,8.271976088133964e-14,2.886579864025407e-15,5.506878341892839e-15
15,75.0,0.2,15.0,8,4,3.141592653589793,1.5707963267948966,7,17.3776982398848,5.896076042535149e-14,2.886579864025407e-15,5.506878341892839e-15
15,75.0,0.2,15.0,8,4,3.141592653589793,1.5707963267948966,8,19.58381200117403,1.971597864016309e-13,2.886579864025407e-15,5.506878341892839e-15
15,75.0,0.2,15.0,8,5,3.141592653589793,1.9634954084936207,1,2.667877728928718,1.6938717212568364e-13,2.6645352591003757e-15,6.340485697714196e-15
15,75.0,0.2,15.0,8,5,3.141592653589793,1.9634954084936207,2,3.243261444336012,1.284124631230337e-13,2.6645352591003757e-15,6.340485697714196e-15
15,75.0,0.2,15.0,8,5,3.141592653589793,1.9634954084936207,3,5.285817457029632,6.737765065670797e-14,2.6645352591003757e-15,6.340485697714196e-15
15,75.0,0.2,15.0,8,5,3.141592653589793,1.9634954084936207,4,8.365248616755032,1.4347073746614395e-13,2.6645352591003757e-15,6.340485697714196e-15
15,75.0,0.2,15.0,8,5,3.141592653589793,1.9634954084936207,5,15.274483633876029,7.338677442002066e-14,2.6645352591003757e-15,6.340485697714196e-15
15,75.0,0.2,15.0,8,5,3.141592653589793,1.9634954084936207,6,15.354550525901555,1.209493724869954e-13,2.6645352591003757e-15,6.340485697714196e-15
15,75.0,0.2,15.0,8,5,3.141592653589793,1.9634954084936207,7,17.622645801099992,9.475222975654956e-14,2.6645352591003757e-15,6.340485697714196e-15
15,75.0,0.2,15.0,8,5,3.141592653589793,1.9634954084936207,8,19.724380283275163,1.43676882562539e-13,2.6645352591003757e-15,6.340485697714196e-15
15,75.0,0.2,15.0,8,6,3.141592653589793,2.356194490192345,1,2.900542146345349,2.3440517902907953e-13,1.5543122344752192e-15,6.6163894712315084e-15
15,75.0,0.2,15.0,8,6,3.141592653589793,2.356194490192345,2,3.5395511230813193,1.2188101924853602e-13,1.5543122344752192e-15,6.6163894712315084e-15
15,75.0,0.2,15.0,8,6,3.141592653589793,2.356194490192345,3,4.694006573322641,8.552606700767184e-14,1.5543122344752192e-15,6.6163894712315084e-15
15,75.0,0.2,15.0,8,6,3.141592653589793,2.356194490192345,4,7.971924697610436,1.255264010227642e-13,1.5543122344752192e-15,6.6163894712315084e-15
15,75.0,0.2,15.0,8,6,3.141592653589793,2.356194490192345,5,15.663604851892972,7.279072720358804e-14,1.5543122344752192e-15,6.6163894712315084e-15
15,75.0,0.2,15.0,8,6,3.141592653589793,2.356194490192345,6,15.710558015226997,8.802378949369589e-14,1.5543122344752192e-15,6.6163894712315084e-15
15,75.0,0.2,15.0,8,6,3.141592653589793,2.356194490192345,7,17.92773612889146,2.0842488745277647e-13,1.5543122344752192e-15,6.6163894712315084e-15
15,75.0,0.2,15.0,8,6,3.141592653589793,2.356194490192345,8,19.877185435918552,2.2406401705817049e-13,1.5543122344752192e-15,6.6163894712315084e-15
15,75.0,0.2,15.0,8,7,3.141592653589793,2.748893571891069,1,3.1993297468377655,1.292185938766896e-13,2.4424906541753444e-15,6.2063453893130335e-15
15,75.0,0.2,15.0,8,7,3.141592653589793,2.748893571891069,2,3.7538701611807803,1.1689500140510229e-13,2.4424906541753444e-15,6.2063453893130335e-15
15,75.0,0.2,15.0,8,7,3.141592653589793,2.748893571891069,3,4.162896155078592,9.801309496269069e-14,2.4424906541753444e-15,6.2063453893130335e-15
15,75.0,0.2,15.0,8,7,3.141592653589793,2.748893571891069,4,7.699376598924964,1.3484738490106145e-13,2.4424906541753444e-15,6.2063453893130335e-15
15,75.0,0.2,15.0,8,7,3.141592653589793,2.748893571891069,5,15.916031204764584,6.435359211921128e-14,2.4424906541753444e-15,6.2063453893130335e-15
15,75.0,0.2,15.0,8,7,3.141592653589793,2.748893571891069,6,15.929987181092551,6.735410570853544e-14,2.4424906541753444e-15,6.2063453893130335e-15
15,75.0,0.2,15.0,8,7,3.141592653589793,2.748893571891069,7,18.22415526737689,1.0666280642257283e-13,2.4424906541753444e-15,6.2063453893130335e-15
15,75.0,0.2,15.0,8,7,3.141592653589793,2.748893571891069,8,20.00522695825077,7.075630518646194e-14,2.4424906541753444e-15,6.2063453893130335e-15
15,75.0,0.2,15.0,8,8,3.141592653589793,3.141592653589793,1,3.448314137495978,1.0652806975550687e-13,4.884981308350689e-15,5.301626897890961e-15
15,75.0,0.2,15.0,8,8,3.141592653589793,3.141592653589793,2,3.8335551574976967,1.5366364690270627e-13,4.884981308350689e-15,5.301626897890961e-15
15,75.0,0.2,15.0,8,8,3.141592653589793,3.141592653589793,3,3.833561398441747,7.059849722457491e-13,4.884981308350689e-15,5.301626897890961e-15
15,75.0,0.2,15.0,8,8,3.141592653589793,3.141592653589793,4,7.600285176240171,2.6089195635761247e-13,4.884981308350689e-15,5.301626897890961e-15
15,75.0,0.2,15.0,8,8,3.141592653589793,3.141592653589793,5,16.00307706921553,6.139574659977031e-14,4.884981308350689e-15,5.301626897890961e-15
15,75.0,0.2,15.0,8,8,3.141592653589793,3.141592653589793,6,16.00327523871662,1.4167922772209982e-13,4.884981308350689e-15,5.301626897890961e-15
15,75.0,0.2,15.0,8,8,3.141592653589793,3.141592653589793,7,18.357892513714937,1.2401395811120273e-13,4.884981308350689e-15,5.301626897890961e-15
15,75.0,0.2,15.0,8,8,3.141592653589793,3.141592653589793,8,20.0566100589334,3.16302455137733e-13,4.884981308350689e-15,5.301626897890961e-15
