N,a_um,h_um,point,theory,ell_um,band,frequency_MHz,residual,seed_agreement,mass_orthogonality
15,75.0,1.5,0,FSDT,0.0,1,0.0,0.9999999999999991,1.7763568394002505e-15,5.5032722924473656e-15
15,75.0,1.5,0,FSDT,0.0,2,0.9276028726423522,1.3781611851922811e-12,1.7763568394002505e-15,5.5032722924473656e-15
15,75.0,1.5,0,FSDT,0.0,3,0.9276028726425001,2.1522553364846864e-12,1.7763568394002505e-15,5.5032722924473656e-15
15,75.0,1.5,0,FSDT,0.0,4,1.3104557902846985,2.0053682699904894e-12,1.7763568394002505e-15,5.5032722924473656e-15
15,75.0,1.5,0,FSDT,0.0,5,2.1126402379707487,6.838468469756382e-13,1.7763568394002505e-15,5.5032722924473656e-15
15,75.0,1.5,0,FSDT,0.0,6,2.4998254652812215,7.608197323070505e-13,1.7763568394002505e-15,5.5032722924473656e-15
15,75.0,1.5,0,FSDT,0.0,7,2.499825465281476,6.553503434773793e-13,1.7763568394002505e-15,5.5032722924473656e-15
15,75.0,1.5,0,FSDT,0.0,8,3.0947500971000146,3.2793921420180043e-13,1.7763568394002505e-15,5.5032722924473656e-15
15,75.0,1.5,0,FSDT,1.0,1,0.0,0.999765601729785,1.9984014443252818e-15,5.1083823098821094e-15
15,75.0,1.5,0,FSDT,1.0,2,1.4201945525042508,8.502654860812048e-13,1.9984014443252818e-15,5.1083823098821094e-15
15,75.0,1.5,0,FSDT,1.0,3,1.4201945525044577,6.713558223372882e-13,1.9984014443252818e-15,5.1083823098821094e-15
15,75.0,1.5,0,FSDT,1.0,4,1.9593904412145262,5.880118212124838e-13,1.9984014443252818e-15,5.1083823098821094e-15
15,75.0,1.5,0,FSDT,1.0,5,2.4852644159328365,2.800100619261214e-13,1.9984014443252818e-15,5.1083823098821094e-15
15,75.0,1.5,0,FSDT,1.0,6,3.6927413952205352,1.4752387429342948e-13,1.9984014443252818e-15,5.1083823098821094e-15
15,75.0,1.5,0,FSDT,1.0,7,3.7032708367496094,4.3133570800083465e-13,1.9984014443252818e-15,5.1083823098821094e-15
15,75.0,1.5,0,FSDT,1.0,8,3.7032708367498475,2.34013072681926e-13,1.9984014443252818e-15,5.1083823098821094e-15
15,75.0,1.5,1,FSDT,0.0,1,0.01337029745110423,6.687675019371953e-10,2.020605904817785e-14,4.244557473993419e-15
15,75.0,1.5,1,FSDT,0.0,2,0.8263017282514044,1.3951957715747411e-12,2.020605904817785e-14,4.244557473993419e-15
15,75.0,1.5,1,FSDT,0.0,3,0.9422730208122696,1.4002615867413343e-12,2.020605904817785e-14,4.244557473993419e-15
15,75.0,1.5,1,FSDT,0.0,4,1.3643115740420446,1.230228189630662e-12,2.020605904817785e-14,4.244557473993419e-15
15,75.0,1.5,1,FSDT,0.0,5,2.177988662318935,6.691677307456521e-13,2.020605904817785e-14,4.244557473993419e-15
15,75.0,1.5,1,FSDT,0.0,6,2.3978991241805523,8.898497904145155e-13,2.020605904817785e-14,4.244557473993419e-15
15,75.0,1.5,1,FSDT,0.0,7,2.453532037147184,9.128336872097196e-13,2.020605904817785e-14,4.244557473993419e-15
15,75.0,1.5,1,FSDT,0.0,8,3.2346911156590306,5.904787055318406e-13,2.020605904817785e-14,4.244557473993419e-15
15,75.0,1.5,1,FSDT,1.0,1,0.020956801696445253,2.1200375168481437e-10,8.215650382226158e-15,4.536133216878001e-15
15,75.0,1.5,1,FSDT,1.0,2,1.2424494113030113,6.137099858260544e-13,8.215650382226158e-15,4.536133216878001e-15
15,75.0,1.5,1,FSDT,1.0,3,1.4422916947527087,5.809741020470609e-13,8.215650382226158e-15,4.536133216878001e-15
15,75.0,1.5,1,FSDT,1.0,4,2.0498995167618173,5.163954395448658e-13,8.215650382226158e-15,4.536133216878001e-15
15,75.0,1.5,1,FSDT,1.0,5,2.6112189675002733,3.6032679434278043e-13,8.215650382226158e-15,4.536133216878001e-15
15,75.0,1.5,1,FSDT,1.0,6,3.303756716405581,2.8899713547540355e-13,8.215650382226158e-15,4.536133216878001e-15
15,75.0,1.5,1,FSDT,1.0,7,3.562390016565153,2.809513183171014e-13,8.215650382226158e-15,4.536133216878001e-15
15,75.0,1.5,1,FSDT,1.0,8,4.1444411477534695,2.275608224882174e-13,8.215650382226158e-15,4.536133216878001e-15
15,75.0,1.5,2,FSDT,0.0,1,0.05485328530155048,6.20893494313274e-11,4.884981308350689e-15,4.094945402851879e-15
15,75.0,1.5,2,FSDT,0.0,2,0.6300966556968309,2.075948049445689e-12,4.884981308350689e-15,4.094945402851879e-15
15,75.0,1.5,2,FSDT,0.0,3,0.9799166618755357,1.349148182221577e-12,4.884981308350689e-15,4.094945402851879e-15
15,75.0,1.5,2,FSDT,0.0,4,1.4382190280810787,1.077155293421292e-12,4.884981308350689e-15,4.094945402851879e-15
15,75.0,1.5,2,FSDT,0.0,5,2.2253667115218287,7.989609973289619e-13,4.884981308350689e-15,4.094945402851879e-15
15,75.0,1.5,2,FSDT,0.0,6,2.257644314945262,6.892706262935336e-13,4.884981308350689e-15,4.094945402851879e-15
15,75.0,1.5,2,FSDT,0.0,7,2.475084067348105,7.992102994134764e-13,4.884981308350689e-15,4.094945402851879e-15
15,75.0,1.5,2,FSDT,0.0,8,3.455032974928875,5.356751617226826e-13,4.884981308350689e-15,4.094945402851879e-15
15,75.0,1.5,2,FSDT,1.0,1,0.08564718356967424,2.3746971381724063e-11,2.6645352591003757e-15,5.0269635299820085e-15
15,75.0,1.5,2,FSDT,1.0,2,0.931726737277654,1.0456107837886222e-12,2.6645352591003757e-15,5.0269635299820085e-15
15,75.0,1.5,2,FSDT,1.0,3,1.5010363212678477,4.88316937889569e-13,2.6645352591003757e-15,5.0269635299820085e-15
15,75.0,1.5,2,FSDT,1.0,4,2.1573118846369304,4.2372351914837173e-13,2.6645352591003757e-15,5.0269635299820085e-15
15,75.0,1.5,2,FSDT,1.0,5,2.8497898500642296,2.8566083871438363e-13,2.6645352591003757e-15,5.0269635299820085e-15
15,75.0,1.5,2,FSDT,1.0,6,2.978251417972616,3.539394045383256e-13,2.6645352591003757e-15,5.0269635299820085e-15
15,75.0,1.5,2,FSDT,1.0,7,3.455920379978055,2.6704942985721564e-13,2.6645352591003757e-15,5.0269635299820085e-15
15,75.0,1.5,2,FSDT,1.0,8,4.6251358766127195,1.8872258696464118e-13,2.6645352591003757e-15,5.0269635299820085e-15
15,75.0,1.5,3,FSDT,0.0,1,0.12940343128120912,1.743585178761853e-11,3.3306690738754696e-15,4.8925640332299145e-15
15,75.0,1.5,3,FSDT,0.0,2,0.4291917786886019,2.8481240095734064e-12,3.3306690738754696e-15,4.8925640332299145e-15
15,75.0,1.5,3,FSDT,0.0,3,1.021575834219121,1.0525742596143298e-12,3.3306690738754696e-15,4.8925640332299145e-15
15,75.0,1.5,3,FSDT,0.0,4,1.4851796329476803,8.846316664688448e-13,3.3306690738754696e-15,4.8925640332299145e-15
15,75.0,1.5,3,FSDT,0.0,5,2.091206806604519,7.316368081659013e-13,3.3306690738754696e-15,4.8925640332299145e-15
15,75.0,1.5,3,FSDT,0.0,6,2.204368532108146,5.5643080165074e-13,3.3306690738754696e-15,4.8925640332299145e-15
15,75.0,1.5,3,FSDT,0.0,7,2.735973061276936,5.730144001731858e-13,3.3306690738754696e-15,4.8925640332299145e-15
15,75.0,1.5,3,FSDT,0.0,8,3.430951407064441,3.9867740542860707e-13,3.3306690738754696e-15,4.8925640332299145e-15
15,75.0,1.5,3,FSDT,1.0,1,0.20076520768674605,6.824364766042015e-12,1.3322676295501878e-15,5.105674315414066e-15
15,75.0,1.5,3,FSDT,1.0,2,0.6315282135588239,1.6071313073332225e-12,1.3322676295501878e-15,5.105674315414066e-15
15,75.0,1.5,3,FSDT,1.0,3,1.5705017250861029,4.1456979033542115e-13,1.3322676295501878e-15,5.105674315414066e-15
15,75.0,1.5,3,FSDT,1.0,4,2.243138075884577,4.90421668496e-13,1.3322676295501878e-15,5.105674315414066e-15
15,75.0,1.5,3,FSDT,1.0,5,2.7491737640250298,2.961937093811888e-13,1.3322676295501878e-15,5.105674315414066e-15
15,75.0,1.5,3,FSDT,1.0,6,2.8615497601190865,3.001775370344308e-13,1.3322676295501878e-15,5.105674315414066e-15
15,75.0,1.5,3,FSDT,1.0,7,3.7481202372131364,2.8403795312540097e-13,1.3322676295501878e-15,5.105674315414066e-15
15,75.0,1.5,3,FSDT,1.0,8,4.893778166991544,2.0088451879262134e-13,1.3322676295501878e-15,5.105674315414066e-15
15,75.0,1.5,4,FSDT,0.0,1,0.2215876570862359,1.241409036714133e-11,4.884981308350689e-15,5.9382311728582995e-15
15,75.0,1.5,4,FSDT,0.0,2,0.2875615729648868,4.365677195253425e-12,4.884981308350689e-15,5.9382311728582995e-15
15,75.0,1.5,4,FSDT,0.0,3,1.0403664407991045,9.41249681026996e-13,4.884981308350689e-15,5.9382311728582995e-15
15,75.0,1.5,4,FSDT,0.0,4,1.5014847945543466,9.763600205707575e-13,4.884981308350689e-15,5.9382311728582995e-15
15,75.0,1.5,4,FSDT,0.0,5,2.040615532842964,7.620476738086095e-13,4.884981308350689e-15,5.9382311728582995e-15
15,75.0,1.5,4,FSDT,0.0,6,2.1761211873921713,6.492130245849717e-13,4.884981308350689e-15,5.9382311728582995e-15
15,75.0,1.5,4,FSDT,0.0,7,3.0230514381875846,5.238320300409508e-13,4.884981308350689e-15,5.9382311728582995e-15
15,75.0,1.5,4,FSDT,0.0,8,3.134437991010811,4.4837241074727407e-13,4.884981308350689e-15,5.9382311728582995e-15
15,75.0,1.5,4,FSDT,1.0,1,0.3567890535767167,5.5517197698862244e-12,2.4424906541753444e-15,3.862167370660826e-15
15,75.0,1.5,4,FSDT,1.0,2,0.4062614670128477,2.425653248500728e-12,2.4424906541753444e-15,3.862167370660826e-15
15,75.0,1.5,4,FSDT,1.0,3,1.6039419426386943,4.029708793715782e-13,2.4424906541753444e-15,3.862167370660826e-15
15,75.0,1.5,4,FSDT,1.0,4,2.2841660660987384,4.1252181566220756e-13,2.4424906541753444e-15,3.862167370660826e-15
15,75.0,1.5,4,FSDT,1.0,5,2.6626629190573077,4.0934271936366583e-13,2.4424906541753444e-15,3.862167370660826e-15
15,75.0,1.5,4,FSDT,1.0,6,2.8123398985836117,3.0940960417154545e-13,2.4424906541753444e-15,3.862167370660826e-15
15,75.0,1.5,4,FSDT,1.0,7,4.222243708561275,1.8120819227842664e-13,2.4424906541753444e-15,3.862167370660826e-15
15,75.0,1.5,4,FSDT,1.0,8,4.346295065737542,2.6338406404174587e-13,2.4424906541753444e-15,3.862167370660826e-15
15,75.0,1.5,5,FSDT,0.0,1,0.2550310261345838,8.984547569328746e-12,1.9984014443252818e-15,5.919405917683701e-15
15,75.0,1.5,5,FSDT,0.0,2,0.29221895845924667,4.025489509955513e-12,1.9984014443252818e-15,5.919405917683701e-15
15,75.0,1.5,5,FSDT,0.0,3,0.9599301129275621,1.0398400420138674e-12,1.9984014443252818e-15,5.919405917683701e-15
15,75.0,1.5,5,FSDT,0.0,4,1.4145969459750907,1.187817544136096e-12,1.9984014443252818e-15,5.919405917683701e-15
15,75.0,1.5,5,FSDT,0.0,5,2.1532414794909287,6.099716151569368e-13,1.9984014443252818e-15,5.919405917683701e-15
15,75.0,1.5,5,FSDT,0.0,6,2.2764882136218643,8.079591279517569e-13,1.9984014443252818e-15,5.919405917683701e-15
15,75.0,1.5,5,FSDT,0.0,7,3.0373881962088642,5.722642290550917e-13,1.9984014443252818e-15,5.919405917683701e-15
15,75.0,1.5,5,FSDT,0.0,8,3.155046669124858,4.4397416761382457e-13,1.9984014443252818e-15,5.919405917683701e-15
15,75.0,1.5,5,FSDT,1.0,1,0.40215804153060775,3.706423194689196e-12,1.021405182655144e-14,5.1998581998778965e-15
15,75.0,1.5,5,FSDT,1.0,2,0.4165438611176961,2.7601912964362217e-12,1.021405182655144e-14,5.1998581998778965e-15
15,75.0,1.5,5,FSDT,1.0,3,1.4639865178244602,4.288843428130783e-13,1.021405182655144e-14,5.1998581998778965e-15
15,75.0,1.5,5,FSDT,1.0,4,2.054044692842918,7.427138813030983e-13,1.021405182655144e-14,5.1998581998778965e-15
15,75.0,1.5,5,FSDT,1.0,5,2.935372988028408,4.001663855159165e-13,1.021405182655144e-14,5.1998581998778965e-15
15,75.0,1.5,5,FSDT,1.0,6,2.996729449642382,4.0682451912982823e-13,1.021405182655144e-14,5.1998581998778965e-15
15,75.0,1.5,5,FSDT,1.0,7,4.243286421933083,2.5490659254491253e-13,1.021405182655144e-14,5.1998581998778965e-15
15,75.0,1.5,5,FSDT,1.0,8,4.376410011256781,2.997872234443509e-13,1.021405182655144e-14,5.1998581998778965e-15
15,75.0,1.5,6,FSDT,0.0,1,0.3104634099373162,4.044735727719741e-12,4.218847493575595e-15,5.34589243539844e-15
15,75.0,1.5,6,FSDT,0.0,2,0.3312515357276117,6.269439585089217e-12,4.218847493575595e-15,5.34589243539844e-15
15,75.0,1.5,6,FSDT,0.0,3,0.7830699411823039,1.3636164227995723e-12,4.218847493575595e-15,5.34589243539844e-15
15,75.0,1.5,6,FSDT,0.0,4,1.2586044190850936,1.9080472510467936e-12,4.218847493575595e-15,5.34589243539844e-15
15,75.0,1.5,6,FSDT,0.0,5,2.386319833003964,7.158156010024649e-13,4.218847493575595e-15,5.34589243539844e-15
15,75.0,1.5,6,FSDT,0.0,6,2.5004171472146135,6.884181597000434e-13,4.218847493575595e-15,5.34589243539844e-15
15,75.0,1.5,6,FSDT,0.0,7,3.0790439241951137,5.700799318964858e-13,4.218847493575595e-15,5.34589243539844e-15
15,75.0,1.5,6,FSDT,0.0,8,3.225227514692782,4.908969936524828e-13,4.218847493575595e-15,5.34589243539844e-15
15,75.0,1.5,6,FSDT,1.0,1,0.45377784038855834,1.908361182490141e-12,6.217248937900877e-15,6.135556365423809e-15
15,75.0,1.5,6,FSDT,1.0,2,0.5123736306150457,2.2942116791646734e-12,6.217248937900877e-15,6.135556365423809e-15
15,75.0,1.5,6,FSDT,1.0,3,1.1849689241487875,5.695527010177691e-13,6.217248937900877e-15,6.135556365423809e-15
15,75.0,1.5,6,FSDT,1.0,4,1.7513020766441971,6.347046265775356e-13,6.217248937900877e-15,6.135556365423809e-15
15,75.0,1.5,6,FSDT,1.0,5,3.3648482556383925,2.0680401916237668e-13,6.217248937900877e-15,6.135556365423809e-15
15,75.0,1.5,6,FSDT,1.0,6,3.405748001844839,2.747892748993595e-13,6.217248937900877e-15,6.135556365423809e-15
15,75.0,1.5,6,FSDT,1.0,7,4.298612504773086,1.5555889299801168e-13,6.217248937900877e-15,6.135556365423809e-15
15,75.0,1.5,6,FSDT,1.0,8,4.4708607514118555,2.1121125412208137e-13,6.217248937900877e-15,6.135556365423809e-15
15,75.0,1.5,7,FSDT,0.0,1,0.35565222767744153,4.4695339343418265e-12,4.218847493575595e-15,5.6824216342801315e-15
15,75.0,1.5,7,FSDT,0.0,2,0.40947413670901955,4.862362659646893e-12,4.218847493575595e-15,5.6824216342801315e-15
15,75.0,1.5,7,FSDT,0.0,3,0.5961559102987314,1.940113827301292e-12,4.218847493575595e-15,5.6824216342801315e-15
15,75.0,1.5,7,FSDT,0.0,4,1.126977850101608,2.2713906529371286e-12,4.218847493575595e-15,5.6824216342801315e-15
15,75.0,1.5,7,FSDT,0.0,5,2.64158606915664,6.44645005094634e-13,4.218847493575595e-15,5.6824216342801315e-15
15,75.0,1.5,7,FSDT,0.0,6,2.7114525835752588,6.695167734472926e-13,4.218847493575595e-15,5.6824216342801315e-15
15,75.0,1.5,7,FSDT,0.0,7,3.1389111083683154,5.411913507021207e-13,4.218847493575595e-15,5.6824216342801315e-15
15,75.0,1.5,7,FSDT,0.0,8,3.3268970317734574,3.9148336303197315e-13,4.218847493575595e-15,5.6824216342801315e-15
15,75.0,1.5,7,FSDT,1.0,1,0.5354651186548725,1.569681522311482e-12,3.774758283725532e-15,4.804177649463252e-15
15,75.0,1.5,7,FSDT,1.0,2,0.6373095735383664,1.6170446207160754e-12,3.774758283725532e-15,4.804177649463252e-15
15,75.0,1.5,7,FSDT,1.0,3,0.9071886035860756,9.45447037962273e-13,3.774758283725532e-15,4.804177649463252e-15
15,75.0,1.5,7,FSDT,1.0,4,1.5127297539749553,8.279880828546148e-13,3.774758283725532e-15,4.804177649463252e-15
15,75.0,1.5,7,FSDT,1.0,5,3.81358196067733,2.701274694826062e-13,3.774758283725532e-15,4.804177649463252e-15
15,75.0,1.5,7,FSDT,1.0,6,3.8773742732808447,3.447039014552178e-13,3.774758283725532e-15,4.804177649463252e-15
15,75.0,1.5,7,FSDT,1.0,7,4.349103927274085,2.2112065735029688e-13,3.774758283725532e-15,4.804177649463252e-15
15,75.0,1.5,7,FSDT,1.0,8,4.5801508221451686,2.1285223377435406e-13,3.774758283725532e-15,4.804177649463252e-15
15,75.0,1.5,8,FSDT,0.0,1,0.4450138458837638,3.658729815160179e-12,4.218847493575595e-15,5.13305898518838e-15
15,75.0,1.5,8,FSDT,0.0,2,0.445013847313809,5.431737341043077e-12,4.218847493575595e-15,5.13305898518838e-15
15,75.0,1.5,8,FSDT,0.0,3,0.45015545545297536,2.6103851227901678e-12,4.218847493575595e-15,5.13305898518838e-15
15,75.0,1.5,8,FSDT,0.0,4,1.073176903594761,2.183328338274353e-12,4.218847493575595e-15,5.13305898518838e-15
15,75.0,1.5,8,FSDT,0.0,5,2.7931749995572437,9.889575275184484e-13,4.218847493575595e-15,5.13305898518838e-15
15,75.0,1.5,8,FSDT,0.0,6,2.7931773526027497,6.640876612054504e-13,4.218847493575595e-15,5.13305898518838e-15
15,75.0,1.5,8,FSDT,0.0,7,3.175497864134477,1.5615193908189936e-12,4.218847493575595e-15,5.13305898518838e-15
15,75.0,1.5,8,FSDT,0.0,8,3.2025552507099313,1.8009596792846983e-12,4.218847493575595e-15,5.13305898518838e-15
15,75.0,1.5,8,FSDT,1.0,1,0.6678358416850704,1.1679824120151411e-12,7.105427357601002e-15,7.863088401692836e-15
15,75.0,1.5,8,FSDT,1.0,2,0.7005283268865384,2.1641320523465506e-12,7.105427357601002e-15,7.863088401692836e-15
15,75.0,1.5,8,FSDT,1.0,3,0.7005459206807533,1.3813486180524785e-12,7.105427357601002e-15,7.863088401692836e-15
15,75.0,1.5,8,FSDT,1.0,4,1.412096270403324,8.777304766707342e-13,7.105427357601002e-15,7.863088401692836e-15
15,75.0,1.5,8,FSDT,1.0,5,4.191577666206429,3.0712757376454985e-13,7.105427357601002e-15,7.863088401692836e-15
15,75.0,1.5,8,FSDT,1.0,6,4.2364602821919854,1.7596506049749475e-13,7.105427357601002e-15,7.863088401692836e-15
15,75.0,1.5,8,FSDT,1.0,7,4.268548741865498,4.4203463377536886e-13,7.105427357601002e-15,7.863088401692836e-15
15,75.0,1.5,8,FSDT,1.0,8,4.268715038718212,4.313292261106379e-13,7.105427357601002e-15,7.863088401692836e-15
15,75.0,1.5,9,FSDT,0.0,1,0.2707664899608834,7.266515598259312e-12,5.773159728050814e-15,5.076261287043371e-15
15,75.0,1.5,9,FSDT,0.0,2,0.5140983988557677,3.5710935635666784e-12,5.773159728050814e-15,5.076261287043371e-15
15,75.0,1.5,9,FSDT,0.0,3,0.5957092584567606,1.9324658132584396e-12,5.773159728050814e-15,5.076261287043371e-15
15,75.0,1.5,9,FSDT,0.0,4,1.179628443748454,1.654593882958705e-12,5.773159728050814e-15,5.076261287043371e-15
15,75.0,1.5,9,FSDT,0.0,5,2.518426615993778,5.213592482575072e-13,5.773159728050814e-15,5.076261287043371e-15
15,75.0,1.5,9,FSDT,0.0,6,2.712972150132932,7.887894530604226e-13,5.773159728050814e-15,5.076261287043371e-15
15,75.0,1.5,9,FSDT,0.0,7,2.9885003099262444,6.841925007827037e-13,5.773159728050814e-15,5.076261287043371e-15
15,75.0,1.5,9,FSDT,0.0,8,3.314450406120732,3.5554133862719477e-13,5.773159728050814e-15,5.076261287043371e-15
15,75.0,1.5,9,FSDT,1.0,1,0.4123112736802172,2.7196766349775394e-12,8.215650382226158e-15,5.154472479083704e-15
15,75.0,1.5,9,FSDT,1.0,2,0.7860014747275164,1.1802155770021376e-12,8.215650382226158e-15,5.154472479083704e-15
15,75.0,1.5,9,FSDT,1.0,3,0.8910417402535971,9.014446385174109e-13,8.215650382226158e-15,5.154472479083704e-15
15,75.0,1.5,9,FSDT,1.0,4,1.6133230412670918,8.519232084060217e-13,8.215650382226158e-15,5.154472479083704e-15
15,75.0,1.5,9,FSDT,1.0,5,3.608750146603846,2.2283602693772482e-13,8.215650382226158e-15,5.154472479083704e-15
15,75.0,1.5,9,FSDT,1.0,6,3.7855174548519543,2.73776335915811e-13,8.215650382226158e-15,5.154472479083704e-15
15,75.0,1.5,9,FSDT,1.0,7,4.209017026588294,2.2623027425209952e-13,8.215650382226158e-15,5.154472479083704e-15
15,75.0,1.5,9,FSDT,1.0,8,4.426144877304503,1.8044889231553406e-13,8.215650382226158e-15,5.154472479083704e-15
15,75.0,1.5,10,FSDT,0.0,1,0.12211322581975888,1.6785574346933584e-11,2.220446049250313e-15,4.793732732888174e-15
15,75.0,1.5,10,FSDT,0.0,2,0.6745487909600396,2.092341029245346e-12,2.220446049250313e-15,4.793732732888174e-15
15,75.0,1.5,10,FSDT,0.0,3,0.7117693409281034,1.6852320306985973e-12,2.220446049250313e-15,4.793732732888174e-15
15,75.0,1.5,10,FSDT,0.0,4,1.3923902589613535,1.1108577185361937e-12,2.220446049250313e-15,4.793732732888174e-15
15,75.0,1.5,10,FSDT,0.0,5,2.2162016749954296,6.511277446493894e-13,2.220446049250313e-15,4.793732732888174e-15
15,75.0,1.5,10,FSDT,0.0,6,2.5424460387591705,7.112754677552683e-13,2.220446049250313e-15,4.793732732888174e-15
15,75.0,1.5,10,FSDT,0.0,7,2.6352258653477016,6.491743197087655e-13,2.220446049250313e-15,4.793732732888174e-15
15,75.0,1.5,10,FSDT,0.0,8,3.2446514782828726,3.3914374476437223e-13,2.220446049250313e-15,4.793732732888174e-15
15,75.0,1.5,10,FSDT,1.0,1,0.18384239174909908,8.098403739705161e-12,3.774758283725532e-15,4.3646934171538e-15
15,75.0,1.5,10,FSDT,1.0,2,1.002358533811418,9.125806353045117e-13,3.774758283725532e-15,4.3646934171538e-15
15,75.0,1.5,10,FSDT,1.0,3,1.0570036090541999,7.462151724908107e-13,3.774758283725532e-15,4.3646934171538e-15
15,75.0,1.5,10,FSDT,1.0,4,2.038392169144371,3.70133807757736e-13,3.774758283725532e-15,4.3646934171538e-15
15,75.0,1.5,10,FSDT,1.0,5,3.060611339280283,2.3916641351026266e-13,3.774758283725532e-15,4.3646934171538e-15
15,75.0,1.5,10,FSDT,1.0,6,3.215124762108474,1.8984819142874115e-13,3.774758283725532e-15,4.3646934171538e-15
15,75.0,1.5,10,FSDT,1.0,7,3.9185315562108167,2.578187109320392e-13,3.774758283725532e-15,4.3646934171538e-15
15,75.0,1.5,10,FSDT,1.0,8,4.2254931014454,1.6850328155302537e-13,3.774758283725532e-15,4.3646934171538e-15
15,75.0,1.5,11,FSDT,0.0,1,0.030240748848172096,1.4547594306749563e-10,3.9968028886505635e-15,4.219884515077612e-15
15,75.0,1.5,11,FSDT,0.0,2,0.8393829334754369,1.394281825490146e-12,3.9968028886505635e-15,4.219884515077612e-15
15,75.0,1.5,11,FSDT,0.0,3,0.8459623296653278,1.644578658402401e-12,3.9968028886505635e-15,4.219884515077612e-15
15,75.0,1.5,11,FSDT,0.0,4,1.4077763624082882,1.0467802279324426e-12,3.9968028886505635e-15,4.219884515077612e-15
15,75.0,1.5,11,FSDT,0.0,5,2.2433579276679283,8.293117651273311e-13,3.9968028886505635e-15,4.219884515077612e-15
15,75.0,1.5,11,FSDT,0.0,6,2.2728155672123544,8.127475978621754e-13,3.9968028886505635e-15,4.219884515077612e-15
15,75.0,1.5,11,FSDT,0.0,7,2.529290469442232,6.525652862275998e-13,3.9968028886505635e-15,4.219884515077612e-15
15,75.0,1.5,11,FSDT,0.0,8,3.156677293483085,5.934368906977139e-13,3.9968028886505635e-15,4.219884515077612e-15
15,75.0,1.5,11,FSDT,1.0,1,0.045152571578476575,5.823247328274267e-11,2.1094237467877974e-15,4.072202589848166e-15
15,75.0,1.5,11,FSDT,1.0,2,1.2651026130269611,5.518810405535709e-13,2.1094237467877974e-15,4.072202589848166e-15
15,75.0,1.5,11,FSDT,1.0,3,1.2686156500382346,6.097610151689501e-13,2.1094237467877974e-15,4.072202589848166e-15
15,75.0,1.5,11,FSDT,1.0,4,2.140279391504396,5.028519414495387e-13,2.1094237467877974e-15,4.072202589848166e-15
15,75.0,1.5,11,FSDT,1.0,5,2.7160565150947087,3.335977450587301e-13,2.1094237467877974e-15,4.072202589848166e-15
15,75.0,1.5,11,FSDT,1.0,6,3.0917656073005837,2.874844893491658e-13,2.1094237467877974e-15,4.072202589848166e-15
15,75.0,1.5,11,FSDT,1.0,7,3.755691831715821,3.0624775490380394e-13,2.1094237467877974e-15,4.072202589848166e-15
15,75.0,1.5,11,FSDT,1.0,8,4.039182414043252,2.0629406273601607e-13,2.1094237467877974e-15,4.072202589848166e-15
15,75.0,1.5,0,TSDT,0.0,1,0.0,0.9998404308535717,2.886579864025407e-15,6.109236889233937e-15
15,75.0,1.5,0,TSDT,0.0,2,0.9276078162370961,1.0889828442725672e-12,2.886579864025407e-15,6.109236889233937e-15
15,75.0,1.5,0,TSDT,0.0,3,0.9276078162372738,1.343266424425141e-12,2.886579864025407e-15,6.109236889233937e-15
15,75.0,1.5,0,TSDT,0.0,4,1.3104694234886283,1.0084264722794241e-12,2.886579864025407e-15,6.109236889233937e-15
15,75.0,1.5,0,TSDT,0.0,5,2.1126821341646096,5.007784218681603e-13,2.886579864025407e-15,6.109236889233937e-15
15,75.0,1.5,0,TSDT,0.0,6,2.4998706360209884,3.6938785362725163e-13,2.886579864025407e-15,6.109236889233937e-15
15,75.0,1.5,0,TSDT,0.0,7,2.4998706360211638,6.459339659781244e-13,2.886579864025407e-15,6.109236889233937e-15
15,75.0,1.5,0,TSDT,0.0,8,3.0947899839186,2.2395906147570865e-13,2.886579864025407e-15,6.109236889233937e-15
15,75.0,1.5,0,TSDT,1.0,1,0.0,0.9997209390590023,1.9984014443252818e-15,6.1857137239058896e-15
15,75.0,1.5,0,TSDT,1.0,2,1.4246157461015414,6.451409775869634e-13,1.9984014443252818e-15,6.1857137239058896e-15
15,75.0,1.5,0,TSDT,1.0,3,1.424615746101685,5.679469072490088e-13,1.9984014443252818e-15,6.1857137239058896e-15
15,75.0,1.5,0,TSDT,1.0,4,1.9679597219097167,3.0352292382950987e-13,1.9984014443252818e-15,6.1857137239058896e-15
15,75.0,1.5,0,TSDT,1.0,5,2.490104421889682,2.790924049257871e-13,1.9984014443252818e-15,6.1857137239058896e-15
15,75.0,1.5,0,TSDT,1.0,6,3.6991917434473613,8.898761675932669e-14,1.9984014443252818e-15,6.1857137239058896e-15
15,75.0,1.5,0,TSDT,1.0,7,3.726233875336443,4.443281561133686e-13,1.9984014443252818e-15,6.1857137239058896e-15
15,75.0,1.5,0,TSDT,1.0,8,3.72623387533648,2.146283555304375e-13,1.9984014443252818e-15,6.1857137239058896e-15
15,75.0,1.5,1,TSDT,0.0,1,0.013370313618363515,3.566416476504239e-10,2.7755575615628914e-15,6.034217496070122e-15
15,75.0,1.5,1,TSDT,0.0,2,0.8263066253189741,8.86395278009933e-13,2.7755575615628914e-15,6.034217496070122e-15
15,75.0,1.5,1,TSDT,0.0,3,0.9422778370405724,7.212147432689143e-13,2.7755575615628914e-15,6.034217496070122e-15
15,75.0,1.5,1,TSDT,0.0,4,1.3643250931559665,7.831355899994192e-13,2.7755575615628914e-15,6.034217496070122e-15
15,75.0,1.5,1,TSDT,0.0,5,2.1780309080805624,4.261901928301368e-13,2.7755575615628914e-15,6.034217496070122e-15
15,75.0,1.5,1,TSDT,0.0,6,2.3979405915506926,5.211784014446583e-13,2.7755575615628914e-15,6.034217496070122e-15
15,75.0,1.5,1,TSDT,0.0,7,2.4535780578894433,4.937252433621948e-13,2.7755575615628914e-15,6.034217496070122e-15
15,75.0,1.5,1,TSDT,0.0,8,3.234735256745604,4.334107343408673e-13,2.7755575615628914e-15,6.034217496070122e-15
15,75.0,1.5,1,TSDT,1.0,1,0.020966053965594564,1.354803937325483e-10,4.0967229608668276e-14,4.551856689117918e-15
15,75.0,1.5,1,TSDT,1.0,2,1.2460647199151524,3.544147593175722e-13,4.0967229608668276e-14,4.551856689117918e-15
15,75.0,1.5,1,TSDT,1.0,3,1.4468138057453817,2.650761795306897e-13,4.0967229608668276e-14,4.551856689117918e-15
15,75.0,1.5,1,TSDT,1.0,4,2.0586796439622916,3.0193556712472883e-13,4.0967229608668276e-14,4.551856689117918e-15
15,75.0,1.5,1,TSDT,1.0,5,2.6171953891728137,2.202580850986106e-13,4.0967229608668276e-14,4.551856689117918e-15
15,75.0,1.5,1,TSDT,1.0,6,3.315156396278962,1.493837954599987e-13,4.0967229608668276e-14,4.551856689117918e-15
15,75.0,1.5,1,TSDT,1.0,7,3.5830879630670394,2.0986207889898073e-13,4.0967229608668276e-14,4.551856689117918e-15
15,75.0,1.5,1,TSDT,1.0,8,4.163222080876049,1.9397570352035216e-13,4.0967229608668276e-14,4.551856689117918e-15
15,75.0,1.5,2,TSDT,0.0,1,0.05485336702549506,4.066488246761197e-11,1.7763568394002505e-15,6.089738647896565e-15
15,75.0,1.5,2,TSDT,0.0,2,0.6301004892746571,1.2293386877239637e-12,1.7763568394002505e-15,6.089738647896565e-15
15,75.0,1.5,2,TSDT,0.0,3,0.9799211022740754,6.91169431855907e-13,1.7763568394002505e-15,6.089738647896565e-15
15,75.0,1.5,2,TSDT,0.0,4,1.4382333844065878,8.497703108176334e-13,1.7763568394002505e-15,6.089738647896565e-15
15,75.0,1.5,2,TSDT,0.0,5,2.2254040119843355,4.859610501349818e-13,1.7763568394002505e-15,6.089738647896565e-15
15,75.0,1.5,2,TSDT,0.0,6,2.2576829875849023,5.144859415166902e-13,1.7763568394002505e-15,6.089738647896565e-15
15,75.0,1.5,2,TSDT,0.0,7,2.4751363589908575,5.704024370068065e-13,1.7763568394002505e-15,6.089738647896565e-15
15,75.0,1.5,2,TSDT,0.0,8,3.4551153170895637,3.563185828509931e-13,1.7763568394002505e-15,6.089738647896565e-15
15,75.0,1.5,2,TSDT,1.0,1,0.0856965512364039,1.3409113672192257e-11,2.6645352591003757e-15,5.980615143042872e-15
15,75.0,1.5,2,TSDT,1.0,2,0.9340681450544579,6.47965635223896e-13,2.6645352591003757e-15,5.980615143042872e-15
15,75.0,1.5,2,TSDT,1.0,3,1.5058558888084908,2.823911492361358e-13,2.6645352591003757e-15,5.980615143042872e-15
15,75.0,1.5,2,TSDT,1.0,4,2.1663003863441816,2.2903315521836117e-13,2.6645352591003757e-15,5.980615143042872e-15
15,75.0,1.5,2,TSDT,1.0,5,2.858449656165359,1.7961591373651227e-13,2.6645352591003757e-15,5.980615143042872e-15
15,75.0,1.5,2,TSDT,1.0,6,2.987328251152784,1.6986529112903402e-13,2.6645352591003757e-15,5.980615143042872e-15
15,75.0,1.5,2,TSDT,1.0,7,3.474361030244766,1.81683209039134e-13,2.6645352591003757e-15,5.980615143042872e-15
15,75.0,1.5,2,TSDT,1.0,8,4.648508150539583,1.0296247828749588e-13,2.6645352591003757e-15,5.980615143042872e-15
15,75.0,1.5,3,TSDT,0.0,1,0.12940368770671828,1.1989741906070695e-11,2.3314683517128287e-15,6.840431647192375e-15
15,75.0,1.5,3,TSDT,0.0,2,0.42919421126809604,1.9964134902328912e-12,2.3314683517128287e-15,6.840431647192375e-15
15,75.0,1.5,3,TSDT,0.0,3,1.021579751604187,7.455858888756157e-13,2.3314683517128287e-15,6.840431647192375e-15
15,75.0,1.5,3,TSDT,0.0,4,1.4851951105966164,6.75841413637615e-13,2.3314683517128287e-15,6.840431647192375e-15
15,75.0,1.5,3,TSDT,0.0,5,2.0912418933039003,4.383860654909759e-13,2.3314683517128287e-15,6.840431647192375e-15
15,75.0,1.5,3,TSDT,0.0,6,2.2044057788659868,3.6194535519356523e-13,2.3314683517128287e-15,6.840431647192375e-15
15,75.0,1.5,3,TSDT,0.0,7,2.7360317846637416,3.7478702482336974e-13,2.3314683517128287e-15,6.840431647192375e-15
15,75.0,1.5,3,TSDT,0.0,8,3.431023155125284,2.3197207006427973e-13,2.3314683517128287e-15,6.840431647192375e-15
15,75.0,1.5,3,TSDT,1.0,1,0.20093207807249075,4.6575697384621e-12,1.2212453270876722e-15,5.847121624921341e-15
15,75.0,1.5,3,TSDT,1.0,2,0.6328429564367385,9.34858145222323e-13,1.2212453270876722e-15,5.847121624921341e-15
15,75.0,1.5,3,TSDT,1.0,3,1.5757404238119714,2.6125992808104714e-13,1.2212453270876722e-15,5.847121624921341e-15
15,75.0,1.5,3,TSDT,1.0,4,2.25272047053722,2.592602468740998e-13,1.2212453270876722e-15,5.847121624921341e-15
15,75.0,1.5,3,TSDT,1.0,5,2.7566065532489765,1.8823289836774483e-13,1.2212453270876722e-15,5.847121624921341e-15
15,75.0,1.5,3,TSDT,1.0,6,2.872105173045606,1.6789514195047259e-13,1.2212453270876722e-15,5.847121624921341e-15
15,75.0,1.5,3,TSDT,1.0,7,3.7665806476856716,1.4612726513053352e-13,1.2212453270876722e-15,5.847121624921341e-15
15,75.0,1.5,3,TSDT,1.0,8,4.925544678652091,1.516216327886249e-13,1.2212453270876722e-15,5.847121624921341e-15
15,75.0,1.5,4,TSDT,0.0,1,0.22158787060427412,7.499301309574437e-12,3.9968028886505635e-15,7.025704924565247e-15
15,75.0,1.5,4,TSDT,0.0,2,0.2875634942374848,2.5005334405755185e-12,3.9968028886505635e-15,7.025704924565247e-15
15,75.0,1.5,4,TSDT,0.0,3,1.0403700773036377,5.798936132513134e-13,3.9968028886505635e-15,7.025704924565247e-15
15,75.0,1.5,4,TSDT,0.0,4,1.501500746536766,5.982626768479419e-13,3.9968028886505635e-15,7.025704924565247e-15
15,75.0,1.5,4,TSDT,0.0,5,2.0406499614392986,4.5237302061113365e-13,3.9968028886505635e-15,7.025704924565247e-15
15,75.0,1.5,4,TSDT,0.0,6,2.176157822659046,4.163722956383904e-13,3.9968028886505635e-15,7.025704924565247e-15
15,75.0,1.5,4,TSDT,0.0,7,3.0231261942537304,3.184851948569356e-13,3.9968028886505635e-15,7.025704924565247e-15
15,75.0,1.5,4,TSDT,0.0,8,3.134491367260798,2.4275654946531386e-13,3.9968028886505635e-15,7.025704924565247e-15
15,75.0,1.5,4,TSDT,1.0,1,0.3569452421460594,4.0588273865268096e-12,3.885780586188048e-15,6.315955796925427e-15
15,75.0,1.5,4,TSDT,1.0,2,0.4072430363342222,1.4603209365646273e-12,3.885780586188048e-15,6.315955796925427e-15
15,75.0,1.5,4,TSDT,1.0,3,1.609416524893307,2.9392682292193083e-13,3.885780586188048e-15,6.315955796925427e-15
15,75.0,1.5,4,TSDT,1.0,4,2.2942008723064395,2.893692608949776e-13,3.885780586188048e-15,6.315955796925427e-15
15,75.0,1.5,4,TSDT,1.0,5,2.6694529865206436,2.2781402102145666e-13,3.885780586188048e-15,6.315955796925427e-15
15,75.0,1.5,4,TSDT,1.0,6,2.822779247315931,2.059994455807397e-13,3.885780586188048e-15,6.315955796925427e-15
15,75.0,1.5,4,TSDT,1.0,7,4.2399097588493095,1.250416876590444e-13,3.885780586188048e-15,6.315955796925427e-15
15,75.0,1.5,4,TSDT,1.0,8,4.3758663285618455,1.6145093003369764e-13,3.885780586188048e-15,6.315955796925427e-15
15,75.0,1.5,5,TSDT,0.0,1,0.2550315082882308,6.1745168931564525e-12,5.773159728050814e-15,7.069945352823673e-15
15,75.0,1.5,5,TSDT,0.0,2,0.29222083468039867,2.7629969831958793e-12,5.773159728050814e-15,7.069945352823673e-15
15,75.0,1.5,5,TSDT,0.0,3,0.9599338087567384,6.743115259257032e-13,5.773159728050814e-15,7.069945352823673e-15
15,75.0,1.5,5,TSDT,0.0,4,1.414613144382289,6.346156367169904e-13,5.773159728050814e-15,7.069945352823673e-15
15,75.0,1.5,5,TSDT,0.0,5,2.1532757622817953,4.579120031150191e-13,5.773159728050814e-15,7.069945352823673e-15
15,75.0,1.5,5,TSDT,0.0,6,2.276525306386243,3.8137700390209713e-13,5.773159728050814e-15,7.069945352823673e-15
15,75.0,1.5,5,TSDT,0.0,7,3.037463670451251,4.2235025139420833e-13,5.773159728050814e-15,7.069945352823673e-15
15,75.0,1.5,5,TSDT,0.0,8,3.15510075649626,2.833218501426164e-13,5.773159728050814e-15,7.069945352823673e-15
15,75.0,1.5,5,TSDT,1.0,1,0.4024321419041085,1.9595241285713326e-12,5.88418203051333e-15,6.1318758029562725e-15
15,75.0,1.5,5,TSDT,1.0,2,0.417533022540189,1.5023596276352961e-12,5.88418203051333e-15,6.1318758029562725e-15
15,75.0,1.5,5,TSDT,1.0,3,1.4686701195126035,2.820943872353601e-13,5.88418203051333e-15,6.1318758029562725e-15
15,75.0,1.5,5,TSDT,1.0,4,2.061330797654019,3.616904415049847e-13,5.88418203051333e-15,6.1318758029562725e-15
15,75.0,1.5,5,TSDT,1.0,5,2.9454766392421923,2.0851364394548498e-13,5.88418203051333e-15,6.1318758029562725e-15
15,75.0,1.5,5,TSDT,1.0,6,3.008566985685621,2.4550488373941586e-13,5.88418203051333e-15,6.1318758029562725e-15
15,75.0,1.5,5,TSDT,1.0,7,4.261304810077366,1.352694407250828e-13,5.88418203051333e-15,6.1318758029562725e-15
15,75.0,1.5,5,TSDT,1.0,8,4.40626653002478,1.9953252089690775e-13,5.88418203051333e-15,6.1318758029562725e-15
15,75.0,1.5,6,TSDT,0.0,1,0.3104651502172927,3.239981452677353e-12,2.886579864025407e-15,7.220610485465626e-15
15,75.0,1.5,6,TSDT,0.0,2,0.33125252099140284,3.733116771316149e-12,2.886579864025407e-15,7.220610485465626e-15
15,75.0,1.5,6,TSDT,0.0,3,0.7830731401870096,9.970518343258288e-13,2.886579864025407e-15,7.220610485465626e-15
15,75.0,1.5,6,TSDT,0.0,4,1.2586198415847236,1.2155092576167563e-12,2.886579864025407e-15,7.220610485465626e-15
15,75.0,1.5,6,TSDT,0.0,5,2.3863551685754416,4.2073851905256926e-13,2.886579864025407e-15,7.220610485465626e-15
15,75.0,1.5,6,TSDT,0.0,6,2.500455612533613,4.4870182779375404e-13,2.886579864025407e-15,7.220610485465626e-15
15,75.0,1.5,6,TSDT,0.0,7,3.0791214864069234,3.6677543052530326e-13,2.886579864025407e-15,7.220610485465626e-15
15,75.0,1.5,6,TSDT,0.0,8,3.225283918867668,2.976106636062328e-13,2.886579864025407e-15,7.220610485465626e-15
15,75.0,1.5,6,TSDT,1.0,1,0.45480680093681036,1.1769772976594201e-12,3.774758283725532e-15,6.007450212369459e-15
15,75.0,1.5,6,TSDT,1.0,2,0.5129127909701878,1.3018365072332983e-12,3.774758283725532e-15,6.007450212369459e-15
15,75.0,1.5,6,TSDT,1.0,3,1.1883075478861085,3.613563055424362e-13,3.774758283725532e-15,6.007450212369459e-15
15,75.0,1.5,6,TSDT,1.0,4,1.7566619564735673,3.520454397872304e-13,3.774758283725532e-15,6.007450212369459e-15
15,75.0,1.5,6,TSDT,1.0,5,3.3785491789508475,1.3182985496473255e-13,3.774758283725532e-15,6.007450212369459e-15
15,75.0,1.5,6,TSDT,1.0,6,3.4206613165126756,1.6387221567216137e-13,3.774758283725532e-15,6.007450212369459e-15
15,75.0,1.5,6,TSDT,1.0,7,4.317753721290886,1.330046670903379e-13,3.774758283725532e-15,6.007450212369459e-15
15,75.0,1.5,6,TSDT,1.0,8,4.501619426751461,1.5702295940670684e-13,3.774758283725532e-15,6.007450212369459e-15
15,75.0,1.5,7,TSDT,0.0,1,0.3556538055538734,2.1627654076658247e-12,3.1086244689504383e-15,7.536504636362117e-15
15,75.0,1.5,7,TSDT,0.0,2,0.40947548374379394,2.4399127638420463e-12,3.1086244689504383e-15,7.536504636362117e-15
15,75.0,1.5,7,TSDT,0.0,3,0.5961582164627255,1.3092050948689252e-12,3.1086244689504383e-15,7.536504636362117e-15
15,75.0,1.5,7,TSDT,0.0,4,1.1269922907782877,1.316025452242009e-12,3.1086244689504383e-15,7.536504636362117e-15
15,75.0,1.5,7,TSDT,0.0,5,2.641623126635887,4.1198292485437976e-13,3.1086244689504383e-15,7.536504636362117e-15
15,75.0,1.5,7,TSDT,0.0,6,2.7114918295024286,3.877690634067341e-13,3.1086244689504383e-15,7.536504636362117e-15
15,75.0,1.5,7,TSDT,0.0,7,3.13899153547827,3.5846423612414145e-13,3.1086244689504383e-15,7.536504636362117e-15
15,75.0,1.5,7,TSDT,0.0,8,3.3269350552053587,2.8494955792916267e-13,3.1086244689504383e-15,7.536504636362117e-15
15,75.0,1.5,7,TSDT,1.0,1,0.5366465156166615,8.759406634910519e-13,5.995204332975845e-15,6.2916957060720975e-15
15,75.0,1.5,7,TSDT,1.0,2,0.6381309837265156,9.929214725631179e-13,5.995204332975845e-15,6.2916957060720975e-15
15,75.0,1.5,7,TSDT,1.0,3,0.9093810993257031,4.653383714292772e-13,5.995204332975845e-15,6.2916957060720975e-15
15,75.0,1.5,7,TSDT,1.0,4,1.51695154145196,6.902882176233619e-13,5.995204332975845e-15,6.2916957060720975e-15
15,75.0,1.5,7,TSDT,1.0,5,3.8309801655930324,1.8175572211842133e-13,5.995204332975845e-15,6.2916957060720975e-15
15,75.0,1.5,7,TSDT,1.0,6,3.8956107675042535,1.8604578773869782e-13,5.995204332975845e-15,6.2916957060720975e-15
15,75.0,1.5,7,TSDT,1.0,7,4.370423552663183,1.729338938397255e-13,5.995204332975845e-15,6.2916957060720975e-15
15,75.0,1.5,7,TSDT,1.0,8,4.609098425492769,1.7572675265841575e-13,5.995204332975845e-15,6.2916957060720975e-15
15,75.0,1.5,8,TSDT,0.0,1,0.4450152838381726,2.293144521525752e-12,5.329070518200751e-15,7.069943400590717e-15
15,75.0,1.5,8,TSDT,0.0,2,0.44501528792199463,2.972766356266115e-12,5.329070518200751e-15,7.069943400590717e-15
15,75.0,1.5,8,TSDT,0.0,3,0.4501573699109045,2.012158250531819e-12,5.329070518200751e-15,7.069943400590717e-15
15,75.0,1.5,8,TSDT,0.0,4,1.0731909731534528,1.204260024707338e-12,5.329070518200751e-15,7.069943400590717e-15
15,75.0,1.5,8,TSDT,0.0,5,2.79321426735895,5.597163148478607e-13,5.329070518200751e-15,7.069943400590717e-15
15,75.0,1.5,8,TSDT,0.0,6,2.793216769613671,4.700387934749913e-13,5.329070518200751e-15,7.069943400590717e-15
15,75.0,1.5,8,TSDT,0.0,7,3.1755799849265114,5.538802496969887e-13,5.329070518200751e-15,7.069943400590717e-15
15,75.0,1.5,8,TSDT,0.0,8,3.2025852925386844,5.304322221393027e-13,5.329070518200751e-15,7.069943400590717e-15
15,75.0,1.5,8,TSDT,1.0,1,0.6698808892179421,6.560140731481159e-13,5.329070518200751e-15,6.445219793542494e-15
15,75.0,1.5,8,TSDT,1.0,2,0.7014845707921802,9.963444502733494e-13,5.329070518200751e-15,6.445219793542494e-15
15,75.0,1.5,8,TSDT,1.0,3,0.701501752501842,7.967913840703777e-13,5.329070518200751e-15,6.445219793542494e-15
15,75.0,1.5,8,TSDT,1.0,4,1.4159112090852712,4.931554226509852e-13,5.329070518200751e-15,6.445219793542494e-15
15,75.0,1.5,8,TSDT,1.0,5,4.204567546424754,1.6815337724501052e-13,5.329070518200751e-15,6.445219793542494e-15
15,75.0,1.5,8,TSDT,1.0,6,4.245979066416004,1.2969434971328664e-13,5.329070518200751e-15,6.445219793542494e-15
15,75.0,1.5,8,TSDT,1.0,7,4.302154012779409,2.2558418521046317e-13,5.329070518200751e-15,6.445219793542494e-15
15,75.0,1.5,8,TSDT,1.0,8,4.302307245851495,2.087113680316805e-13,5.329070518200751e-15,6.445219793542494e-15
15,75.0,1.5,9,TSDT,0.0,1,0.270767569790244,3.496570711305635e-12,4.107825191113079e-15,7.045447592492751e-15
15,75.0,1.5,9,TSDT,0.0,2,0.5141005782066717,1.8400298143422097e-12,4.107825191113079e-15,7.045447592492751e-15
15,75.0,1.5,9,TSDT,0.0,3,0.5957117790288344,1.4883804244406118e-12,4.107825191113079e-15,7.045447592492751e-15
15,75.0,1.5,9,TSDT,0.0,4,1.1796430563975242,1.05240515094304e-12,4.107825191113079e-15,7.045447592492751e-15
15,75.0,1.5,9,TSDT,0.0,5,2.518461571330775,3.34718346304081e-13,4.107825191113079e-15,7.045447592492751e-15
15,75.0,1.5,9,TSDT,0.0,6,2.713012827411777,4.71709738148502e-13,4.107825191113079e-15,7.045447592492751e-15
15,75.0,1.5,9,TSDT,0.0,7,2.9885706011022766,4.449601625826877e-13,4.107825191113079e-15,7.045447592492751e-15
15,75.0,1.5,9,TSDT,0.0,8,3.3144992102797315,2.183902499561118e-13,4.107825191113079e-15,7.045447592492751e-15
15,75.0,1.5,9,TSDT,1.0,1,0.41300215042681115,1.2926396448052539e-12,1.887379141862766e-15,7.310689028842495e-15
15,75.0,1.5,9,TSDT,1.0,2,0.7872557366501268,7.910473105985276e-13,1.887379141862766e-15,7.310689028842495e-15
15,75.0,1.5,9,TSDT,1.0,3,0.8934662107315126,5.337071641256761e-13,1.887379141862766e-15,7.310689028842495e-15
15,75.0,1.5,9,TSDT,1.0,4,1.6180249964724347,3.533744073447096e-13,1.887379141862766e-15,7.310689028842495e-15
15,75.0,1.5,9,TSDT,1.0,5,3.6257606225114647,1.3861877512103208e-13,1.887379141862766e-15,7.310689028842495e-15
15,75.0,1.5,9,TSDT,1.0,6,3.800070740992532,1.5911207878190513e-13,1.887379141862766e-15,7.310689028842495e-15
15,75.0,1.5,9,TSDT,1.0,7,4.23559045272058,2.4346725050323636e-13,1.887379141862766e-15,7.310689028842495e-15
15,75.0,1.5,9,TSDT,1.0,8,4.4490022828840345,1.0180877957632046e-13,1.887379141862766e-15,7.310689028842495e-15
15,75.0,1.5,10,TSDT,0.0,1,0.12211373099884375,1.1319652878008884e-11,4.218847493575595e-15,6.8339238456358745e-15
15,75.0,1.5,10,TSDT,0.0,2,0.6745524216023808,1.2803498339608037e-12,4.218847493575595e-15,6.8339238456358745e-15
15,75.0,1.5,10,TSDT,0.0,3,0.7117731651053978,1.0584118892680533e-12,4.218847493575595e-15,6.8339238456358745e-15
15,75.0,1.5,10,TSDT,0.0,4,1.3924046488738124,6.483402372422918e-13,4.218847493575595e-15,6.8339238456358745e-15
15,75.0,1.5,10,TSDT,0.0,5,2.21623655697514,3.939499730359822e-13,4.218847493575595e-15,6.8339238456358745e-15
15,75.0,1.5,10,TSDT,0.0,6,2.5424875709873067,3.9972214753048663e-13,4.218847493575595e-15,6.8339238456358745e-15
15,75.0,1.5,10,TSDT,0.0,7,2.635281864256982,4.678538767813781e-13,4.218847493575595e-15,6.8339238456358745e-15
15,75.0,1.5,10,TSDT,0.0,8,3.2447131661779385,2.1955882495562864e-13,4.218847493575595e-15,6.8339238456358745e-15
15,75.0,1.5,10,TSDT,1.0,1,0.18407172065129054,4.601239408019829e-12,1.9984014443252818e-15,6.260346808734292e-15
15,75.0,1.5,10,TSDT,1.0,2,1.0044382536687906,6.31506378437677e-13,1.9984014443252818e-15,6.260346808734292e-15
15,75.0,1.5,10,TSDT,1.0,3,1.0602148425994613,4.194857592111647e-13,1.9984014443252818e-15,6.260346808734292e-15
15,75.0,1.5,10,TSDT,1.0,4,2.0458009926969227,2.6050623924576505e-13,1.9984014443252818e-15,6.260346808734292e-15
15,75.0,1.5,10,TSDT,1.0,5,3.0730954796277157,1.3109700237336162e-13,1.9984014443252818e-15,6.260346808734292e-15
15,75.0,1.5,10,TSDT,1.0,6,3.2252125497811477,1.1854562153359595e-13,1.9984014443252818e-15,6.260346808734292e-15
15,75.0,1.5,10,TSDT,1.0,7,3.9434092621805767,1.3611895205702885e-13,1.9984014443252818e-15,6.260346808734292e-15
15,75.0,1.5,10,TSDT,1.0,8,4.243899581001047,8.596921997667475e-14,1.9984014443252818e-15,6.260346808734292e-15
15,75.0,1.5,11,TSDT,0.0,1,0.030240875206201917,9.013513355776058e-11,3.9968028886505635e-15,6.253707605575375e-15
15,75.0,1.5,11,TSDT,0.0,2,0.839387840809897,9.10274811412294e-13,3.9968028886505635e-15,6.253707605575375e-15
15,75.0,1.5,11,TSDT,0.0,3,0.8459670462412154,9.495193341281796e-13,3.9968028886505635e-15,6.253707605575375e-15
15,75.0,1.5,11,TSDT,0.0,4,1.4077894911623037,7.251795757567977e-13,3.9968028886505635e-15,6.253707605575375e-15
15,75.0,1.5,11,TSDT,0.0,5,2.2434013476384513,3.988063410277819e-13,3.9968028886505635e-15,6.253707605575375e-15
15,75.0,1.5,11,TSDT,0.0,6,2.2728555908317793,5.49790342644388e-13,3.9968028886505635e-15,6.253707605575375e-15
15,75.0,1.5,11,TSDT,0.0,7,2.5293366613053543,4.355717863191229e-13,3.9968028886505635e-15,6.253707605575375e-15
15,75.0,1.5,11,TSDT,0.0,8,3.15673723170279,3.2058971567592986e-13,3.9968028886505635e-15,6.253707605575375e-15
15,75.0,1.5,11,TSDT,1.0,1,0.045198791668872494,3.189346052898618e-11,8.881784197001252e-15,6.8608515133475935e-15
15,75.0,1.5,11,TSDT,1.0,2,1.2691064800598901,4.0262195085845325e-13,8.881784197001252e-15,6.8608515133475935e-15
15,75.0,1.5,11,TSDT,1.0,3,1.271998579013645,3.841637713398407e-13,8.881784197001252e-15,6.8608515133475935e-15
15,75.0,1.5,11,TSDT,1.0,4,2.1496238238924397,2.728862168438011e-13,8.881784197001252e-15,6.8608515133475935e-15
15,75.0,1.5,11,TSDT,1.0,5,2.7226749100555425,2.050804322107986e-13,8.881784197001252e-15,6.8608515133475935e-15
15,75.0,1.5,11,TSDT,1.0,6,3.1030097243949224,1.8282553250885563e-13,8.881784197001252e-15,6.8608515133475935e-15
15,75.0,1.5,11,TSDT,1.0,7,3.779124170342294,2.447902452448667e-13,8.881784197001252e-15,6.8608515133475935e-15
15,75.0,1.5,11,TSDT,1.0,8,4.055140969809715,1.2987594069410192e-13,8.881784197001252e-15,6.8608515133475935e-15
15,75.0,3.0,0,FSDT,0.0,1,0.0,0.999551173032447,1.4432899320127035e-15,4.4727407949570726e-15
15,75.0,3.0,0,FSDT,0.0,2,1.826681365747914,5.108442930626086e-13,1.4432899320127035e-15,4.4727407949570726e-15
15,75.0,3.0,0,FSDT,0.0,3,1.8266813657479566,5.737128602785626e-13,1.4432899320127035e-15,4.4727407949570726e-15
15,75.0,3.0,0,FSDT,0.0,4,2.567123132985958,3.8539509588136105e-13,1.4432899320127035e-15,4.4727407949570726e-15
15,75.0,3.0,0,FSDT,0.0,5,4.114146103733984,1.9027677340449432e-13,1.4432899320127035e-15,4.4727407949570726e-15
15,75.0,3.0,0,FSDT,0.0,6,4.831079803205887,4.718128152908042e-13,1.4432899320127035e-15,4.4727407949570726e-15
15,75.0,3.0,0,FSDT,0.0,7,4.831079803205976,4.154113711750746e-13,1.4432899320127035e-15,4.4727407949570726e-15
15,75.0,3.0,0,FSDT,0.0,8,6.0409934554062135,3.7952223015569847e-13,1.4432899320127035e-15,4.4727407949570726e-15
15,75.0,3.0,0,FSDT,1.0,1,0.0,0.9999999999999961,2.4424906541753444e-15,5.440287726908756e-15
15,75.0,3.0,0,FSDT,1.0,2,2.129896680351834,2.9662970030860233e-13,2.4424906541753444e-15,5.440287726908756e-15
15,75.0,3.0,0,FSDT,1.0,3,2.1298966803518415,4.204524864546911e-13,2.4424906541753444e-15,5.440287726908756e-15
15,75.0,3.0,0,FSDT,1.0,4,2.9751672765999317,2.585927039799229e-13,2.4424906541753444e-15,5.440287726908756e-15
15,75.0,3.0,0,FSDT,1.0,5,4.404121385183488,1.187192360034794e-13,2.4424906541753444e-15,5.440287726908756e-15
15,75.0,3.0,0,FSDT,1.0,6,5.583811405705028,2.6160683392758866e-13,2.4424906541753444e-15,5.440287726908756e-15
15,75.0,3.0,0,FSDT,1.0,7,5.583811405705153,1.4730102353113345e-13,2.4424906541753444e-15,5.440287726908756e-15
15,75.0,3.0,0,FSDT,1.0,8,6.4484195613605255,6.567987911320479e-14,2.4424906541753444e-15,5.440287726908756e-15
15,75.0,3.0,1,FSDT,0.0,1,0.026684144968617613,1.178314174827869e-10,5.10702591327572e-15,5.244353739115307e-15
15,75.0,3.0,1,FSDT,0.0,2,1.6277191704334308,3.9916853451842265e-13,5.10702591327572e-15,5.244353739115307e-15
15,75.0,3.0,1,FSDT,0.0,3,1.8556370559318713,3.352960861695363e-13,5.10702591327572e-15,5.244353739115307e-15
15,75.0,3.0,1,FSDT,0.0,4,2.672605446328617,3.167327239179965e-13,5.10702591327572e-15,5.244353739115307e-15
15,75.0,3.0,1,FSDT,0.0,5,4.239606680377424,1.7158149720976573e-13,5.10702591327572e-15,5.244353739115307e-15
15,75.0,3.0,1,FSDT,0.0,6,4.646807267142965,1.629555658850347e-13,5.10702591327572e-15,5.244353739115307e-15
15,75.0,3.0,1,FSDT,0.0,7,4.742222563505694,2.026495272919259e-13,5.10702591327572e-15,5.244353739115307e-15
15,75.0,3.0,1,FSDT,0.0,8,6.222960548325723,1.1838530435891924e-13,5.10702591327572e-15,5.244353739115307e-15
15,75.0,3.0,1,FSDT,1.0,1,0.0313999505489476,9.965244806658645e-11,1.1102230246251565e-15,4.653096186747086e-15
15,75.0,3.0,1,FSDT,1.0,2,1.8884992001680976,2.592271267780485e-13,1.1102230246251565e-15,4.653096186747086e-15
15,75.0,3.0,1,FSDT,1.0,3,2.163453391344291,2.096689806288406e-13,1.1102230246251565e-15,4.653096186747086e-15
15,75.0,3.0,1,FSDT,1.0,4,3.1032201178359737,2.104379782964139e-13,1.1102230246251565e-15,4.653096186747086e-15
15,75.0,3.0,1,FSDT,1.0,5,4.561290335084377,1.342340046221619e-13,1.1102230246251565e-15,4.653096186747086e-15
15,75.0,3.0,1,FSDT,1.0,6,5.285940800461283,1.6185436382081004e-13,1.1102230246251565e-15,4.653096186747086e-15
15,75.0,3.0,1,FSDT,1.0,7,5.453572593564864,1.4894040664475637e-13,1.1102230246251565e-15,4.653096186747086e-15
15,75.0,3.0,1,FSDT,1.0,8,6.8244534623362485,1.4673044228932564e-13,1.1102230246251565e-15,4.653096186747086e-15
15,75.0,3.0,2,FSDT,0.0,1,0.1093985993111478,1.4948982986823887e-11,2.4424906541753444e-15,5.2538506223509e-15
15,75.0,3.0,2,FSDT,0.0,2,1.2427951208926769,4.579153230051929e-13,2.4424906541753444e-15,5.2538506223509e-15
15,75.0,3.0,2,FSDT,0.0,3,1.9299322355661261,3.6648022142217687e-13,2.4424906541753444e-15,5.2538506223509e-15
15,75.0,3.0,2,FSDT,0.0,4,2.815941658357709,3.215993324024409e-13,2.4424906541753444e-15,5.2538506223509e-15
15,75.0,3.0,2,FSDT,0.0,5,4.325033232533874,2.0405535512825578e-13,2.4424906541753444e-15,5.2538506223509e-15
15,75.0,3.0,2,FSDT,0.0,6,4.386922198672348,1.5250408214944152e-13,2.4424906541753444e-15,5.2538506223509e-15
15,75.0,3.0,2,FSDT,0.0,7,4.788042862174458,2.1098140248135514e-13,2.4424906541753444e-15,5.2538506223509e-15
15,75.0,3.0,2,FSDT,0.0,8,6.614542325803189,1.1160810730939526e-13,2.4424906541753444e-15,5.2538506223509e-15
15,75.0,3.0,2,FSDT,1.0,1,0.12857778075721854,1.0590268119368223e-11,2.220446049250313e-15,5.953986825033782e-15
15,75.0,3.0,2,FSDT,1.0,2,1.4345581206827154,3.685026878604516e-13,2.220446049250313e-15,5.953986825033782e-15
15,75.0,3.0,2,FSDT,1.0,3,2.250442163212298,2.299344521248363e-13,2.220446049250313e-15,5.953986825033782e-15
15,75.0,3.0,2,FSDT,1.0,4,3.2711983453523215,2.0776637699277888e-13,2.220446049250313e-15,5.953986825033782e-15
15,75.0,3.0,2,FSDT,1.0,5,4.820632665972368,1.1218035572771774e-13,2.220446049250313e-15,5.953986825033782e-15
15,75.0,3.0,2,FSDT,1.0,6,4.8553688794065515,1.2955821967040058e-13,2.220446049250313e-15,5.953986825033782e-15
15,75.0,3.0,2,FSDT,1.0,7,5.411901101852061,1.413983921598475e-13,2.220446049250313e-15,5.953986825033782e-15
15,75.0,3.0,2,FSDT,1.0,8,7.489845504986783,7.437174613094535e-14,2.220446049250313e-15,5.953986825033782e-15
15,75.0,3.0,3,FSDT,0.0,1,0.25774336135526316,4.3115537181310125e-12,2.220446049250313e-15,4.722905880431478e-15
15,75.0,3.0,3,FSDT,0.0,2,0.8481024801758911,7.916030087957935e-13,2.220446049250313e-15,4.722905880431478e-15
15,75.0,3.0,3,FSDT,0.0,3,2.0121607642487396,2.8100820002193003e-13,2.220446049250313e-15,4.722905880431478e-15
15,75.0,3.0,3,FSDT,0.0,4,2.905805092669346,2.892690734022392e-13,2.220446049250313e-15,4.722905880431478e-15
15,75.0,3.0,3,FSDT,0.0,5,4.070654664954365,1.9551386254211578e-13,2.220446049250313e-15,4.722905880431478e-15
15,75.0,3.0,3,FSDT,0.0,6,4.280524557515464,1.464519026650829e-13,2.220446049250313e-15,4.722905880431478e-15
15,75.0,3.0,3,FSDT,0.0,7,5.286614746402863,1.2821666721363558e-13,2.220446049250313e-15,4.722905880431478e-15
15,75.0,3.0,3,FSDT,0.0,8,6.598899315143704,1.6084897848637724e-13,2.220446049250313e-15,4.722905880431478e-15
15,75.0,3.0,3,FSDT,1.0,1,0.30235743475277305,3.5838399577430578e-12,2.4424906541753444e-15,5.783385845960553e-15
15,75.0,3.0,3,FSDT,1.0,2,0.977200195313492,6.02823015536519e-13,2.4424906541753444e-15,5.783385845960553e-15
15,75.0,3.0,3,FSDT,1.0,3,2.3485123771333014,2.38415937297486e-13,2.4424906541753444e-15,5.783385845960553e-15
15,75.0,3.0,3,FSDT,1.0,4,3.3805890910282126,2.0231807380805002e-13,2.4424906541753444e-15,5.783385845960553e-15
15,75.0,3.0,3,FSDT,1.0,5,4.53641850492045,1.7585051414724305e-13,2.4424906541753444e-15,5.783385845960553e-15
15,75.0,3.0,3,FSDT,1.0,6,4.753938505492893,1.5156572362200465e-13,2.4424906541753444e-15,5.783385845960553e-15
15,75.0,3.0,3,FSDT,1.0,7,5.945503376834238,1.0592410328843067e-13,2.4424906541753444e-15,5.783385845960553e-15
15,75.0,3.0,3,FSDT,1.0,8,7.5199644264769985,1.4609112849553e-13,2.4424906541753444e-15,5.783385845960553e-15
15,75.0,3.0,4,FSDT,0.0,1,0.4417959112720024,3.211762698416351e-12,3.552713678800501e-15,5.8858336017465954e-15
15,75.0,3.0,4,FSDT,0.0,2,0.5677856360140517,1.06815550376105e-12,3.552713678800501e-15,5.8858336017465954e-15
15,75.0,3.0,4,FSDT,0.0,3,2.0492592709231605,3.3407186998861505e-13,3.552713678800501e-15,5.8858336017465954e-15
15,75.0,3.0,4,FSDT,0.0,4,2.936704008078788,2.75939100887417e-13,3.552713678800501e-15,5.8858336017465954e-15
15,75.0,3.0,4,FSDT,0.0,5,3.9741229811482945,2.6756254325206173e-13,3.552713678800501e-15,5.8858336017465954e-15
15,75.0,3.0,4,FSDT,0.0,6,4.226531495521207,1.7883882815140357e-13,3.552713678800501e-15,5.8858336017465954e-15
15,75.0,3.0,4,FSDT,0.0,7,5.801762276710943,1.609284480647456e-13,3.552713678800501e-15,5.8858336017465954e-15
15,75.0,3.0,4,FSDT,0.0,8,6.079564968781376,1.3351269578652843e-13,3.552713678800501e-15,5.8858336017465954e-15
15,75.0,3.0,4,FSDT,1.0,1,0.5238617495021176,2.024285675465722e-12,2.886579864025407e-15,5.1108069442842386e-15
15,75.0,3.0,4,FSDT,1.0,2,0.6464569362209263,1.1676644353552584e-12,2.886579864025407e-15,5.1108069442842386e-15
15,75.0,3.0,4,FSDT,1.0,3,2.393524472876823,1.7114877851696982e-13,2.886579864025407e-15,5.1108069442842386e-15
15,75.0,3.0,4,FSDT,1.0,4,3.420957263730676,2.1023821655758695e-13,2.886579864025407e-15,5.1108069442842386e-15
15,75.0,3.0,4,FSDT,1.0,5,4.416845117143748,1.7533555425874427e-13,2.886579864025407e-15,5.1108069442842386e-15
15,75.0,3.0,4,FSDT,1.0,6,4.689655843648831,1.7768255324185314e-13,2.886579864025407e-15,5.1108069442842386e-15
15,75.0,3.0,4,FSDT,1.0,7,6.649676334027202,1.2969982898484765e-13,2.886579864025407e-15,5.1108069442842386e-15
15,75.0,3.0,4,FSDT,1.0,8,6.780558257022752,1.4566636686256842e-13,2.886579864025407e-15,5.1108069442842386e-15
15,75.0,3.0,5,FSDT,0.0,1,0.5076511368014217,2.2702464056926387e-12,1.354472090042691e-14,5.72387745992219e-15
15,75.0,3.0,5,FSDT,0.0,2,0.5771780788289023,1.0356235003404395e-12,1.354472090042691e-14,5.72387745992219e-15
15,75.0,3.0,5,FSDT,0.0,3,1.8916557849407718,3.35114262480565e-13,1.354472090042691e-14,5.72387745992219e-15
15,75.0,3.0,5,FSDT,0.0,4,2.767908575045043,3.242358706779463e-13,1.354472090042691e-14,5.72387745992219e-15
15,75.0,3.0,5,FSDT,0.0,5,4.190632125358062,1.9266580924651438e-13,1.354472090042691e-14,5.72387745992219e-15
15,75.0,3.0,5,FSDT,0.0,6,4.418535479209865,1.659534803699135e-13,1.354472090042691e-14,5.72387745992219e-15
15,75.0,3.0,5,FSDT,0.0,7,5.8287067016258085,1.4250657024569957e-13,1.354472090042691e-14,5.72387745992219e-15
15,75.0,3.0,5,FSDT,0.0,8,6.119069202057414,1.3187464775356192e-13,1.354472090042691e-14,5.72387745992219e-15
15,75.0,3.0,5,FSDT,1.0,1,0.5981570960139233,1.7514704511298345e-12,9.769962616701378e-15,6.700637677510463e-15
15,75.0,3.0,5,FSDT,1.0,2,0.6587956094928806,7.236011147508701e-13,9.769962616701378e-15,6.700637677510463e-15
15,75.0,3.0,5,FSDT,1.0,3,2.2029995435763303,1.9735052324668031e-13,9.769962616701378e-15,6.700637677510463e-15
15,75.0,3.0,5,FSDT,1.0,4,3.186501621998986,2.0668245530420693e-13,9.769962616701378e-15,6.700637677510463e-15
15,75.0,3.0,5,FSDT,1.0,5,4.709980009348765,1.6467351778280244e-13,9.769962616701378e-15,6.700637677510463e-15
15,75.0,3.0,5,FSDT,1.0,6,4.933460440477078,1.1812973210686543e-13,9.769962616701378e-15,6.700637677510463e-15
15,75.0,3.0,5,FSDT,1.0,7,6.686121306905422,1.0699803843981385e-13,9.769962616701378e-15,6.700637677510463e-15
15,75.0,3.0,5,FSDT,1.0,8,6.816101561170168,9.723283012679624e-14,9.769962616701378e-15,6.700637677510463e-15
15,75.0,3.0,6,FSDT,0.0,1,0.6138435960594762,1.0339391836741433e-12,9.325873406851315e-15,5.241558401270515e-15
15,75.0,3.0,6,FSDT,0.0,2,0.6580135527991052,1.8027968911247759e-12,9.325873406851315e-15,5.241558401270515e-15
15,75.0,3.0,6,FSDT,0.0,3,1.5451620556511516,3.60248638630877e-13,9.325873406851315e-15,5.241558401270515e-15
15,75.0,3.0,6,FSDT,0.0,4,2.464505402803001,6.076574360643337e-13,9.325873406851315e-15,5.241558401270515e-15
15,75.0,3.0,6,FSDT,0.0,5,4.6365232881105625,1.5718093230965721e-13,9.325873406851315e-15,5.241558401270515e-15
15,75.0,3.0,6,FSDT,0.0,6,4.84413104433856,1.7447650512559672e-13,9.325873406851315e-15,5.241558401270515e-15
15,75.0,3.0,6,FSDT,0.0,7,5.907075380456825,1.9251375319070416e-13,9.325873406851315e-15,5.241558401270515e-15
15,75.0,3.0,6,FSDT,0.0,8,6.254084063456898,1.581944207481567e-13,9.325873406851315e-15,5.241558401270515e-15
15,75.0,3.0,6,FSDT,1.0,1,0.7057713983942204,9.636602727578027e-13,2.6645352591003757e-15,5.544837015907194e-15
15,75.0,3.0,6,FSDT,1.0,2,0.7709987838073737,1.0967057748565963e-12,2.6645352591003757e-15,5.544837015907194e-15
15,75.0,3.0,6,FSDT,1.0,3,1.7953446621970477,2.766545105288995e-13,2.6645352591003757e-15,5.544837015907194e-15
15,75.0,3.0,6,FSDT,1.0,4,2.798817860374365,3.7235090022162265e-13,2.6645352591003757e-15,5.544837015907194e-15
15,75.0,3.0,6,FSDT,1.0,5,5.274097164224105,1.366747355880526e-13,2.6645352591003757e-15,5.544837015907194e-15
15,75.0,3.0,6,FSDT,1.0,6,5.483646727359709,1.5872286129035038e-13,2.6645352591003757e-15,5.544837015907194e-15
15,75.0,3.0,6,FSDT,1.0,7,6.795585081495235,1.3322819478320053e-13,2.6645352591003757e-15,5.544837015907194e-15
15,75.0,3.0,6,FSDT,1.0,8,6.927889663014199,9.24499778815882e-14,2.6645352591003757e-15,5.544837015907194e-15
15,75.0,3.0,7,FSDT,0.0,1,0.7040782232509195,8.992653070110534e-13,2.4424906541753444e-15,5.18026584372257e-15
15,75.0,3.0,7,FSDT,0.0,2,0.8126219030125382,1.0815225874970109e-12,2.4424906541753444e-15,5.18026584372257e-15
15,75.0,3.0,7,FSDT,0.0,3,1.1784995461626377,6.166556789630647e-13,2.4424906541753444e-15,5.18026584372257e-15
15,75.0,3.0,7,FSDT,0.0,4,2.2077606971843324,6.145197568090682e-13,2.4424906541753444e-15,5.18026584372257e-15
15,75.0,3.0,7,FSDT,0.0,5,5.118891312374573,1.715132100941014e-13,2.4424906541753444e-15,5.18026584372257e-15
15,75.0,3.0,7,FSDT,0.0,6,5.2418171213929465,1.8770556089026692e-13,2.4424906541753444e-15,5.18026584372257e-15
15,75.0,3.0,7,FSDT,0.0,7,6.020300561824737,1.6697124560429218e-13,2.4424906541753444e-15,5.18026584372257e-15
15,75.0,3.0,7,FSDT,0.0,8,6.459859262801941,1.9731624886310327e-13,2.4424906541753444e-15,5.18026584372257e-15
15,75.0,3.0,7,FSDT,1.0,1,0.8170296029546525,6.939543801670741e-13,3.9968028886505635e-15,5.443909785540389e-15
15,75.0,3.0,7,FSDT,1.0,2,0.9538101466884763,6.911422158101307e-13,3.9968028886505635e-15,5.443909785540389e-15
15,75.0,3.0,7,FSDT,1.0,3,1.3716085122917698,3.4912813653940954e-13,3.9968028886505635e-15,5.443909785540389e-15
15,75.0,3.0,7,FSDT,1.0,4,2.479541747873579,3.568507846280883e-13,3.9968028886505635e-15,5.443909785540389e-15
15,75.0,3.0,7,FSDT,1.0,5,5.885106446992366,1.1273420980645066e-13,3.9968028886505635e-15,5.443909785540389e-15
15,75.0,3.0,7,FSDT,1.0,6,6.04549142986271,1.127482972699557e-13,3.9968028886505635e-15,5.443909785540389e-15
15,75.0,3.0,7,FSDT,1.0,7,6.968693922229245,1.1022065027254661e-13,3.9968028886505635e-15,5.443909785540389e-15
15,75.0,3.0,7,FSDT,1.0,8,7.1550457688591536,8.554414429863888e-14,3.9968028886505635e-15,5.443909785540389e-15
15,75.0,3.0,8,FSDT,0.0,1,0.882989976063332,1.4595501462135043e-12,3.774758283725532e-15,4.647612525387882e-15
15,75.0,3.0,8,FSDT,0.0,2,0.8829903698425942,1.006187575804918e-12,3.774758283725532e-15,4.647612525387882e-15
15,75.0,3.0,8,FSDT,0.0,3,0.8892666565464973,6.2090435182136e-13,3.774758283725532e-15,4.647612525387882e-15
15,75.0,3.0,8,FSDT,0.0,4,2.1025147513328033,5.318383017472389e-13,3.774758283725532e-15,4.647612525387882e-15
15,75.0,3.0,8,FSDT,0.0,5,5.395293095027466,2.2644218233601937e-13,3.774758283725532e-15,4.647612525387882e-15
15,75.0,3.0,8,FSDT,0.0,6,5.395294509232936,5.483621842445337e-13,3.774758283725532e-15,4.647612525387882e-15
15,75.0,3.0,8,FSDT,0.0,7,6.090350788664278,4.0502048389055444e-13,3.774758283725532e-15,4.647612525387882e-15
15,75.0,3.0,8,FSDT,0.0,8,6.24718493048269,4.2662855864520117e-13,3.774758283725532e-15,4.647612525387882e-15
15,75.0,3.0,8,FSDT,1.0,1,1.0265953130117957,5.345176567858014e-13,3.552713678800501e-15,5.445321645631634e-15
15,75.0,3.0,8,FSDT,1.0,2,1.0394444704514976,5.73916329452509e-13,3.552713678800501e-15,5.445321645631634e-15
15,75.0,3.0,8,FSDT,1.0,3,1.0394454355331455,8.219399010083939e-13,3.552713678800501e-15,5.445321645631634e-15
15,75.0,3.0,8,FSDT,1.0,4,2.3480708788880467,4.16421369347634e-13,3.552713678800501e-15,5.445321645631634e-15
15,75.0,3.0,8,FSDT,1.0,5,6.285149348263184,3.5428390913240007e-13,3.552713678800501e-15,5.445321645631634e-15
15,75.0,3.0,8,FSDT,1.0,6,6.285180464227363,1.5294032605682324e-13,3.552713678800501e-15,5.445321645631634e-15
15,75.0,3.0,8,FSDT,1.0,7,6.876344981968749,1.5305371779934917e-13,3.552713678800501e-15,5.445321645631634e-15
15,75.0,3.0,8,FSDT,1.0,8,7.095285217191368,1.772078313660174e-13,3.552713678800501e-15,5.445321645631634e-15
15,75.0,3.0,9,FSDT,0.0,1,0.5370543192732353,1.3896521200107966e-12,1.9984014443252818e-15,5.241583585291254e-15
15,75.0,3.0,9,FSDT,0.0,2,1.0179994707478102,7.28103094900879e-13,1.9984014443252818e-15,5.241583585291254e-15
15,75.0,3.0,9,FSDT,0.0,3,1.176594444291916,4.865047044009831e-13,1.9984014443252818e-15,5.241583585291254e-15
15,75.0,3.0,9,FSDT,0.0,4,2.310815787980445,4.479471024688407e-13,1.9984014443252818e-15,5.241583585291254e-15
15,75.0,3.0,9,FSDT,0.0,5,4.886256768746101,1.4904476618664467e-13,1.9984014443252818e-15,5.241583585291254e-15
15,75.0,3.0,9,FSDT,0.0,6,5.243934796737268,1.7986790894536734e-13,1.9984014443252818e-15,5.241583585291254e-15
15,75.0,3.0,9,FSDT,0.0,7,5.757302993071389,1.9196409809920145e-13,1.9984014443252818e-15,5.241583585291254e-15
15,75.0,3.0,9,FSDT,0.0,8,6.41872754644816,1.0699514314242728e-13,1.9984014443252818e-15,5.241583585291254e-15
15,75.0,3.0,9,FSDT,1.0,1,0.6258834355671521,1.134558287064619e-12,3.3306690738754696e-15,4.8306557590193925e-15
15,75.0,3.0,9,FSDT,1.0,2,1.1870923590131905,7.871415723915972e-13,3.3306690738754696e-15,4.8306557590193925e-15
15,75.0,3.0,9,FSDT,1.0,3,1.3629822056036935,3.302535825703373e-13,3.3306690738754696e-15,4.8306557590193925e-15
15,75.0,3.0,9,FSDT,1.0,4,2.6092767032483395,3.05329343816542e-13,3.3306690738754696e-15,4.8306557590193925e-15
15,75.0,3.0,9,FSDT,1.0,5,5.59207009261542,1.1942017711952588e-13,3.3306690738754696e-15,4.8306557590193925e-15
15,75.0,3.0,9,FSDT,1.0,6,6.050567740288773,1.581417656966674e-13,3.3306690738754696e-15,4.8306557590193925e-15
15,75.0,3.0,9,FSDT,1.0,7,6.484496709710732,1.5334519249189908e-13,3.3306690738754696e-15,4.8306557590193925e-15
15,75.0,3.0,9,FSDT,1.0,8,7.126321190721234,8.943826371863319e-14,3.3306690738754696e-15,4.8306557590193925e-15
15,75.0,3.0,10,FSDT,0.0,1,0.2424877400629281,4.309738002822688e-12,1.1102230246251565e-15,5.018510222403119e-15
15,75.0,3.0,10,FSDT,0.0,2,1.3318610994265538,6.215672445301252e-13,1.1102230246251565e-15,5.018510222403119e-15
15,75.0,3.0,10,FSDT,0.0,3,1.4030863695874287,4.803684656917101e-13,1.1102230246251565e-15,5.018510222403119e-15
15,75.0,3.0,10,FSDT,0.0,4,2.726741672747852,2.7302497063922904e-13,1.1102230246251565e-15,5.018510222403119e-15
15,75.0,3.0,10,FSDT,0.0,5,4.307339739695265,2.1884395695815737e-13,1.1102230246251565e-15,5.018510222403119e-15
15,75.0,3.0,10,FSDT,0.0,6,4.9339703161415525,1.483207376130323e-13,1.1102230246251565e-15,5.018510222403119e-15
15,75.0,3.0,10,FSDT,0.0,7,5.087409331419402,2.342711844166462e-13,1.1102230246251565e-15,5.018510222403119e-15
15,75.0,3.0,10,FSDT,0.0,8,6.268755667652645,1.1028808430529396e-13,1.1102230246251565e-15,5.018510222403119e-15
15,75.0,3.0,10,FSDT,1.0,1,0.28168350120531177,3.2238940873069994e-12,3.774758283725532e-15,5.622801614401808e-15
15,75.0,3.0,10,FSDT,1.0,2,1.539843361727329,3.639205985058475e-13,3.774758283725532e-15,5.622801614401808e-15
15,75.0,3.0,10,FSDT,1.0,3,1.6215617961414486,3.182705263311776e-13,3.774758283725532e-15,5.622801614401808e-15
15,75.0,3.0,10,FSDT,1.0,4,3.14370331869892,2.2169497242655913e-13,3.774758283725532e-15,5.622801614401808e-15
15,75.0,3.0,10,FSDT,1.0,5,4.866854905063369,1.1888739066260806e-13,3.774758283725532e-15,5.622801614401808e-15
15,75.0,3.0,10,FSDT,1.0,6,5.425158663539134,1.011714717638307e-13,3.774758283725532e-15,5.622801614401808e-15
15,75.0,3.0,10,FSDT,1.0,7,5.871842485729633,1.4876839918410052e-13,3.774758283725532e-15,5.622801614401808e-15
15,75.0,3.0,10,FSDT,1.0,8,6.931948250538348,8.077377758325832e-14,3.774758283725532e-15,5.622801614401808e-15
15,75.0,3.0,11,FSDT,0.0,1,0.06008404376725235,3.292709605011297e-11,5.995204332975845e-15,6.734785709232593e-15
15,75.0,3.0,11,FSDT,0.0,2,1.6530157226626083,4.139202442939206e-13,5.995204332975845e-15,6.734785709232593e-15
15,75.0,3.0,11,FSDT,0.0,3,1.6671095702622372,4.386398886395698e-13,5.995204332975845e-15,6.734785709232593e-15
15,75.0,3.0,11,FSDT,0.0,4,2.7578530523293363,2.7620820976632657e-13,5.995204332975845e-15,6.734785709232593e-15
15,75.0,3.0,11,FSDT,0.0,5,4.364444411421192,1.826520941804313e-13,5.995204332975845e-15,6.734785709232593e-15
15,75.0,3.0,11,FSDT,0.0,6,4.408682545577259,2.152831665790917e-13,5.995204332975845e-15,6.734785709232593e-15
15,75.0,3.0,11,FSDT,0.0,7,4.886949141238409,1.7617677383969518e-13,5.995204332975845e-15,6.734785709232593e-15
15,75.0,3.0,11,FSDT,0.0,8,6.10504479728666,1.0760079595819455e-13,5.995204332975845e-15,6.734785709232593e-15
15,75.0,3.0,11,FSDT,1.0,1,0.0696106154294621,2.8279571188298993e-11,2.55351295663786e-15,4.213200311962575e-15
15,75.0,3.0,11,FSDT,1.0,2,1.9186195443383263,2.7189928048693045e-13,2.55351295663786e-15,4.213200311962575e-15
15,75.0,3.0,11,FSDT,1.0,3,1.9332323925917447,3.356919851832897e-13,2.55351295663786e-15,4.213200311962575e-15
15,75.0,3.0,11,FSDT,1.0,4,3.2109789168732092,2.64312414581495e-13,2.55351295663786e-15,4.213200311962575e-15
15,75.0,3.0,11,FSDT,1.0,5,4.711482384375105,1.6293252845222295e-13,2.55351295663786e-15,4.213200311962575e-15
15,75.0,3.0,11,FSDT,1.0,6,4.980369084096889,1.7418910290806997e-13,2.55351295663786e-15,4.213200311962575e-15
15,75.0,3.0,11,FSDT,1.0,7,5.652711590903596,1.6211629474713218e-13,2.55351295663786e-15,4.213200311962575e-15
15,75.0,3.0,11,FSDT,1.0,8,6.709814650031046,1.08332006862941e-13,2.55351295663786e-15,4.213200311962575e-15
15,75.0,3.0,0,TSDT,0.0,1,0.0,0.9988067502500405,1.9984014443252818e-15,5.418159250465854e-15
15,75.0,3.0,0,TSDT,0.0,2,1.8268013860447467,2.3877449838595754e-13,1.9984014443252818e-15,5.418159250465854e-15
15,75.0,3.0,0,TSDT,0.0,3,1.8268013860448353,3.0450229787389983e-13,1.9984014443252818e-15,5.418159250465854e-15
15,75.0,3.0,0,TSDT,0.0,4,2.567466455811312,2.1766963834046716e-13,1.9984014443252818e-15,5.418159250465854e-15
15,75.0,3.0,0,TSDT,0.0,5,4.11505944459081,1.290841233123332e-13,1.9984014443252818e-15,5.418159250465854e-15
15,75.0,3.0,0,TSDT,0.0,6,4.832172261690926,2.7388472670246876e-13,1.9984014443252818e-15,5.418159250465854e-15
15,75.0,3.0,0,TSDT,0.0,7,4.832172261690936,4.90647899545045e-13,1.9984014443252818e-15,5.418159250465854e-15
15,75.0,3.0,0,TSDT,0.0,8,6.042938260562206,3.0294094105467015e-13,1.9984014443252818e-15,5.418159250465854e-15
15,75.0,3.0,0,TSDT,1.0,1,0.0,0.9993071825610038,1.5543122344752192e-15,5.964321296812675e-15
15,75.0,3.0,0,TSDT,1.0,2,2.1381537082372803,5.223792015755114e-13,1.5543122344752192e-15,5.964321296812675e-15
15,75.0,3.0,0,TSDT,1.0,3,2.1381537082374105,5.098483896951799e-13,1.5543122344752192e-15,5.964321296812675e-15
15,75.0,3.0,0,TSDT,1.0,4,2.992917368939373,1.606834087528352e-13,1.5543122344752192e-15,5.964321296812675e-15
15,75.0,3.0,0,TSDT,1.0,5,4.424405959548013,9.338882240521441e-14,1.5543122344752192e-15,5.964321296812675e-15
15,75.0,3.0,0,TSDT,1.0,6,5.633869234475487,4.270365010966539e-13,1.5543122344752192e-15,5.964321296812675e-15
15,75.0,3.0,0,TSDT,1.0,7,5.633869234475551,1.1505560518554212e-13,1.5543122344752192e-15,5.964321296812675e-15
15,75.0,3.0,0,TSDT,1.0,8,6.467343382367316,4.3707551753761224e-14,1.5543122344752192e-15,5.964321296812675e-15
15,75.0,3.0,1,TSDT,0.0,1,0.026684475617856012,7.624574311881648e-11,3.042011087472929e-14,6.453669097113316e-15
15,75.0,3.0,1,TSDT,0.0,2,1.627838031301341,2.384085827766584e-13,3.042011087472929e-14,6.453669097113316e-15
15,75.0,3.0,1,TSDT,0.0,3,1.855754818080147,2.1642839813572037e-13,3.042011087472929e-14,6.453669097113316e-15
15,75.0,3.0,1,TSDT,0.0,4,2.6729425016566255,2.477128075103866e-13,3.042011087472929e-14,6.453669097113316e-15
15,75.0,3.0,1,TSDT,0.0,5,4.240535378554306,1.1475422959118007e-13,3.042011087472929e-14,6.453669097113316e-15
15,75.0,3.0,1,TSDT,0.0,6,4.647795027227793,1.3278922778717959e-13,3.042011087472929e-14,6.453669097113316e-15
15,75.0,3.0,1,TSDT,0.0,7,4.743345513457254,1.2164934682029182e-13,3.042011087472929e-14,6.453669097113316e-15
15,75.0,3.0,1,TSDT,0.0,8,6.224927644141541,7.526260628867371e-14,3.042011087472929e-14,6.453669097113316e-15
15,75.0,3.0,1,TSDT,1.0,1,0.031414120094320874,6.243971325880264e-11,1.099120794378905e-14,4.941137391574466e-15
15,75.0,3.0,1,TSDT,1.0,2,1.89569075319039,1.5315669022903694e-13,1.099120794378905e-14,4.941137391574466e-15
15,75.0,3.0,1,TSDT,1.0,3,2.1718791887717352,1.4447528731594427e-13,1.099120794378905e-14,4.941137391574466e-15
15,75.0,3.0,1,TSDT,1.0,4,3.1213879164114986,1.7377265205221583e-13,1.099120794378905e-14,4.941137391574466e-15
15,75.0,3.0,1,TSDT,1.0,5,4.583307403552043,1.1244252377241624e-13,1.099120794378905e-14,4.941137391574466e-15
15,75.0,3.0,1,TSDT,1.0,6,5.324014001107568,1.0285061753107385e-13,1.099120794378905e-14,4.941137391574466e-15
15,75.0,3.0,1,TSDT,1.0,7,5.502065930486819,9.034907437349944e-14,1.099120794378905e-14,4.941137391574466e-15
15,75.0,3.0,1,TSDT,1.0,8,6.856553259449362,7.67793097298024e-14,1.099120794378905e-14,4.941137391574466e-15
15,75.0,3.0,2,TSDT,0.0,1,0.10940035516525094,9.199530820532836e-12,1.9984014443252818e-15,6.0186026537686346e-15
15,75.0,3.0,2,TSDT,0.0,2,1.242887152455355,3.2723414289248475e-13,1.9984014443252818e-15,6.0186026537686346e-15
15,75.0,3.0,2,TSDT,0.0,3,1.9300432391471005,1.7627953628939774e-13,1.9984014443252818e-15,6.0186026537686346e-15
15,75.0,3.0,2,TSDT,0.0,4,2.816293357012839,1.9769510325542946e-13,1.9984014443252818e-15,6.0186026537686346e-15
15,75.0,3.0,2,TSDT,0.0,5,4.325901749095697,1.195344598239146e-13,1.9984014443252818e-15,6.0186026537686346e-15
15,75.0,3.0,2,TSDT,0.0,6,4.3878412406023966,1.151048717614535e-13,1.9984014443252818e-15,6.0186026537686346e-15
15,75.0,3.0,2,TSDT,0.0,7,4.789263158248638,1.2404534367676488e-13,1.9984014443252818e-15,6.0186026537686346e-15
15,75.0,3.0,2,TSDT,0.0,8,6.616606987584663,8.299296287685316e-14,1.9984014443252818e-15,6.0186026537686346e-15
15,75.0,3.0,2,TSDT,1.0,1,0.12865906897564472,6.960102161183039e-12,2.886579864025407e-15,6.9895262245180846e-15
15,75.0,3.0,2,TSDT,1.0,2,1.4395069343881608,2.2066067607410243e-13,2.886579864025407e-15,6.9895262245180846e-15
15,75.0,3.0,2,TSDT,1.0,3,2.259330490857653,1.492530509852072e-13,2.886579864025407e-15,6.9895262245180846e-15
15,75.0,3.0,2,TSDT,1.0,4,3.290216702587592,1.2748039487278717e-13,2.886579864025407e-15,6.9895262245180846e-15
15,75.0,3.0,2,TSDT,1.0,5,4.848903554351054,8.84719420723482e-14,2.886579864025407e-15,6.9895262245180846e-15
15,75.0,3.0,2,TSDT,1.0,6,4.884720360767048,1.5469178297926465e-13,2.886579864025407e-15,6.9895262245180846e-15
15,75.0,3.0,2,TSDT,1.0,7,5.456608369777762,1.0031126456873091e-13,2.886579864025407e-15,6.9895262245180846e-15
15,75.0,3.0,2,TSDT,1.0,8,7.533720381290065,5.287970056092047e-14,2.886579864025407e-15,6.9895262245180846e-15
15,75.0,3.0,3,TSDT,0.0,1,0.2577491714536337,3.299848912239499e-12,8.881784197001252e-16,6.508295886362346e-15
15,75.0,3.0,3,TSDT,0.0,2,0.8481599840451802,5.165200827897635e-13,8.881784197001252e-16,6.508295886362346e-15
15,75.0,3.0,3,TSDT,0.0,3,2.012262133097984,2.1163628966585053e-13,8.881784197001252e-16,6.508295886362346e-15
15,75.0,3.0,3,TSDT,0.0,4,2.906180104192314,1.6398474228096576e-13,8.881784197001252e-16,6.508295886362346e-15
15,75.0,3.0,3,TSDT,0.0,5,4.071459588002001,1.304723866821452e-13,8.881784197001252e-16,6.508295886362346e-15
15,75.0,3.0,3,TSDT,0.0,6,4.281451380859328,1.0311366312735471e-13,8.881784197001252e-16,6.508295886362346e-15
15,75.0,3.0,3,TSDT,0.0,7,5.287964040405365,9.330383103642835e-14,8.881784197001252e-16,6.508295886362346e-15
15,75.0,3.0,3,TSDT,0.0,8,6.600557001179382,9.201627983928856e-14,8.881784197001252e-16,6.508295886362346e-15
15,75.0,3.0,3,TSDT,1.0,1,0.3026488844347934,1.979545853314416e-12,3.552713678800501e-15,6.674263653112287e-15
15,75.0,3.0,3,TSDT,1.0,2,0.9800843125938866,3.9988620050459053e-13,3.552713678800501e-15,6.674263653112287e-15
15,75.0,3.0,3,TSDT,1.0,3,2.357970131038882,1.4878747607602881e-13,3.552713678800501e-15,6.674263653112287e-15
15,75.0,3.0,3,TSDT,1.0,4,3.4004475420295903,1.1625295001156053e-13,3.552713678800501e-15,6.674263653112287e-15
15,75.0,3.0,3,TSDT,1.0,5,4.561199812788232,9.693409895328256e-14,3.552713678800501e-15,6.674263653112287e-15
15,75.0,3.0,3,TSDT,1.0,6,4.78702732932315,6.440203018543536e-14,3.552713678800501e-15,6.674263653112287e-15
15,75.0,3.0,3,TSDT,1.0,7,5.991692134387557,7.251781793404415e-14,3.552713678800501e-15,6.674263653112287e-15
15,75.0,3.0,3,TSDT,1.0,8,7.590897419220776,1.3951699762248236e-13,3.552713678800501e-15,6.674263653112287e-15
15,75.0,3.0,4,TSDT,0.0,1,0.4418007126674947,1.9147254738705754e-12,2.6645352591003757e-15,6.334952639730752e-15
15,75.0,3.0,4,TSDT,0.0,2,0.5678306020428512,7.054054627805552e-13,2.6645352591003757e-15,6.334952639730752e-15
15,75.0,3.0,4,TSDT,0.0,3,2.0493553509438227,1.6045443621723283e-13,2.6645352591003757e-15,6.334952639730752e-15
15,75.0,3.0,4,TSDT,0.0,4,2.937089249563863,1.6374626392354527e-13,2.6645352591003757e-15,6.334952639730752e-15
15,75.0,3.0,4,TSDT,0.0,5,3.974909120934243,1.2935473338453703e-13,2.6645352591003757e-15,6.334952639730752e-15
15,75.0,3.0,4,TSDT,0.0,6,4.2274495982196525,1.2951552863165714e-13,2.6645352591003757e-15,6.334952639730752e-15
15,75.0,3.0,4,TSDT,0.0,7,5.803490014461339,1.3025888183040816e-13,2.6645352591003757e-15,6.334952639730752e-15
15,75.0,3.0,4,TSDT,0.0,8,6.0807374828145395,1.0311799731519375e-13,2.6645352591003757e-15,6.334952639730752e-15
15,75.0,3.0,4,TSDT,1.0,1,0.5241195437954962,1.3117679166009448e-12,6.8833827526759706e-15,5.974066045363168e-15
15,75.0,3.0,4,TSDT,1.0,2,0.6486317420789381,6.542507511536754e-13,6.8833827526759706e-15,5.974066045363168e-15
15,75.0,3.0,4,TSDT,1.0,3,2.4032633719099423,1.3536590898300628e-13,6.8833827526759706e-15,5.974066045363168e-15
15,75.0,3.0,4,TSDT,1.0,4,3.4412116812136433,1.1425594975101265e-13,6.8833827526759706e-15,5.974066045363168e-15
15,75.0,3.0,4,TSDT,1.0,5,4.4401074307527,1.387226553253263e-13,6.8833827526759706e-15,5.974066045363168e-15
15,75.0,3.0,4,TSDT,1.0,6,4.722803441697038,1.4786623428867976e-13,6.8833827526759706e-15,5.974066045363168e-15
15,75.0,3.0,4,TSDT,1.0,7,6.718018111447908,8.380973870155349e-14,6.8833827526759706e-15,5.974066045363168e-15
15,75.0,3.0,4,TSDT,1.0,8,6.822570093090496,8.993242964033775e-14,6.8833827526759706e-15,5.974066045363168e-15
15,75.0,3.0,5,TSDT,0.0,1,0.5076620072097818,1.990359587133404e-12,1.4210854715202004e-14,7.517747255481185e-15
15,75.0,3.0,5,TSDT,0.0,2,0.5772222242320062,7.965245105303387e-13,1.4210854715202004e-14,7.517747255481185e-15
15,75.0,3.0,5,TSDT,0.0,3,1.8917523728540029,1.9090636887956808e-13,1.4210854715202004e-14,7.517747255481185e-15
15,75.0,3.0,5,TSDT,0.0,4,2.768294506997787,1.9712085919888456e-13,1.4210854715202004e-14,7.517747255481185e-15
15,75.0,3.0,5,TSDT,0.0,5,4.191422715854453,1.2275814644123552e-13,1.4210854715202004e-14,7.517747255481185e-15
15,75.0,3.0,5,TSDT,0.0,6,4.419470204748925,1.0777702781597386e-13,1.4210854715202004e-14,7.517747255481185e-15
15,75.0,3.0,5,TSDT,0.0,7,5.8304460090507595,1.078210979337822e-13,1.4210854715202004e-14,7.517747255481185e-15
15,75.0,3.0,5,TSDT,0.0,8,6.120258322394204,1.1223635478407685e-13,1.4210854715202004e-14,7.517747255481185e-15
15,75.0,3.0,5,TSDT,1.0,1,0.59867942752969,1.1820577833239793e-12,3.3306690738754696e-15,7.474415662512617e-15
15,75.0,3.0,5,TSDT,1.0,2,0.6609601605814706,5.473185488490007e-13,3.3306690738754696e-15,7.474415662512617e-15
15,75.0,3.0,5,TSDT,1.0,3,2.2116732071817533,1.3687874003001402e-13,3.3306690738754696e-15,7.474415662512617e-15
15,75.0,3.0,5,TSDT,1.0,4,3.2039417316842678,1.479698195624979e-13,3.3306690738754696e-15,7.474415662512617e-15
15,75.0,3.0,5,TSDT,1.0,5,4.737355532078081,9.385285310945147e-14,3.3306690738754696e-15,7.474415662512617e-15
15,75.0,3.0,5,TSDT,1.0,6,4.969554528985188,6.548083696776044e-14,3.3306690738754696e-15,7.474415662512617e-15
15,75.0,3.0,5,TSDT,1.0,7,6.754956258745709,7.867019907444468e-14,3.3306690738754696e-15,7.474415662512617e-15
15,75.0,3.0,5,TSDT,1.0,8,6.857953776975596,6.317101600404877e-14,3.3306690738754696e-15,7.474415662512617e-15
15,75.0,3.0,6,TSDT,0.0,1,0.6138852858833622,6.938368857372884e-13,3.3306690738754696e-15,6.4920419658143e-15
15,75.0,3.0,6,TSDT,0.0,2,0.6580359632513931,1.2757945143502707e-12,3.3306690738754696e-15,6.4920419658143e-15
15,75.0,3.0,6,TSDT,0.0,3,1.545244877899017,2.7999328580914103e-13,3.3306690738754696e-15,6.4920419658143e-15
15,75.0,3.0,6,TSDT,0.0,4,2.4648682727055418,2.73326028713682e-13,3.3306690738754696e-15,6.4920419658143e-15
15,75.0,3.0,6,TSDT,0.0,5,4.637354868259551,1.2635664178971368e-13,3.3306690738754696e-15,6.4920419658143e-15
15,75.0,3.0,6,TSDT,0.0,6,4.845113179722198,1.1172213025555478e-13,3.3306690738754696e-15,6.4920419658143e-15
15,75.0,3.0,6,TSDT,0.0,7,5.908846079809616,1.6175405693164187e-13,3.3306690738754696e-15,6.4920419658143e-15
15,75.0,3.0,6,TSDT,0.0,8,6.255334555632302,1.0903808800003121e-13,3.3306690738754696e-15,6.4920419658143e-15
15,75.0,3.0,6,TSDT,1.0,1,0.7079275552871471,6.937371076292117e-13,9.43689570931383e-15,6.1252121055107555e-15
15,75.0,3.0,6,TSDT,1.0,2,0.7720654638001134,7.23952035198205e-13,9.43689570931383e-15,6.1252121055107555e-15
15,75.0,3.0,6,TSDT,1.0,3,1.80177854568362,1.8171353952827994e-13,9.43689570931383e-15,6.1252121055107555e-15
15,75.0,3.0,6,TSDT,1.0,4,2.8128380185421675,1.8655687911504462e-13,9.43689570931383e-15,6.1252121055107555e-15
15,75.0,3.0,6,TSDT,1.0,5,5.309058167659421,8.638065947005845e-14,9.43689570931383e-15,6.1252121055107555e-15
15,75.0,3.0,6,TSDT,1.0,6,5.527927351030621,9.605153123231185e-14,9.43689570931383e-15,6.1252121055107555e-15
15,75.0,3.0,6,TSDT,1.0,7,6.865845739605052,7.173982460373094e-14,9.43689570931383e-15,6.1252121055107555e-15
15,75.0,3.0,6,TSDT,1.0,8,6.968306293901805,6.137481268345241e-14,9.43689570931383e-15,6.1252121055107555e-15
15,75.0,3.0,7,TSDT,0.0,1,0.7041173668092473,5.736137889951099e-13,2.4424906541753444e-15,6.300089847020554e-15
15,75.0,3.0,7,TSDT,0.0,2,0.8126528170200424,7.301223341186621e-13,2.4424906541753444e-15,6.300089847020554e-15
15,75.0,3.0,7,TSDT,0.0,3,1.1785593224045756,3.816228963278555e-13,2.4424906541753444e-15,6.300089847020554e-15
15,75.0,3.0,7,TSDT,0.0,4,2.208098218388991,3.305801385786487e-13,2.4424906541753444e-15,6.300089847020554e-15
15,75.0,3.0,7,TSDT,0.0,5,5.1197985851289545,1.0952195721703624e-13,2.4424906541753444e-15,6.300089847020554e-15
15,75.0,3.0,7,TSDT,0.0,6,5.242827081789274,1.318713554671253e-13,2.4424906541753444e-15,6.300089847020554e-15
15,75.0,3.0,7,TSDT,0.0,7,6.022103525560911,1.2132295949702365e-13,2.4424906541753444e-15,6.300089847020554e-15
15,75.0,3.0,7,TSDT,0.0,8,6.4607514277321325,7.664723128865118e-14,2.4424906541753444e-15,6.300089847020554e-15
15,75.0,3.0,7,TSDT,1.0,1,0.8193179540531361,4.4161711257722147e-13,2.6645352591003757e-15,6.772427229616388e-15
15,75.0,3.0,7,TSDT,1.0,2,0.9553713455834428,5.165906363519635e-13,2.6645352591003757e-15,6.772427229616388e-15
15,75.0,3.0,7,TSDT,1.0,3,1.3758859552439457,2.5267714926521856e-13,2.6645352591003757e-15,6.772427229616388e-15
15,75.0,3.0,7,TSDT,1.0,4,2.491355235529049,2.2258429644414422e-13,2.6645352591003757e-15,6.772427229616388e-15
15,75.0,3.0,7,TSDT,1.0,5,5.931053274210202,9.758417152109743e-14,2.6645352591003757e-15,6.772427229616388e-15
15,75.0,3.0,7,TSDT,1.0,6,6.101906015475859,9.783343133687715e-14,2.6645352591003757e-15,6.772427229616388e-15
15,75.0,3.0,7,TSDT,1.0,7,7.040718834680819,8.263516769981379e-14,2.6645352591003757e-15,6.772427229616388e-15
15,75.0,3.0,7,TSDT,1.0,8,7.188895129836417,6.838704530639257e-14,2.6645352591003757e-15,6.772427229616388e-15
15,75.0,3.0,8,TSDT,0.0,1,0.883023110316134,1.1615542745831342e-12,4.884981308350689e-15,7.36043325040089e-15
15,75.0,3.0,8,TSDT,0.0,2,0.8830234451333684,5.892999754414972e-13,4.884981308350689e-15,7.36043325040089e-15
15,75.0,3.0,8,TSDT,0.0,3,0.8893198373510732,3.9384840810554476e-13,4.884981308350689e-15,7.36043325040089e-15
15,75.0,3.0,8,TSDT,0.0,4,2.1028430715995134,3.277875858518747e-13,4.884981308350689e-15,7.36043325040089e-15
15,75.0,3.0,8,TSDT,0.0,5,5.396299809107858,1.7335556243736504e-13,4.884981308350689e-15,7.36043325040089e-15
15,75.0,3.0,8,TSDT,0.0,6,5.396304609098298,2.0901784139828692e-13,4.884981308350689e-15,7.36043325040089e-15
15,75.0,3.0,8,TSDT,0.0,7,6.092154950583378,8.832814451651067e-13,4.884981308350689e-15,7.36043325040089e-15
15,75.0,3.0,8,TSDT,0.0,8,6.247802574541827,3.218528067162058e-13,4.884981308350689e-15,7.36043325040089e-15
15,75.0,3.0,8,TSDT,1.0,1,1.030582933302044,3.3659028641733644e-13,4.6629367034256575e-15,7.819304541013026e-15
15,75.0,3.0,8,TSDT,1.0,2,1.0411978046834813,6.846004631763261e-13,4.6629367034256575e-15,7.819304541013026e-15
15,75.0,3.0,8,TSDT,1.0,3,1.0412002237538827,5.054701511081868e-13,4.6629367034256575e-15,7.819304541013026e-15
15,75.0,3.0,8,TSDT,1.0,4,2.3591256044617483,3.173133541635703e-13,4.6629367034256575e-15,7.819304541013026e-15
15,75.0,3.0,8,TSDT,1.0,5,6.348437307641985,5.016110426325507e-13,4.6629367034256575e-15,7.819304541013026e-15
15,75.0,3.0,8,TSDT,1.0,6,6.348499499987907,9.279326230601672e-14,4.6629367034256575e-15,7.819304541013026e-15
15,75.0,3.0,8,TSDT,1.0,7,6.905251370769802,1.0131141007814062e-13,4.6629367034256575e-15,7.819304541013026e-15
15,75.0,3.0,8,TSDT,1.0,8,7.168290186824215,1.186297351824215e-13,4.6629367034256575e-15,7.819304541013026e-15
15,75.0,3.0,9,TSDT,0.0,1,0.5370802801349477,1.048276138392061e-12,4.440892098500626e-15,6.305031486403807e-15
15,75.0,3.0,9,TSDT,0.0,2,1.0180487706917691,5.021740598167021e-13,4.440892098500626e-15,6.305031486403807e-15
15,75.0,3.0,9,TSDT,0.0,3,1.1766617695159785,2.936869954448747e-13,4.440892098500626e-15,6.305031486403807e-15
15,75.0,3.0,9,TSDT,0.0,4,2.3111582328544347,3.2268260165352585e-13,4.440892098500626e-15,6.305031486403807e-15
15,75.0,3.0,9,TSDT,0.0,5,4.887120805772117,1.0937075088822002e-13,4.440892098500626e-15,6.305031486403807e-15
15,75.0,3.0,9,TSDT,0.0,6,5.244955966405758,1.37116596420399e-13,4.440892098500626e-15,6.305031486403807e-15
15,75.0,3.0,9,TSDT,0.0,7,5.758904974343158,1.0588178635799593e-13,4.440892098500626e-15,6.305031486403807e-15
15,75.0,3.0,9,TSDT,0.0,8,6.41995668824063,1.183351515592192e-13,4.440892098500626e-15,6.305031486403807e-15
15,75.0,3.0,9,TSDT,1.0,1,0.6272079710315892,6.351218139599092e-13,1.9984014443252818e-15,6.201735786623601e-15
15,75.0,3.0,9,TSDT,1.0,2,1.1896495099596103,3.4199384987055016e-13,1.9984014443252818e-15,6.201735786623601e-15
15,75.0,3.0,9,TSDT,1.0,3,1.3677817000911812,2.17993659038963e-13,1.9984014443252818e-15,6.201735786623601e-15
15,75.0,3.0,9,TSDT,1.0,4,2.6218973324292407,3.4525504443669516e-13,1.9984014443252818e-15,6.201735786623601e-15
15,75.0,3.0,9,TSDT,1.0,5,5.6345243757553325,7.429944544733952e-14,1.9984014443252818e-15,6.201735786623601e-15
15,75.0,3.0,9,TSDT,1.0,6,6.104785697035978,9.309400136179539e-14,1.9984014443252818e-15,6.201735786623601e-15
15,75.0,3.0,9,TSDT,1.0,7,6.534097099628482,8.03616025416855e-14,1.9984014443252818e-15,6.201735786623601e-15
15,75.0,3.0,9,TSDT,1.0,8,7.17677191546673,7.691204947970742e-14,1.9984014443252818e-15,6.201735786623601e-15
15,75.0,3.0,10,TSDT,0.0,1,0.24249940709394222,2.779267827206799e-12,3.774758283725532e-15,7.778666714427903e-15
15,75.0,3.0,10,TSDT,0.0,2,1.3319436898391188,3.752164364671343e-13,3.774758283725532e-15,7.778666714427903e-15
15,75.0,3.0,10,TSDT,0.0,3,1.4031859112551537,2.5865068271802e-13,3.774758283725532e-15,7.778666714427903e-15
15,75.0,3.0,10,TSDT,0.0,4,2.7270860034994278,1.9331734336738414e-13,3.774758283725532e-15,7.778666714427903e-15
15,75.0,3.0,10,TSDT,0.0,5,4.308186293250708,1.2222748008269418e-13,3.774758283725532e-15,7.778666714427903e-15
15,75.0,3.0,10,TSDT,0.0,6,4.934945222862713,1.0430731792592772e-13,3.774758283725532e-15,7.778666714427903e-15
15,75.0,3.0,10,TSDT,0.0,7,5.0887094190577855,1.3855911274837818e-13,3.774758283725532e-15,7.778666714427903e-15
15,75.0,3.0,10,TSDT,0.0,8,6.27030236697623,8.12583294568056e-14,3.774758283725532e-15,7.778666714427903e-15
15,75.0,3.0,10,TSDT,1.0,1,0.2821526827219984,1.82842350532084e-12,2.220446049250313e-15,6.633839980755105e-15
15,75.0,3.0,10,TSDT,1.0,2,1.544323175525659,2.506340602763638e-13,2.220446049250313e-15,6.633839980755105e-15
15,75.0,3.0,10,TSDT,1.0,3,1.6279953850913618,1.834432829656897e-13,2.220446049250313e-15,6.633839980755105e-15
15,75.0,3.0,10,TSDT,1.0,4,3.160512969822856,1.162246288619205e-13,2.220446049250313e-15,6.633839980755105e-15
15,75.0,3.0,10,TSDT,1.0,5,4.899914299866299,6.967103585634186e-14,2.220446049250313e-15,6.633839980755105e-15
15,75.0,3.0,10,TSDT,1.0,6,5.457599907363639,7.381770108007988e-14,2.220446049250313e-15,6.633839980755105e-15
15,75.0,3.0,10,TSDT,1.0,7,5.925030078219855,1.0138460652365362e-13,2.220446049250313e-15,6.633839980755105e-15
15,75.0,3.0,10,TSDT,1.0,8,6.982570467728441,4.9986800390754353e-14,2.220446049250313e-15,6.633839980755105e-15
15,75.0,3.0,11,TSDT,0.0,1,0.060086923320974546,2.1631387025351192e-11,6.994405055138486e-15,6.1654400387576516e-15
15,75.0,3.0,11,TSDT,0.0,2,1.6531389612332288,2.6237430862934114e-13,6.994405055138486e-15,6.1654400387576516e-15
15,75.0,3.0,11,TSDT,0.0,3,1.6672206999901364,2.9650562145922407e-13,6.994405055138486e-15,6.1654400387576516e-15
15,75.0,3.0,11,TSDT,0.0,4,2.7581782313562306,1.9351855705323306e-13,6.994405055138486e-15,6.1654400387576516e-15
15,75.0,3.0,11,TSDT,0.0,5,4.365405200136196,1.1536341094130552e-13,6.994405055138486e-15,6.1654400387576516e-15
15,75.0,3.0,11,TSDT,0.0,6,4.409648092915875,1.6230538431523817e-13,6.994405055138486e-15,6.1654400387576516e-15
15,75.0,3.0,11,TSDT,0.0,7,4.888060555697709,1.2073471767184326e-13,6.994405055138486e-15,6.1654400387576516e-15
15,75.0,3.0,11,TSDT,0.0,8,6.106577400158322,7.633894477290886e-14,6.994405055138486e-15,6.1654400387576516e-15
15,75.0,3.0,11,TSDT,1.0,1,0.06971143824352997,1.4185041466976613e-11,3.774758283725532e-15,5.623664301349447e-15
15,75.0,3.0,11,TSDT,1.0,2,1.926402255713189,1.9158905559466147e-13,3.774758283725532e-15,5.623664301349447e-15
15,75.0,3.0,11,TSDT,1.0,3,1.9400997425351774,2.1770247100386498e-13,3.774758283725532e-15,5.623664301349447e-15
15,75.0,3.0,11,TSDT,1.0,4,3.229528201495695,1.2419285539220427e-13,3.774758283725532e-15,5.623664301349447e-15
15,75.0,3.0,11,TSDT,1.0,5,4.7350807611799315,7.791589333259378e-14,3.774758283725532e-15,5.623664301349447e-15
15,75.0,3.0,11,TSDT,1.0,6,5.01550502369993,1.1251848923362099e-13,3.774758283725532e-15,5.623664301349447e-15
15,75.0,3.0,11,TSDT,1.0,7,5.703648995665161,8.766811850667451e-14,3.774758283725532e-15,5.623664301349447e-15
15,75.0,3.0,11,TSDT,1.0,8,6.752422246325284,6.009535741080992e-14,3.774758283725532e-15,5.623664301349447e-15
15,75.0,4.5,0,FSDT,0.0,1,0.0,0.9991592637580512,2.6645352591003757e-15,6.668113682227659e-15
15,75.0,4.5,0,FSDT,0.0,2,2.6758905320454724,2.9670585201250966e-13,2.6645352591003757e-15,6.668113682227659e-15
15,75.0,4.5,0,FSDT,0.0,3,2.675890532045731,3.5163384615369243e-13,2.6645352591003757e-15,6.668113682227659e-15
15,75.0,4.5,0,FSDT,0.0,4,3.731883876758507,1.88503411184779e-13,2.6645352591003757e-15,6.668113682227659e-15
15,75.0,4.5,0,FSDT,0.0,5,5.9344771934182745,1.3380554420489053e-13,2.6645352591003757e-15,6.668113682227659e-15
15,75.0,4.5,0,FSDT,0.0,6,6.892708650797148,1.4931402476760513e-13,2.6645352591003757e-15,6.668113682227659e-15
15,75.0,4.5,0,FSDT,0.0,7,6.892708650797177,3.7565490661049795e-13,2.6645352591003757e-15,6.668113682227659e-15
15,75.0,4.5,0,FSDT,0.0,8,8.536592742082702,1.4430816260230616e-13,2.6645352591003757e-15,6.668113682227659e-15
15,75.0,4.5,0,FSDT,1.0,1,0.0,0.9999999999999906,1.7763568394002505e-15,4.947529563577457e-15
15,75.0,4.5,0,FSDT,1.0,2,2.8838026334050526,1.7108403720413174e-13,1.7763568394002505e-15,4.947529563577457e-15
15,75.0,4.5,0,FSDT,1.0,3,2.88380263340508,1.9580133443484617e-13,1.7763568394002505e-15,4.947529563577457e-15
15,75.0,4.5,0,FSDT,1.0,4,4.011123642673779,1.3290247171297742e-13,1.7763568394002505e-15,4.947529563577457e-15
15,75.0,4.5,0,FSDT,1.0,5,6.15933165400839,8.890848972730648e-14,1.7763568394002505e-15,4.947529563577457e-15
15,75.0,4.5,0,FSDT,1.0,6,7.4032727182598315,1.2901100783430225e-13,1.7763568394002505e-15,4.947529563577457e-15
15,75.0,4.5,0,FSDT,1.0,7,7.403272718259895,7.05030753491702e-14,1.7763568394002505e-15,4.947529563577457e-15
15,75.0,4.5,0,FSDT,1.0,8,9.073583886280986,9.333131208949616e-14,1.7763568394002505e-15,4.947529563577457e-15
15,75.0,4.5,1,FSDT,0.0,1,0.03990465620823746,5.2512598921823815e-11,2.220446049250313e-15,4.53237303178471e-15
15,75.0,4.5,1,FSDT,0.0,2,2.3857116077995952,1.8749231448974112e-13,2.220446049250313e-15,4.53237303178471e-15
15,75.0,4.5,1,FSDT,0.0,3,2.7182418295553425,1.212782177385129e-13,2.220446049250313e-15,4.53237303178471e-15
15,75.0,4.5,1,FSDT,0.0,4,3.885263094050431,1.4197592087801218e-13,2.220446049250313e-15,4.53237303178471e-15
15,75.0,4.5,1,FSDT,0.0,5,6.110878376834807,9.711989507993061e-14,2.220446049250313e-15,4.53237303178471e-15
15,75.0,4.5,1,FSDT,0.0,6,6.654263068565226,9.865920100643721e-14,2.220446049250313e-15,4.53237303178471e-15
15,75.0,4.5,1,FSDT,0.0,7,6.766627130005534,1.4216717580507042e-13,2.220446049250313e-15,4.53237303178471e-15
15,75.0,4.5,1,FSDT,0.0,8,8.785539467503142,7.63833913056049e-14,2.220446049250313e-15,4.53237303178471e-15
15,75.0,4.5,1,FSDT,1.0,1,0.04321634577258074,4.987726087459917e-11,7.771561172376096e-15,4.640183434709139e-15
15,75.0,4.5,1,FSDT,1.0,2,2.5654174918708987,1.4432007036152148e-13,7.771561172376096e-15,4.640183434709139e-15
15,75.0,4.5,1,FSDT,1.0,3,2.929209823966585,1.0310511764567742e-13,7.771561172376096e-15,4.640183434709139e-15
15,75.0,4.5,1,FSDT,1.0,4,4.179811749637591,1.139697134135867e-13,7.771561172376096e-15,4.640183434709139e-15
15,75.0,4.5,1,FSDT,1.0,5,6.356595277618651,8.228498584649051e-14,7.771561172376096e-15,4.640183434709139e-15
15,75.0,4.5,1,FSDT,1.0,6,7.1067135294275365,7.915518928079711e-14,7.771561172376096e-15,4.640183434709139e-15
15,75.0,4.5,1,FSDT,1.0,7,7.252377574994411,1.0500887247517785e-13,7.771561172376096e-15,4.640183434709139e-15
15,75.0,4.5,1,FSDT,1.0,8,9.35930912294459,6.33273465203236e-14,7.771561172376096e-15,4.640183434709139e-15
15,75.0,4.5,2,FSDT,0.0,1,0.1634183376810576,6.8892612929619556e-12,1.5543122344752192e-15,5.3731298302049104e-15
15,75.0,4.5,2,FSDT,0.0,2,1.8251728863235062,2.817803173064878e-13,1.5543122344752192e-15,5.3731298302049104e-15
15,75.0,4.5,2,FSDT,0.0,3,2.826859668202249,1.6245591549599682e-13,1.5543122344752192e-15,5.3731298302049104e-15
15,75.0,4.5,2,FSDT,0.0,4,4.0910083125258465,1.4766670096491747e-13,1.5543122344752192e-15,5.3731298302049104e-15
15,75.0,4.5,2,FSDT,0.0,5,6.22016744152364,1.0672961671465754e-13,1.5543122344752192e-15,5.3731298302049104e-15
15,75.0,4.5,2,FSDT,0.0,6,6.300868412742387,9.824880964974317e-14,1.5543122344752192e-15,5.3731298302049104e-15
15,75.0,4.5,2,FSDT,0.0,7,6.844770199286149,1.0283295554907519e-13,1.5543122344752192e-15,5.3731298302049104e-15
15,75.0,4.5,2,FSDT,0.0,8,9.313313204204384,6.696428454811829e-14,1.5543122344752192e-15,5.3731298302049104e-15
15,75.0,4.5,2,FSDT,1.0,1,0.17687546077771304,6.241611593189116e-12,1.3322676295501878e-15,5.326037801447654e-15
15,75.0,4.5,2,FSDT,1.0,2,1.9581884434678303,2.2382665073172206e-13,1.3322676295501878e-15,5.326037801447654e-15
15,75.0,4.5,2,FSDT,1.0,3,3.0461790099128505,1.1265527700218793e-13,1.3322676295501878e-15,5.326037801447654e-15
15,75.0,4.5,2,FSDT,1.0,4,4.402818747377362,1.5697042547891764e-13,1.3322676295501878e-15,5.326037801447654e-15
15,75.0,4.5,2,FSDT,1.0,5,6.6033558288181755,7.608694191572334e-14,1.3322676295501878e-15,5.326037801447654e-15
15,75.0,4.5,2,FSDT,1.0,6,6.627548404941149,8.499824627869219e-14,1.3322676295501878e-15,5.326037801447654e-15
15,75.0,4.5,2,FSDT,1.0,7,7.269108790108804,1.0423006340790766e-13,1.3322676295501878e-15,5.326037801447654e-15
15,75.0,4.5,2,FSDT,1.0,8,9.957531546742564,5.801444521270166e-14,1.3322676295501878e-15,5.326037801447654e-15
15,75.0,4.5,3,FSDT,0.0,1,0.3842150130773257,2.1961408235763422e-12,2.220446049250313e-15,5.7179501351715044e-15
15,75.0,4.5,3,FSDT,0.0,2,1.2491454724219588,4.3549954046389673e-13,2.220446049250313e-15,5.7179501351715044e-15
15,75.0,4.5,3,FSDT,0.0,3,2.9470150095107113,1.6347898135943724e-13,2.220446049250313e-15,5.7179501351715044e-15
15,75.0,4.5,3,FSDT,0.0,4,4.2177849967634895,1.3524338584769885e-13,2.220446049250313e-15,5.7179501351715044e-15
15,75.0,4.5,3,FSDT,0.0,5,5.86879469907806,1.0579999654915603e-13,2.220446049250313e-15,5.7179501351715044e-15
15,75.0,4.5,3,FSDT,0.0,6,6.141113318874698,9.443413875677924e-14,2.220446049250313e-15,5.7179501351715044e-15
15,75.0,4.5,3,FSDT,0.0,7,7.543075856898452,8.566179213673653e-14,2.220446049250313e-15,5.7179501351715044e-15
15,75.0,4.5,3,FSDT,0.0,8,9.35472638117687,1.1773629508545595e-13,2.220446049250313e-15,5.7179501351715044e-15
15,75.0,4.5,3,FSDT,1.0,1,0.4154664619989695,1.941834251098803e-12,2.220446049250313e-15,5.248812848116368e-15
15,75.0,4.5,3,FSDT,1.0,2,1.339136860922891,3.4200632539542073e-13,2.220446049250313e-15,5.248812848116368e-15
15,75.0,4.5,3,FSDT,1.0,3,3.176587786342331,1.3077523498888413e-13,2.220446049250313e-15,5.248812848116368e-15
15,75.0,4.5,3,FSDT,1.0,4,4.542521693219243,1.0530720879730642e-13,2.220446049250313e-15,5.248812848116368e-15
15,75.0,4.5,3,FSDT,1.0,5,6.208629895733419,8.616297667747625e-14,2.220446049250313e-15,5.248812848116368e-15
15,75.0,4.5,3,FSDT,1.0,6,6.483046373319329,9.563059914034529e-14,2.220446049250313e-15,5.248812848116368e-15
15,75.0,4.5,3,FSDT,1.0,7,8.006890063953524,7.658886470183831e-14,2.220446049250313e-15,5.248812848116368e-15
15,75.0,4.5,3,FSDT,1.0,8,9.98867450660201,7.036319499254257e-14,2.220446049250313e-15,5.248812848116368e-15
15,75.0,4.5,4,FSDT,0.0,1,0.6595361186751469,1.3600362321955708e-12,3.774758283725532e-15,5.523968794909928e-15
15,75.0,4.5,4,FSDT,0.0,2,0.8353246098282969,5.200230548813959e-13,3.774758283725532e-15,5.523968794909928e-15
15,75.0,4.5,4,FSDT,0.0,3,3.001211793477149,1.0855408086199485e-13,3.774758283725532e-15,5.523968794909928e-15
15,75.0,4.5,4,FSDT,0.0,4,4.2608290180216635,1.2781462006405287e-13,3.774758283725532e-15,5.523968794909928e-15
15,75.0,4.5,4,FSDT,0.0,5,5.73423571481154,1.203036542398148e-13,3.774758283725532e-15,5.523968794909928e-15
15,75.0,4.5,4,FSDT,0.0,6,6.06497059052479,1.4250170201848475e-13,3.774758283725532e-15,5.523968794909928e-15
15,75.0,4.5,4,FSDT,0.0,7,8.205172633834193,9.218088856801255e-14,3.774758283725532e-15,5.523968794909928e-15
15,75.0,4.5,4,FSDT,0.0,8,8.71942907590345,6.10214030944605e-14,3.774758283725532e-15,5.523968794909928e-15
15,75.0,4.5,4,FSDT,1.0,1,0.7168791790649827,1.0831213933124333e-12,3.1086244689504383e-15,5.434837953408981e-15
15,75.0,4.5,4,FSDT,1.0,2,0.8903887266486422,4.4892690884455627e-13,3.1086244689504383e-15,5.434837953408981e-15
15,75.0,4.5,4,FSDT,1.0,3,3.2358328351203482,1.3058646685835631e-13,3.1086244689504383e-15,5.434837953408981e-15
15,75.0,4.5,4,FSDT,1.0,4,4.591472183109682,1.3351294757973013e-13,3.1086244689504383e-15,5.434837953408981e-15
15,75.0,4.5,4,FSDT,1.0,5,6.058606946891735,8.939085109373894e-14,3.1086244689504383e-15,5.434837953408981e-15
15,75.0,4.5,4,FSDT,1.0,6,6.398452904805104,8.29926918590318e-14,3.1086244689504383e-15,5.434837953408981e-15
15,75.0,4.5,4,FSDT,1.0,7,8.782882858046971,6.401611977655411e-14,3.1086244689504383e-15,5.434837953408981e-15
15,75.0,4.5,4,FSDT,1.0,8,9.22474144773124,5.775693984907246e-14,3.1086244689504383e-15,5.434837953408981e-15
15,75.0,4.5,5,FSDT,0.0,1,0.7560581831370103,1.1324078636266432e-12,3.1086244689504383e-15,6.3412365320844524e-15
15,75.0,4.5,5,FSDT,0.0,2,0.8495706317480843,5.166037755603113e-13,3.1086244689504383e-15,6.3412365320844524e-15
15,75.0,4.5,5,FSDT,0.0,3,2.7724040174453433,1.386035017524985e-13,3.1086244689504383e-15,6.3412365320844524e-15
15,75.0,4.5,5,FSDT,0.0,4,4.018941072022407,1.4216432199598589e-13,3.1086244689504383e-15,6.3412365320844524e-15
15,75.0,4.5,5,FSDT,0.0,5,6.039433514648355,1.0020338389900791e-13,3.1086244689504383e-15,6.3412365320844524e-15
15,75.0,4.5,5,FSDT,0.0,6,6.334128938636521,1.0230335396123653e-13,3.1086244689504383e-15,6.3412365320844524e-15
15,75.0,4.5,5,FSDT,0.0,7,8.242821272937444,7.30298617220437e-14,3.1086244689504383e-15,6.3412365320844524e-15
15,75.0,4.5,5,FSDT,0.0,8,8.774341985705638,6.567434095497309e-14,3.1086244689504383e-15,6.3412365320844524e-15
15,75.0,4.5,5,FSDT,1.0,1,0.8193673921692821,9.629123747545466e-13,1.021405182655144e-14,5.196756290225814e-15
15,75.0,4.5,5,FSDT,1.0,2,0.9066221682155491,4.19524066174783e-13,1.021405182655144e-14,5.196756290225814e-15
15,75.0,4.5,5,FSDT,1.0,3,2.985416163400855,1.3484025165629175e-13,1.021405182655144e-14,5.196756290225814e-15
15,75.0,4.5,5,FSDT,1.0,4,4.3093418647942965,1.1521149982546393e-13,1.021405182655144e-14,5.196756290225814e-15
15,75.0,4.5,5,FSDT,1.0,5,6.411207438031057,1.0573704356815684e-13,1.021405182655144e-14,5.196756290225814e-15
15,75.0,4.5,5,FSDT,1.0,6,6.701619458873424,6.50226711719801e-14,1.021405182655144e-14,5.196756290225814e-15
15,75.0,4.5,5,FSDT,1.0,7,8.826898678178068,8.417004674109656e-14,1.021405182655144e-14,5.196756290225814e-15
15,75.0,4.5,5,FSDT,1.0,8,9.278303402202905,5.571233904864388e-14,1.021405182655144e-14,5.196756290225814e-15
15,75.0,4.5,6,FSDT,0.0,1,0.9048975744258597,5.587485703400532e-13,7.882583474838611e-15,5.929029697728168e-15
15,75.0,4.5,6,FSDT,0.0,2,0.9770242789829928,6.314553330309088e-13,7.882583474838611e-15,5.929029697728168e-15
15,75.0,4.5,6,FSDT,0.0,3,2.2693682441547955,1.6559791449156988e-13,7.882583474838611e-15,5.929029697728168e-15
15,75.0,4.5,6,FSDT,0.0,4,3.5827979789057967,2.1889349065347723e-13,7.882583474838611e-15,5.929029697728168e-15
15,75.0,4.5,6,FSDT,0.0,5,6.663456783619638,1.0397482762213677e-13,7.882583474838611e-15,5.929029697728168e-15
15,75.0,4.5,6,FSDT,0.0,6,6.925350545953001,8.464945032849215e-14,7.882583474838611e-15,5.929029697728168e-15
15,75.0,4.5,6,FSDT,0.0,7,8.35276022140848,9.41896496137768e-14,7.882583474838611e-15,5.929029697728168e-15
15,75.0,4.5,6,FSDT,0.0,8,8.961604565942029,7.477093306470456e-14,7.882583474838611e-15,5.929029697728168e-15
15,75.0,4.5,6,FSDT,1.0,1,0.9689335920755646,5.443263067813817e-13,5.10702591327572e-15,5.31561936472563e-15
15,75.0,4.5,6,FSDT,1.0,2,1.0560526273809905,6.869762228346356e-13,5.10702591327572e-15,5.31561936472563e-15
15,75.0,4.5,6,FSDT,1.0,3,2.4414483410450787,2.0267933069396546e-13,5.10702591327572e-15,5.31561936472563e-15
15,75.0,4.5,6,FSDT,1.0,4,3.8181168358136874,1.9203802226465316e-13,5.10702591327572e-15,5.31561936472563e-15
15,75.0,4.5,6,FSDT,1.0,5,7.112240242139883,8.465254043988427e-14,5.10702591327572e-15,5.31561936472563e-15
15,75.0,4.5,6,FSDT,1.0,6,7.373489283126567,7.50349275330526e-14,5.10702591327572e-15,5.31561936472563e-15
15,75.0,4.5,6,FSDT,1.0,7,8.957673412534712,7.436095194655595e-14,5.10702591327572e-15,5.31561936472563e-15
15,75.0,4.5,6,FSDT,1.0,8,9.457889685646244,6.681943634917336e-14,5.10702591327572e-15,5.31561936472563e-15
15,75.0,4.5,7,FSDT,0.0,1,1.0397452796673643,4.756541603911216e-13,1.9984014443252818e-15,5.27611796642452e-15
15,75.0,4.5,7,FSDT,0.0,2,1.2048755889362002,4.2967546964607087e-13,1.9984014443252818e-15,5.27611796642452e-15
15,75.0,4.5,7,FSDT,0.0,3,1.735956547743124,2.468160191550617e-13,1.9984014443252818e-15,5.27611796642452e-15
15,75.0,4.5,7,FSDT,0.0,4,3.2118929417555804,2.446043859464955e-13,1.9984014443252818e-15,5.27611796642452e-15
15,75.0,4.5,7,FSDT,0.0,5,7.324656853422757,8.847960870004487e-14,1.9984014443252818e-15,5.27611796642452e-15
15,75.0,4.5,7,FSDT,0.0,6,7.4723471194775986,8.975285218131558e-14,1.9984014443252818e-15,5.27611796642452e-15
15,75.0,4.5,7,FSDT,0.0,7,8.514270169715157,9.084038941638833e-14,1.9984014443252818e-15,5.27611796642452e-15
15,75.0,4.5,7,FSDT,0.0,8,9.268763066144526,6.829390226606748e-14,1.9984014443252818e-15,5.27611796642452e-15
15,75.0,4.5,7,FSDT,1.0,1,1.1180906911082165,3.6437418237417277e-13,2.220446049250313e-15,4.648922537271614e-15
15,75.0,4.5,7,FSDT,1.0,2,1.3033351967207178,4.024953211133716e-13,2.220446049250313e-15,4.648922537271614e-15
15,75.0,4.5,7,FSDT,1.0,3,1.869241671116745,1.8985871016769116e-13,2.220446049250313e-15,4.648922537271614e-15
15,75.0,4.5,7,FSDT,1.0,4,3.4053608644092126,2.323688463385578e-13,2.220446049250313e-15,4.648922537271614e-15
15,75.0,4.5,7,FSDT,1.0,5,7.855028625994527,9.418835468648373e-14,2.220446049250313e-15,4.648922537271614e-15
15,75.0,4.5,7,FSDT,1.0,6,8.017241228264975,8.161012087994173e-14,2.220446049250313e-15,4.648922537271614e-15
15,75.0,4.5,7,FSDT,1.0,7,9.159404141905974,8.387365048851255e-14,2.220446049250313e-15,4.648922537271614e-15
15,75.0,4.5,7,FSDT,1.0,8,9.786089137196932,5.758081925094465e-14,2.220446049250313e-15,4.648922537271614e-15
15,75.0,4.5,8,FSDT,0.0,1,1.3081099287789257,3.363629881538001e-13,2.6645352591003757e-15,6.28765891063505e-15
15,75.0,4.5,8,FSDT,0.0,2,1.3088577931761323,4.423366883229033e-13,2.6645352591003757e-15,6.28765891063505e-15
15,75.0,4.5,8,FSDT,0.0,3,1.3088586073566502,4.184231856664416e-13,2.6645352591003757e-15,6.28765891063505e-15
15,75.0,4.5,8,FSDT,0.0,4,3.059142551873333,4.613520778904197e-13,2.6645352591003757e-15,6.28765891063505e-15
15,75.0,4.5,8,FSDT,0.0,5,7.68332175241251,6.263217577540455e-14,2.6645352591003757e-15,6.28765891063505e-15
15,75.0,4.5,8,FSDT,0.0,6,7.68332189156284,8.543904680133198e-14,2.6645352591003757e-15,6.28765891063505e-15
15,75.0,4.5,8,FSDT,0.0,7,8.618500496764803,1.18280013130986e-13,2.6645352591003757e-15,6.28765891063505e-15
15,75.0,4.5,8,FSDT,0.0,8,9.02742911574351,8.739544311469943e-14,2.6645352591003757e-15,6.28765891063505e-15
15,75.0,4.5,8,FSDT,1.0,1,1.4024922057250284,2.6890459127106185e-13,2.9976021664879227e-15,4.729022965761786e-15
15,75.0,4.5,8,FSDT,1.0,2,1.4176930278283082,4.198813845387795e-13,2.9976021664879227e-15,4.729022965761786e-15
15,75.0,4.5,8,FSDT,1.0,3,1.4176932144032846,4.206004561858353e-13,2.9976021664879227e-15,4.729022965761786e-15
15,75.0,4.5,8,FSDT,1.0,4,3.2350244334631517,2.312212136954451e-13,2.9976021664879227e-15,4.729022965761786e-15
15,75.0,4.5,8,FSDT,1.0,5,8.273706548833964,2.0715542981059043e-13,2.9976021664879227e-15,4.729022965761786e-15
15,75.0,4.5,8,FSDT,1.0,6,8.27375914810105,1.005887087788278e-13,2.9976021664879227e-15,4.729022965761786e-15
15,75.0,4.5,8,FSDT,1.0,7,9.301300878233931,1.921895676894177e-13,2.9976021664879227e-15,4.729022965761786e-15
15,75.0,4.5,8,FSDT,1.0,8,9.491447582957143,6.414608719838482e-14,2.9976021664879227e-15,4.729022965761786e-15
15,75.0,4.5,9,FSDT,0.0,1,0.7956043020436232,7.543621363417932e-13,2.4424906541753444e-15,6.082895228893193e-15
15,75.0,4.5,9,FSDT,0.0,2,1.5042741987332204,4.488514150009498e-13,2.4424906541753444e-15,6.082895228893193e-15
15,75.0,4.5,9,FSDT,0.0,3,1.7305868290961213,2.3802166869114354e-13,2.4424906541753444e-15,6.082895228893193e-15
15,75.0,4.5,9,FSDT,0.0,4,3.3614478492882394,2.0883854412912694e-13,2.4424906541753444e-15,6.082895228893193e-15
15,75.0,4.5,9,FSDT,0.0,5,7.003026322188629,7.30589361833167e-14,2.4424906541753444e-15,6.082895228893193e-15
15,75.0,4.5,9,FSDT,0.0,6,7.476660617613654,1.1196072788011675e-13,2.4424906541753444e-15,6.082895228893193e-15
15,75.0,4.5,9,FSDT,0.0,7,8.181429534045916,1.2719610657271462e-13,2.4424906541753444e-15,6.082895228893193e-15
15,75.0,4.5,9,FSDT,0.0,8,9.167804393290632,1.1285647626948029e-13,2.4424906541753444e-15,6.082895228893193e-15
15,75.0,4.5,9,FSDT,1.0,1,0.8575045540656855,6.2491817040519e-13,1.5543122344752192e-15,5.240131191698961e-15
15,75.0,4.5,9,FSDT,1.0,2,1.6221031497372291,2.904044522782458e-13,1.5543122344752192e-15,5.240131191698961e-15
15,75.0,4.5,9,FSDT,1.0,3,1.8591184084061552,2.0586571069535134e-13,1.5543122344752192e-15,5.240131191698961e-15
15,75.0,4.5,9,FSDT,1.0,4,3.572622065639328,2.0360391979650482e-13,1.5543122344752192e-15,5.240131191698961e-15
15,75.0,4.5,9,FSDT,1.0,5,7.4919372869657375,9.622007706945669e-14,1.5543122344752192e-15,5.240131191698961e-15
15,75.0,4.5,9,FSDT,1.0,6,8.029916028784177,9.203637334358967e-14,1.5543122344752192e-15,5.240131191698961e-15
15,75.0,4.5,9,FSDT,1.0,7,8.710246078046433,1.1382201668912163e-13,1.5543122344752192e-15,5.240131191698961e-15
15,75.0,4.5,9,FSDT,1.0,8,9.676003180248138,5.35530198130482e-14,1.5543122344752192e-15,5.240131191698961e-15
15,75.0,4.5,10,FSDT,0.0,1,0.35996779106631266,2.033688909526261e-12,2.886579864025407e-15,4.986368964305209e-15
15,75.0,4.5,10,FSDT,0.0,2,1.9592329278754785,2.4818271172764233e-13,2.886579864025407e-15,4.986368964305209e-15
15,75.0,4.5,10,FSDT,0.0,3,2.0578345304717485,1.9519622426751764e-13,2.886579864025407e-15,4.986368964305209e-15
15,75.0,4.5,10,FSDT,0.0,4,3.963254933042857,1.7421867261147429e-13,2.886579864025407e-15,4.986368964305209e-15
15,75.0,4.5,10,FSDT,0.0,5,6.191372035429128,8.929939806115813e-14,2.886579864025407e-15,4.986368964305209e-15
15,75.0,4.5,10,FSDT,0.0,6,7.071885070759312,8.66788330669314e-14,2.886579864025407e-15,4.986368964305209e-15
15,75.0,4.5,10,FSDT,0.0,7,7.2549555623432385,2.1933060349052086e-13,2.886579864025407e-15,4.986368964305209e-15
15,75.0,4.5,10,FSDT,0.0,8,8.927683774892444,5.747898444929451e-14,2.886579864025407e-15,4.986368964305209e-15
15,75.0,4.5,10,FSDT,1.0,1,0.38747019821487966,1.803150197592446e-12,1.9984014443252818e-15,4.709965380460702e-15
15,75.0,4.5,10,FSDT,1.0,2,2.1040796227062883,2.3289967971712504e-13,1.9984014443252818e-15,4.709965380460702e-15
15,75.0,4.5,10,FSDT,1.0,3,2.2082592893812603,1.7059222241055076e-13,1.9984014443252818e-15,4.709965380460702e-15
15,75.0,4.5,10,FSDT,1.0,4,4.251556092653373,1.0567749766560867e-13,1.9984014443252818e-15,4.709965380460702e-15
15,75.0,4.5,10,FSDT,1.0,5,6.586038158182408,1.0107061312165716e-13,1.9984014443252818e-15,4.709965380460702e-15
15,75.0,4.5,10,FSDT,1.0,6,7.443983944832511,6.299409078878304e-14,1.9984014443252818e-15,4.709965380460702e-15
15,75.0,4.5,10,FSDT,1.0,7,7.778641224662715,8.426479198835666e-14,1.9984014443252818e-15,4.709965380460702e-15
15,75.0,4.5,10,FSDT,1.0,8,9.415644105606486,4.3155921141079504e-14,1.9984014443252818e-15,4.709965380460702e-15
15,75.0,4.5,11,FSDT,0.0,1,0.08927997540218786,1.502325753808178e-11,1.5543122344752192e-15,4.3332028279297755e-15
15,75.0,4.5,11,FSDT,0.0,2,2.421363096550166,1.876973655193594e-13,1.5543122344752192e-15,4.3332028279297755e-15
15,75.0,4.5,11,FSDT,0.0,3,2.444985508292406,1.8537671163757072e-13,1.5543122344752192e-15,4.3332028279297755e-15
15,75.0,4.5,11,FSDT,0.0,4,4.009379413738196,1.365361374686014e-13,1.5543122344752192e-15,4.3332028279297755e-15
15,75.0,4.5,11,FSDT,0.0,5,6.2854390974450585,8.609979881283253e-14,1.5543122344752192e-15,4.3332028279297755e-15
15,75.0,4.5,11,FSDT,0.0,6,6.321094858557789,1.2934154882367025e-13,1.5543122344752192e-15,4.3332028279297755e-15
15,75.0,4.5,11,FSDT,0.0,7,6.970873515161708,8.798088652160573e-14,1.5543122344752192e-15,4.3332028279297755e-15
15,75.0,4.5,11,FSDT,0.0,8,8.697141123791383,7.346129081804403e-14,1.5543122344752192e-15,4.3332028279297755e-15
15,75.0,4.5,11,FSDT,1.0,1,0.09599081052147761,1.3050973325467362e-11,1.9984014443252818e-15,4.610905384997872e-15
15,75.0,4.5,11,FSDT,1.0,2,2.6037997325731523,1.6568767849621103e-13,1.9984014443252818e-15,4.610905384997872e-15
15,75.0,4.5,11,FSDT,1.0,3,2.6288794862092777,1.3489670471582412e-13,1.9984014443252818e-15,4.610905384997872e-15
15,75.0,4.5,11,FSDT,1.0,4,4.318539457833944,1.41289797925507e-13,1.9984014443252818e-15,4.610905384997872e-15
15,75.0,4.5,11,FSDT,1.0,5,6.548627068114733,7.875420155115205e-14,1.9984014443252818e-15,4.610905384997872e-15
15,75.0,4.5,11,FSDT,1.0,6,6.727396747444235,7.991820134576405e-14,1.9984014443252818e-15,4.610905384997872e-15
15,75.0,4.5,11,FSDT,1.0,7,7.4901970802541085,8.688518601351067e-14,1.9984014443252818e-15,4.610905384997872e-15
15,75.0,4.5,11,FSDT,1.0,8,9.166888602335064,6.889033873559847e-14,1.9984014443252818e-15,4.610905384997872e-15
15,75.0,4.5,0,TSDT,0.0,1,0.0,0.9991614788667006,2.6645352591003757e-15,5.969198292512051e-15
15,75.0,4.5,0,TSDT,0.0,2,2.676585230237971,6.444732485981454e-13,2.6645352591003757e-15,5.969198292512051e-15
15,75.0,4.5,0,TSDT,0.0,3,2.676585230238003,7.224729679654143e-13,2.6645352591003757e-15,5.969198292512051e-15
15,75.0,4.5,0,TSDT,0.0,4,3.7338582459765237,1.0933978106219066e-13,2.6645352591003757e-15,5.969198292512051e-15
15,75.0,4.5,0,TSDT,0.0,5,5.939761775048263,1.2547935171939188e-13,2.6645352591003757e-15,5.969198292512051e-15
15,75.0,4.5,0,TSDT,0.0,6,6.898778609860846,1.1427364367471244e-13,2.6645352591003757e-15,5.969198292512051e-15
15,75.0,4.5,0,TSDT,0.0,7,6.8987786098608606,2.2084920245841484e-13,2.6645352591003757e-15,5.969198292512051e-15
15,75.0,4.5,0,TSDT,0.0,8,8.547736152413151,1.69311913296922e-13,2.6645352591003757e-15,5.969198292512051e-15
15,75.0,4.5,0,TSDT,1.0,1,0.0,0.9999999999999896,1.5543122344752192e-15,6.2454053393691494e-15
15,75.0,4.5,0,TSDT,1.0,2,2.896189394986363,3.2408026726020563e-13,1.5543122344752192e-15,6.2454053393691494e-15
15,75.0,4.5,0,TSDT,1.0,3,2.8961893949864463,4.3224229093569477e-13,1.5543122344752192e-15,6.2454053393691494e-15
15,75.0,4.5,0,TSDT,1.0,4,4.038024070642995,8.525294442091032e-14,1.5543122344752192e-15,6.2454053393691494e-15
15,75.0,4.5,0,TSDT,1.0,5,6.197889372350497,5.5480354533404836e-14,1.5543122344752192e-15,6.2454053393691494e-15
15,75.0,4.5,0,TSDT,1.0,6,7.476684365688916,1.0169608798090301e-13,1.5543122344752192e-15,6.2454053393691494e-15
15,75.0,4.5,0,TSDT,1.0,7,7.476684365689023,4.586153873622658e-13,1.5543122344752192e-15,6.2454053393691494e-15
15,75.0,4.5,0,TSDT,1.0,8,9.11746981153128,3.486517724170912e-14,1.5543122344752192e-15,6.2454053393691494e-15
15,75.0,4.5,1,TSDT,0.0,1,0.039906491909330655,4.079038233793384e-11,2.220446049250313e-15,6.070381211854812e-15
15,75.0,4.5,1,TSDT,0.0,2,2.3864068855624017,1.2150524702365748e-13,2.220446049250313e-15,6.070381211854812e-15
15,75.0,4.5,1,TSDT,0.0,3,2.718928328642608,1.1690871047367076e-13,2.220446049250313e-15,6.070381211854812e-15
15,75.0,4.5,1,TSDT,0.0,4,3.887188430752263,1.1189047505354802e-13,2.220446049250313e-15,6.070381211854812e-15
15,75.0,4.5,1,TSDT,0.0,5,6.116262415122337,7.501225133220933e-14,2.220446049250313e-15,6.070381211854812e-15
15,75.0,4.5,1,TSDT,0.0,6,6.659801611002322,7.388458574253414e-14,2.220446049250313e-15,6.070381211854812e-15
15,75.0,4.5,1,TSDT,0.0,7,6.772923685818828,8.531173472119105e-14,2.220446049250313e-15,6.070381211854812e-15
15,75.0,4.5,1,TSDT,0.0,8,8.796715995568444,5.694940544342673e-14,2.220446049250313e-15,6.070381211854812e-15
15,75.0,4.5,1,TSDT,1.0,1,0.04323797702164655,2.5853360137321705e-11,9.547918011776346e-15,6.3259778818762046e-15
15,75.0,4.5,1,TSDT,1.0,2,2.5764199032304433,1.1317906355141164e-13,9.547918011776346e-15,6.3259778818762046e-15
15,75.0,4.5,1,TSDT,1.0,3,2.941865548052655,8.050327723449541e-14,9.547918011776346e-15,6.3259778818762046e-15
15,75.0,4.5,1,TSDT,1.0,4,4.207190521218195,7.60853677889991e-14,9.547918011776346e-15,6.3259778818762046e-15
15,75.0,4.5,1,TSDT,1.0,5,6.397702781975779,5.082223106686666e-14,9.547918011776346e-15,6.3259778818762046e-15
15,75.0,4.5,1,TSDT,1.0,6,7.168477945815771,5.0491403012889534e-14,9.547918011776346e-15,6.3259778818762046e-15
15,75.0,4.5,1,TSDT,1.0,7,7.324541793008472,7.312864489810677e-14,9.547918011776346e-15,6.3259778818762046e-15
15,75.0,4.5,1,TSDT,1.0,8,9.472470943619989,7.33914192278951e-14,9.547918011776346e-15,6.3259778818762046e-15
15,75.0,4.5,2,TSDT,0.0,1,0.1634284007575477,4.589427577032558e-12,2.220446049250313e-15,7.564548855975638e-15
15,75.0,4.5,2,TSDT,0.0,2,1.825715982756758,1.796938017989919e-13,2.220446049250313e-15,7.564548855975638e-15
15,75.0,4.5,2,TSDT,0.0,3,2.8275202490018834,8.1972131638954e-14,2.220446049250313e-15,7.564548855975638e-15
15,75.0,4.5,2,TSDT,0.0,4,4.092999736164935,9.296004685506222e-14,2.220446049250313e-15,7.564548855975638e-15
15,75.0,4.5,2,TSDT,0.0,5,6.225043735271147,7.999253554867054e-14,2.220446049250313e-15,7.564548855975638e-15
15,75.0,4.5,2,TSDT,0.0,6,6.306341738510493,7.998811374396123e-14,2.220446049250313e-15,7.564548855975638e-15
15,75.0,4.5,2,TSDT,0.0,7,6.851542085811707,8.889839624243699e-14,2.220446049250313e-15,7.564548855975638e-15
15,75.0,4.5,2,TSDT,0.0,8,9.32486932957532,8.747189239458087e-14,2.220446049250313e-15,7.564548855975638e-15
15,75.0,4.5,2,TSDT,1.0,1,0.1770011493260067,4.034721963812987e-12,2.6645352591003757e-15,6.598188343072618e-15
15,75.0,4.5,2,TSDT,1.0,2,1.9659452994979818,1.3865743568833458e-13,2.6645352591003757e-15,6.598188343072618e-15
15,75.0,4.5,2,TSDT,1.0,3,3.059553380105862,7.676954207966391e-14,2.6645352591003757e-15,6.598188343072618e-15
15,75.0,4.5,2,TSDT,1.0,4,4.431377718088399,7.389804144637896e-14,2.6645352591003757e-15,6.598188343072618e-15
15,75.0,4.5,2,TSDT,1.0,5,6.652834354166252,1.1048638323884225e-13,2.6645352591003757e-15,6.598188343072618e-15
15,75.0,4.5,2,TSDT,1.0,6,6.679314920154599,8.403696269089635e-14,2.6645352591003757e-15,6.598188343072618e-15
15,75.0,4.5,2,TSDT,1.0,7,7.335594117093094,1.0432124956456782e-13,2.6645352591003757e-15,6.598188343072618e-15
15,75.0,4.5,2,TSDT,1.0,8,10.083428037958885,4.898225230513903e-14,2.6645352591003757e-15,6.598188343072618e-15
15,75.0,4.5,3,TSDT,0.0,1,0.38424932218105146,1.540297721069138e-12,3.552713678800501e-15,6.238863051200804e-15
15,75.0,4.5,3,TSDT,0.0,2,1.249485932442382,2.568655817489399e-13,3.552713678800501e-15,6.238863051200804e-15
15,75.0,4.5,3,TSDT,0.0,3,2.9476358990210705,9.898818633425204e-14,3.552713678800501e-15,6.238863051200804e-15
15,75.0,4.5,3,TSDT,0.0,4,4.219892017460114,9.695840080129486e-14,3.552713678800501e-15,6.238863051200804e-15
15,75.0,4.5,3,TSDT,0.0,5,5.873298579902151,1.4079723425917753e-13,3.552713678800501e-15,6.238863051200804e-15
15,75.0,4.5,3,TSDT,0.0,6,6.146683964567304,9.645756128757614e-14,3.552713678800501e-15,6.238863051200804e-15
15,75.0,4.5,3,TSDT,0.0,7,7.550545665826722,5.069001907983585e-14,3.552713678800501e-15,6.238863051200804e-15
15,75.0,4.5,3,TSDT,0.0,8,9.36384543818283,1.11522962717738e-13,3.552713678800501e-15,6.238863051200804e-15
15,75.0,4.5,3,TSDT,1.0,1,0.4159202042366455,1.1837841670738021e-12,1.7763568394002505e-15,7.244378721123423e-15
15,75.0,4.5,3,TSDT,1.0,2,1.3437375875745325,2.1855634099777195e-13,1.7763568394002505e-15,7.244378721123423e-15
15,75.0,4.5,3,TSDT,1.0,3,3.190810255962988,8.994479332904082e-14,1.7763568394002505e-15,7.244378721123423e-15
15,75.0,4.5,3,TSDT,1.0,4,4.572136201124659,8.337998296447332e-14,1.7763568394002505e-15,7.244378721123423e-15
15,75.0,4.5,3,TSDT,1.0,5,6.251143278689584,1.0912648619498501e-13,1.7763568394002505e-15,7.244378721123423e-15
15,75.0,4.5,3,TSDT,1.0,6,6.539617034726173,5.353956187164514e-14,1.7763568394002505e-15,7.244378721123423e-15
15,75.0,4.5,3,TSDT,1.0,7,8.079347533416376,4.092507350487061e-14,1.7763568394002505e-15,7.244378721123423e-15
15,75.0,4.5,3,TSDT,1.0,8,10.09356240332489,4.85763394427974e-14,1.7763568394002505e-15,7.244378721123423e-15
15,75.0,4.5,4,TSDT,0.0,1,0.6595624041766774,8.61375648433041e-13,5.88418203051333e-15,6.67709491445284e-15
15,75.0,4.5,4,TSDT,0.0,2,0.835593113309398,3.53032340030295e-13,5.88418203051333e-15,6.67709491445284e-15
15,75.0,4.5,4,TSDT,0.0,3,3.001809876306444,8.501772213110888e-14,5.88418203051333e-15,6.67709491445284e-15
15,75.0,4.5,4,TSDT,0.0,4,4.262986018111468,9.094125378204984e-14,5.88418203051333e-15,6.67709491445284e-15
15,75.0,4.5,4,TSDT,0.0,5,5.73862693139262,9.862038459009294e-14,5.88418203051333e-15,6.67709491445284e-15
15,75.0,4.5,4,TSDT,0.0,6,6.070514361159008,1.5023322157975955e-13,5.88418203051333e-15,6.67709491445284e-15
15,75.0,4.5,4,TSDT,0.0,7,8.214486995994058,7.364205971731775e-14,5.88418203051333e-15,6.67709491445284e-15
15,75.0,4.5,4,TSDT,0.0,8,8.725837790747644,5.018261552137268e-14,5.88418203051333e-15,6.67709491445284e-15
15,75.0,4.5,4,TSDT,1.0,1,0.7172622162371652,7.011743453320586e-13,2.7755575615628914e-15,8.0170440327593e-15
15,75.0,4.5,4,TSDT,1.0,2,0.8938963037107898,3.176454341748245e-13,2.7755575615628914e-15,8.0170440327593e-15
15,75.0,4.5,4,TSDT,1.0,3,3.250458497751703,7.232023524346529e-14,2.7755575615628914e-15,8.0170440327593e-15
15,75.0,4.5,4,TSDT,1.0,4,4.621523997663549,7.338517907902846e-14,2.7755575615628914e-15,8.0170440327593e-15
15,75.0,4.5,4,TSDT,1.0,5,6.098804132402743,5.609146660904169e-14,2.7755575615628914e-15,8.0170440327593e-15
15,75.0,4.5,4,TSDT,1.0,6,6.4547825613770575,5.821160504575741e-14,2.7755575615628914e-15,8.0170440327593e-15
15,75.0,4.5,4,TSDT,1.0,7,8.882773261850202,5.726743297522242e-14,2.7755575615628914e-15,8.0170440327593e-15
15,75.0,4.5,4,TSDT,1.0,8,9.291738549968601,4.6757801421399025e-14,2.7755575615628914e-15,8.0170440327593e-15
15,75.0,4.5,5,TSDT,0.0,1,0.7561185540102991,6.445531691755656e-13,1.6209256159527285e-14,8.244160904068381e-15
15,75.0,4.5,5,TSDT,0.0,2,0.8498339924301498,3.6347282857348066e-13,1.6209256159527285e-14,8.244160904068381e-15
15,75.0,4.5,5,TSDT,0.0,3,2.7730049305751385,8.606578642353196e-14,1.6209256159527285e-14,8.244160904068381e-15
15,75.0,4.5,5,TSDT,0.0,4,4.021114566940765,8.917758169792349e-14,1.6209256159527285e-14,8.244160904068381e-15
15,75.0,4.5,5,TSDT,0.0,5,6.043846398760827,9.158739747389128e-14,1.6209256159527285e-14,8.244160904068381e-15
15,75.0,4.5,5,TSDT,0.0,6,6.339764309094163,6.211152208241372e-14,1.6209256159527285e-14,8.244160904068381e-15
15,75.0,4.5,5,TSDT,0.0,7,8.25216022312918,9.128671304007185e-14,1.6209256159527285e-14,8.244160904068381e-15
15,75.0,4.5,5,TSDT,0.0,8,8.780881038276101,9.215674157335205e-14,1.6209256159527285e-14,8.244160904068381e-15
15,75.0,4.5,5,TSDT,1.0,1,0.8201760144925495,5.624857405653691e-13,8.43769498715119e-15,7.37506200047591e-15
15,75.0,4.5,5,TSDT,1.0,2,0.9101036467708549,3.0807370202268923e-13,8.43769498715119e-15,7.37506200047591e-15
15,75.0,4.5,5,TSDT,1.0,3,2.9986009260322413,7.42920608381251e-14,8.43769498715119e-15,7.37506200047591e-15
15,75.0,4.5,5,TSDT,1.0,4,4.3362549484608,9.359693210986082e-14,8.43769498715119e-15,7.37506200047591e-15
15,75.0,4.5,5,TSDT,1.0,5,6.456472179657135,6.45166942055939e-14,8.43769498715119e-15,7.37506200047591e-15
15,75.0,4.5,5,TSDT,1.0,6,6.762047309458706,5.0432863020982307e-14,8.43769498715119e-15,7.37506200047591e-15
15,75.0,4.5,5,TSDT,1.0,7,8.927265695351817,5.639339167611762e-14,8.43769498715119e-15,7.37506200047591e-15
15,75.0,4.5,5,TSDT,1.0,8,9.345465586739548,3.833467503062586e-14,8.43769498715119e-15,7.37506200047591e-15
15,75.0,4.5,6,TSDT,0.0,1,0.9051457910394902,3.919385817467167e-13,2.864375403532904e-14,6.7813387349456066e-15
15,75.0,4.5,6,TSDT,0.0,2,0.9771488241877713,5.162299751245107e-13,2.864375403532904e-14,6.7813387349456066e-15
15,75.0,4.5,6,TSDT,0.0,3,2.269881424502139,1.157353683810209e-13,2.864375403532904e-14,6.7813387349456066e-15
15,75.0,4.5,6,TSDT,0.0,4,3.5848613095670343,1.5560623340752584e-13,2.864375403532904e-14,6.7813387349456066e-15
15,75.0,4.5,6,TSDT,0.0,5,6.668124689804712,1.1475628075460912e-13,2.864375403532904e-14,6.7813387349456066e-15
15,75.0,4.5,6,TSDT,0.0,6,6.931241223600907,6.070720716957309e-14,2.864375403532904e-14,6.7813387349456066e-15
15,75.0,4.5,6,TSDT,0.0,7,8.362140424681348,1.5733825757667133e-13,2.864375403532904e-14,6.7813387349456066e-15
15,75.0,4.5,6,TSDT,0.0,8,8.968661456114472,8.02654320680725e-14,2.864375403532904e-14,6.7813387349456066e-15
15,75.0,4.5,6,TSDT,1.0,1,0.9723680754112107,3.04830909321185e-13,2.6645352591003757e-15,6.4583499409853864e-15
15,75.0,4.5,6,TSDT,1.0,2,1.057709179814353,3.7466552949026514e-13,2.6645352591003757e-15,6.4583499409853864e-15
15,75.0,4.5,6,TSDT,1.0,3,2.451378620858615,9.005273275546705e-14,2.6645352591003757e-15,6.4583499409853864e-15
15,75.0,4.5,6,TSDT,1.0,4,3.8406125580379826,1.3255225433211275e-13,2.6645352591003757e-15,6.4583499409853864e-15
15,75.0,4.5,6,TSDT,1.0,5,7.168217554880282,5.600570257436579e-14,2.6645352591003757e-15,6.4583499409853864e-15
15,75.0,4.5,6,TSDT,1.0,6,7.4449704114151265,6.714361901734965e-14,2.6645352591003757e-15,6.4583499409853864e-15
15,75.0,4.5,6,TSDT,1.0,7,9.059273846167192,5.4672075653375926e-14,2.6645352591003757e-15,6.4583499409853864e-15
15,75.0,4.5,6,TSDT,1.0,8,9.525319178178854,5.769516097335564e-14,2.6645352591003757e-15,6.4583499409853864e-15
15,75.0,4.5,7,TSDT,0.0,1,1.0399790427616113,2.8415512639702857e-13,4.884981308350689e-15,6.4874821756228616e-15
15,75.0,4.5,7,TSDT,0.0,2,1.2050449207613294,3.499707222821239e-13,4.884981308350689e-15,6.4874821756228616e-15
15,75.0,4.5,7,TSDT,0.0,3,1.7363228401203525,1.5639398028408082e-13,4.884981308350689e-15,6.4874821756228616e-15
15,75.0,4.5,7,TSDT,0.0,4,3.213829834240267,1.9142917887827967e-13,4.884981308350689e-15,6.4874821756228616e-15
15,75.0,4.5,7,TSDT,0.0,5,7.329868671799223,5.767436305892545e-14,4.884981308350689e-15,6.4874821756228616e-15
15,75.0,4.5,7,TSDT,0.0,6,7.478326507108465,7.392171249028721e-14,4.884981308350689e-15,6.4874821756228616e-15
15,75.0,4.5,7,TSDT,0.0,7,8.523542692639255,9.564511075476574e-14,4.884981308350689e-15,6.4874821756228616e-15
15,75.0,4.5,7,TSDT,0.0,8,9.274252006368295,1.2442301689223554e-13,4.884981308350689e-15,6.4874821756228616e-15
15,75.0,4.5,7,TSDT,1.0,1,1.1216730228129528,2.3446337591851795e-13,3.552713678800501e-15,7.271470733592274e-15
15,75.0,4.5,7,TSDT,1.0,2,1.305709260085789,3.0136291428084535e-13,3.552713678800501e-15,7.271470733592274e-15
15,75.0,4.5,7,TSDT,1.0,3,1.8758753840875066,1.3027225240520994e-13,3.552713678800501e-15,7.271470733592274e-15
15,75.0,4.5,7,TSDT,1.0,4,3.424858801266686,1.6167293610169082e-13,3.552713678800501e-15,7.271470733592274e-15
15,75.0,4.5,7,TSDT,1.0,5,7.927215023686048,5.1272104912594494e-14,3.552713678800501e-15,7.271470733592274e-15
15,75.0,4.5,7,TSDT,1.0,6,8.10201630368071,5.180948228462406e-14,3.552713678800501e-15,7.271470733592274e-15
15,75.0,4.5,7,TSDT,1.0,7,9.261757667739245,1.0911143965925516e-13,3.552713678800501e-15,7.271470733592274e-15
15,75.0,4.5,7,TSDT,1.0,8,9.857795544570882,1.073221860999193e-13,3.552713678800501e-15,7.271470733592274e-15
15,75.0,4.5,8,TSDT,0.0,1,1.3084520647450473,2.0950453824809564e-13,5.218048215738236e-15,6.683161535503513e-15
15,75.0,4.5,8,TSDT,0.0,2,1.3090364882533274,1.1590920263953733e-12,5.218048215738236e-15,6.683161535503513e-15
15,75.0,4.5,8,TSDT,0.0,3,1.3090370132321425,2.980958204796381e-13,5.218048215738236e-15,6.683161535503513e-15
15,75.0,4.5,8,TSDT,0.0,4,3.061035547764924,2.289920178513417e-13,5.218048215738236e-15,6.683161535503513e-15
15,75.0,4.5,8,TSDT,0.0,5,7.689218775598571,5.886936773286729e-14,5.218048215738236e-15,6.683161535503513e-15
15,75.0,4.5,8,TSDT,0.0,6,7.689234846912078,1.706689141332418e-13,5.218048215738236e-15,6.683161535503513e-15
15,75.0,4.5,8,TSDT,0.0,7,8.627456606321475,1.139371858969179e-13,5.218048215738236e-15,6.683161535503513e-15
15,75.0,4.5,8,TSDT,0.0,8,9.030951723772391,7.069568491610339e-14,5.218048215738236e-15,6.683161535503513e-15
15,75.0,4.5,8,TSDT,1.0,1,1.4087619169461683,1.6092274234823954e-13,5.773159728050814e-15,6.346881364467015e-15
15,75.0,4.5,8,TSDT,1.0,2,1.4203181014203106,5.64000729410629e-13,5.773159728050814e-15,6.346881364467015e-15
15,75.0,4.5,8,TSDT,1.0,3,1.420318130550275,2.426541887725146e-13,5.773159728050814e-15,6.346881364467015e-15
15,75.0,4.5,8,TSDT,1.0,4,3.253501721878295,1.639976898379203e-13,5.773159728050814e-15,6.346881364467015e-15
15,75.0,4.5,8,TSDT,1.0,5,8.364043837112018,6.430679493838341e-14,5.773159728050814e-15,6.346881364467015e-15
15,75.0,4.5,8,TSDT,1.0,6,8.364075364181758,4.975420786243427e-14,5.773159728050814e-15,6.346881364467015e-15
15,75.0,4.5,8,TSDT,1.0,7,9.402362070971837,7.347968277343822e-14,5.773159728050814e-15,6.346881364467015e-15
15,75.0,4.5,8,TSDT,1.0,8,9.540678185090103,1.4028523920878428e-13,5.773159728050814e-15,6.346881364467015e-15
15,75.0,4.5,9,TSDT,0.0,1,0.7957539150951128,4.659730219971057e-13,3.774758283725532e-15,6.978007746917521e-15
15,75.0,4.5,9,TSDT,0.0,2,1.504550806899282,2.3675593262252464e-13,3.774758283725532e-15,6.978007746917521e-15
15,75.0,4.5,9,TSDT,0.0,3,1.7310100055711135,1.4576944239162663e-13,3.774758283725532e-15,6.978007746917521e-15
15,75.0,4.5,9,TSDT,0.0,4,3.3634064874945238,1.6814328708788766e-13,3.774758283725532e-15,6.978007746917521e-15
15,75.0,4.5,9,TSDT,0.0,5,7.008066896834019,6.404405098005414e-14,3.774758283725532e-15,6.978007746917521e-15
15,75.0,4.5,9,TSDT,0.0,6,7.482555162129848,8.097903520924095e-14,3.774758283725532e-15,6.978007746917521e-15
15,75.0,4.5,9,TSDT,0.0,7,8.190099659359884,9.067274357097646e-14,3.774758283725532e-15,6.978007746917521e-15
15,75.0,4.5,9,TSDT,0.0,8,9.175557622790286,8.585679631739347e-14,3.774758283725532e-15,6.978007746917521e-15
15,75.0,4.5,9,TSDT,1.0,1,0.8595646644021234,3.8844885557821335e-13,3.552713678800501e-15,6.977425472891622e-15
15,75.0,4.5,9,TSDT,1.0,2,1.6260762031384355,2.2848698886592343e-13,3.552713678800501e-15,6.977425472891622e-15
15,75.0,4.5,9,TSDT,1.0,3,1.8666252421135687,1.3032733361354366e-13,3.552713678800501e-15,6.977425472891622e-15
15,75.0,4.5,9,TSDT,1.0,4,3.5931863848745507,2.5755983256236674e-13,3.552713678800501e-15,6.977425472891622e-15
15,75.0,4.5,9,TSDT,1.0,5,7.558951758297685,5.0240846668691636e-14,3.552713678800501e-15,6.977425472891622e-15
15,75.0,4.5,9,TSDT,1.0,6,8.112795934240504,7.092598682899893e-14,3.552713678800501e-15,6.977425472891622e-15
15,75.0,4.5,9,TSDT,1.0,7,8.792547647647288,5.950993275137017e-14,3.552713678800501e-15,6.977425472891622e-15
15,75.0,4.5,9,TSDT,1.0,8,9.758131274898597,5.133878630312933e-14,3.552713678800501e-15,6.977425472891622e-15
15,75.0,4.5,10,TSDT,0.0,1,0.36003380172695654,1.3098316220478265e-12,2.7755575615628914e-15,7.004156494399784e-15
15,75.0,4.5,10,TSDT,0.0,2,1.9597087422549098,1.5763362814174236e-13,2.7755575615628914e-15,7.004156494399784e-15
15,75.0,4.5,10,TSDT,0.0,3,2.058448674714437,1.3056142345667335e-13,2.7755575615628914e-15,7.004156494399784e-15
15,75.0,4.5,10,TSDT,0.0,4,3.9652030359448776,1.1332908481742925e-13,2.7755575615628914e-15,7.004156494399784e-15
15,75.0,4.5,10,TSDT,0.0,5,6.196263279345763,1.1380485058719042e-13,2.7755575615628914e-15,7.004156494399784e-15
15,75.0,4.5,10,TSDT,0.0,6,7.077653009883726,4.905021356189581e-14,2.7755575615628914e-15,7.004156494399784e-15
15,75.0,4.5,10,TSDT,0.0,7,7.261998545639282,1.1661586109658772e-13,2.7755575615628914e-15,7.004156494399784e-15
15,75.0,4.5,10,TSDT,0.0,8,8.936928013050993,4.851855450535613e-14,2.7755575615628914e-15,7.004156494399784e-15
15,75.0,4.5,10,TSDT,1.0,1,0.3882127604283697,1.0094973416804775e-12,3.774758283725532e-15,7.167218156585046e-15
15,75.0,4.5,10,TSDT,1.0,2,2.111125390666671,1.3098712371969545e-13,3.774758283725532e-15,7.167218156585046e-15
15,75.0,4.5,10,TSDT,1.0,3,2.2182792802859557,1.1751623499779128e-13,3.774758283725532e-15,7.167218156585046e-15
15,75.0,4.5,10,TSDT,1.0,4,4.277427264056225,8.252942131435477e-14,3.774758283725532e-15,7.167218156585046e-15
15,75.0,4.5,10,TSDT,1.0,5,6.639853025313548,5.483422089856876e-14,3.774758283725532e-15,7.167218156585046e-15
15,75.0,4.5,10,TSDT,1.0,6,7.502836788017461,4.3029902601440964e-14,3.774758283725532e-15,7.167218156585046e-15
15,75.0,4.5,10,TSDT,1.0,7,7.854766938507762,1.3682732704592114e-13,3.774758283725532e-15,7.167218156585046e-15
15,75.0,4.5,10,TSDT,1.0,8,9.501968189918891,5.089060102970756e-14,3.774758283725532e-15,7.167218156585046e-15
15,75.0,4.5,11,TSDT,0.0,1,0.08929630129735762,9.243447952497614e-12,3.1086244689504383e-15,5.465493857318634e-15
15,75.0,4.5,11,TSDT,0.0,2,2.422096700438483,1.3819664748152495e-13,3.1086244689504383e-15,5.465493857318634e-15
15,75.0,4.5,11,TSDT,0.0,3,2.4456291008106654,1.04080519107869e-13,3.1086244689504383e-15,5.465493857318634e-15
15,75.0,4.5,11,TSDT,0.0,4,4.011225245691831,9.799195577503634e-14,3.1086244689504383e-15,5.465493857318634e-15
15,75.0,4.5,11,TSDT,0.0,5,6.291009106478623,6.821803141417427e-14,3.1086244689504383e-15,5.465493857318634e-15
15,75.0,4.5,11,TSDT,0.0,6,6.326602006402832,1.0512397517899435e-13,3.1086244689504383e-15,5.465493857318634e-15
15,75.0,4.5,11,TSDT,0.0,7,6.977014086479761,6.38469737691012e-14,3.1086244689504383e-15,5.465493857318634e-15
15,75.0,4.5,11,TSDT,0.0,8,8.706592330998905,5.4298026112647635e-14,3.1086244689504383e-15,5.465493857318634e-15
15,75.0,4.5,11,TSDT,1.0,1,0.09615344437232445,9.041836733323573e-12,2.220446049250313e-15,5.533933111198241e-15
15,75.0,4.5,11,TSDT,1.0,2,2.6156859715281087,1.2277968483914776e-13,2.220446049250313e-15,5.533933111198241e-15
15,75.0,4.5,11,TSDT,1.0,3,2.6394205814117693,1.0007262150541562e-13,2.220446049250313e-15,5.533933111198241e-15
15,75.0,4.5,11,TSDT,1.0,4,4.346270119915921,8.314860397142733e-14,2.220446049250313e-15,5.533933111198241e-15
15,75.0,4.5,11,TSDT,1.0,5,6.592184601948114,6.49303802738028e-14,2.220446049250313e-15,5.533933111198241e-15
15,75.0,4.5,11,TSDT,1.0,6,6.7849175571954445,9.691279097087786e-14,2.220446049250313e-15,5.533933111198241e-15
15,75.0,4.5,11,TSDT,1.0,7,7.56467512634622,1.253457524192919e-13,2.220446049250313e-15,5.533933111198241e-15
15,75.0,4.5,11,TSDT,1.0,8,9.248213629888125,7.830319452280195e-14,2.220446049250313e-15,5.533933111198241e-15
15,75.0,6.0,0,FSDT,0.0,1,0.0,0.996788999085962,1.9984014443252818e-15,4.821154560568398e-15
15,75.0,6.0,0,FSDT,0.0,2,3.461799859720603,1.2566641767867116e-13,1.9984014443252818e-15,4.821154560568398e-15
15,75.0,6.0,0,FSDT,0.0,3,3.4617998597206796,1.0278487763205359e-13,1.9984014443252818e-15,4.821154560568398e-15
15,75.0,6.0,0,FSDT,0.0,4,4.7841396159636345,9.948128957600185e-14,1.9984014443252818e-15,4.821154560568398e-15
15,75.0,6.0,0,FSDT,0.0,5,7.537944609224576,6.671931331347762e-14,1.9984014443252818e-15,4.821154560568398e-15
15,75.0,6.0,0,FSDT,0.0,6,8.652896130946658,1.6536662249346576e-13,1.9984014443252818e-15,4.821154560568398e-15
15,75.0,6.0,0,FSDT,0.0,7,8.65289613094682,6.411654429941418e-14,1.9984014443252818e-15,4.821154560568398e-15
15,75.0,6.0,0,FSDT,0.0,8,10.598829099097157,8.347848031124721e-14,1.9984014443252818e-15,4.821154560568398e-15
15,75.0,6.0,0,FSDT,1.0,1,0.0,0.9990248698712005,2.4424906541753444e-15,5.493646681566801e-15
15,75.0,6.0,0,FSDT,1.0,2,3.616011337608306,1.6869781696805056e-13,2.4424906541753444e-15,5.493646681566801e-15
15,75.0,6.0,0,FSDT,1.0,3,3.616011337608335,2.217088802089112e-13,2.4424906541753444e-15,5.493646681566801e-15
15,75.0,6.0,0,FSDT,1.0,4,4.989956069166912,9.106387323000066e-14,2.4424906541753444e-15,5.493646681566801e-15
15,75.0,6.0,0,FSDT,1.0,5,7.722699549763265,8.000149552893831e-14,2.4424906541753444e-15,5.493646681566801e-15
15,75.0,6.0,0,FSDT,1.0,6,9.027915404194907,1.6001073004874817e-13,2.4424906541753444e-15,5.493646681566801e-15
15,75.0,6.0,0,FSDT,1.0,7,9.027915404195081,8.03650776199156e-14,2.4424906541753444e-15,5.493646681566801e-15
15,75.0,6.0,0,FSDT,1.0,8,11.002054244543997,7.875107883344471e-14,2.4424906541753444e-15,5.493646681566801e-15
15,75.0,6.0,1,FSDT,0.0,1,0.05300915197783327,3.206930158075405e-11,3.885780586188048e-15,4.6565618966883995e-15
15,75.0,6.0,1,FSDT,0.0,2,3.088570480187275,1.0279902606409437e-13,3.885780586188048e-15,4.6565618966883995e-15
15,75.0,6.0,1,FSDT,0.0,3,3.5161437984806163,9.028778900172973e-14,3.885780586188048e-15,4.6565618966883995e-15
15,75.0,6.0,1,FSDT,0.0,4,4.980883155731748,1.0408872713315127e-13,3.885780586188048e-15,4.6565618966883995e-15
15,75.0,6.0,1,FSDT,0.0,5,7.7544099605863375,6.98126151432345e-14,3.885780586188048e-15,4.6565618966883995e-15
15,75.0,6.0,1,FSDT,0.0,6,8.385312412124794,6.996357919068683e-14,3.885780586188048e-15,4.6565618966883995e-15
15,75.0,6.0,1,FSDT,0.0,7,8.49505225810764,9.365068339130629e-14,3.885780586188048e-15,4.6565618966883995e-15
15,75.0,6.0,1,FSDT,0.0,8,10.89825369547132,5.2582612968257056e-14,3.885780586188048e-15,4.6565618966883995e-15
15,75.0,6.0,1,FSDT,1.0,1,0.055539292630769226,2.7444480009976912e-11,3.552713678800501e-15,4.0000695932542354e-15
15,75.0,6.0,1,FSDT,1.0,2,3.222268414553704,1.1566333656960063e-13,3.552713678800501e-15,4.0000695932542354e-15
15,75.0,6.0,1,FSDT,1.0,3,3.672483027172296,8.418628722581118e-14,3.552713678800501e-15,4.0000695932542354e-15
15,75.0,6.0,1,FSDT,1.0,4,5.1980475360955944,1.0066597113339786e-13,3.552713678800501e-15,4.0000695932542354e-15
15,75.0,6.0,1,FSDT,1.0,5,7.954038050593916,6.471417598026731e-14,3.552713678800501e-15,4.0000695932542354e-15
15,75.0,6.0,1,FSDT,1.0,6,8.726460242359082,5.972424799136059e-14,3.552713678800501e-15,4.0000695932542354e-15
15,75.0,6.0,1,FSDT,1.0,7,8.853305962538125,6.244533597831295e-14,3.552713678800501e-15,4.0000695932542354e-15
15,75.0,6.0,1,FSDT,1.0,8,11.326384210028593,5.0735579140698626e-14,3.552713678800501e-15,4.0000695932542354e-15
15,75.0,6.0,2,FSDT,0.0,1,0.21676228118101082,3.970084445651487e-12,2.6645352591003757e-15,6.342612145347414e-15
15,75.0,6.0,2,FSDT,0.0,2,2.368929423766087,2.1293798552233109e-13,2.6645352591003757e-15,6.342612145347414e-15
15,75.0,6.0,2,FSDT,0.0,3,3.6554034581489527,8.009694597554466e-14,2.6645352591003757e-15,6.342612145347414e-15
15,75.0,6.0,2,FSDT,0.0,4,5.241196684973485,9.201305714663778e-14,2.6645352591003757e-15,6.342612145347414e-15
15,75.0,6.0,2,FSDT,0.0,5,7.87696650029914,7.319389593384158e-14,2.6645352591003757e-15,6.342612145347414e-15
15,75.0,6.0,2,FSDT,0.0,6,7.956408917150448,7.575067756528177e-14,2.6645352591003757e-15,6.342612145347414e-15
15,75.0,6.0,2,FSDT,0.0,7,8.615702296693591,9.829167886712377e-14,2.6645352591003757e-15,6.342612145347414e-15
15,75.0,6.0,2,FSDT,0.0,8,11.522484883200024,5.6254860164016365e-14,2.6645352591003757e-15,6.342612145347414e-15
15,75.0,6.0,2,FSDT,1.0,1,0.22702654745118037,3.581824073783641e-12,1.4432899320127035e-15,5.3913350181199156e-15
15,75.0,6.0,2,FSDT,1.0,2,2.468427536651148,1.4047652991043988e-13,1.4432899320127035e-15,5.3913350181199156e-15
15,75.0,6.0,2,FSDT,1.0,3,3.817520726494963,7.01694062157765e-14,1.4432899320127035e-15,5.3913350181199156e-15
15,75.0,6.0,2,FSDT,1.0,4,5.471503553976614,9.984496617787033e-14,1.4432899320127035e-15,5.3913350181199156e-15
15,75.0,6.0,2,FSDT,1.0,5,8.171951532561064,7.031464774164938e-14,1.4432899320127035e-15,5.3913350181199156e-15
15,75.0,6.0,2,FSDT,1.0,6,8.214081190793062,7.147037733653719e-14,1.4432899320127035e-15,5.3913350181199156e-15
15,75.0,6.0,2,FSDT,1.0,7,8.93131861943554,6.312538179949963e-14,1.4432899320127035e-15,5.3913350181199156e-15
15,75.0,6.0,2,FSDT,1.0,8,11.997213006646689,4.440754841906566e-14,1.4432899320127035e-15,5.3913350181199156e-15
15,75.0,6.0,3,FSDT,0.0,1,0.508218734522159,1.1105477690658562e-12,8.881784197001252e-16,4.6188361895965456e-15
15,75.0,6.0,3,FSDT,0.0,2,1.6273964156258964,3.394178714622777e-13,8.881784197001252e-16,4.6188361895965456e-15
15,75.0,6.0,3,FSDT,0.0,3,3.809268945273523,8.123638905471805e-14,8.881784197001252e-16,4.6188361895965456e-15
15,75.0,6.0,3,FSDT,0.0,4,5.398865246268913,7.668426072490464e-14,8.881784197001252e-16,4.6188361895965456e-15
15,75.0,6.0,3,FSDT,0.0,5,7.45458435133332,8.650696705786166e-14,8.881784197001252e-16,4.6188361895965456e-15
15,75.0,6.0,3,FSDT,0.0,6,7.7454998321202115,7.629463401790541e-14,8.881784197001252e-16,4.6188361895965456e-15
15,75.0,6.0,3,FSDT,0.0,7,9.468633971833802,5.6178619969027815e-14,8.881784197001252e-16,4.6188361895965456e-15
15,75.0,6.0,3,FSDT,0.0,8,11.65698921832201,1.611306751643423e-13,8.881784197001252e-16,4.6188361895965456e-15
15,75.0,6.0,3,FSDT,1.0,1,0.5319809313304419,1.2171321008121731e-12,2.9976021664879227e-15,4.855569081689158e-15
15,75.0,6.0,3,FSDT,1.0,2,1.6950835319649533,2.4362058700055705e-13,2.9976021664879227e-15,4.855569081689158e-15
15,75.0,6.0,3,FSDT,1.0,3,3.9784016852887274,7.808937168297881e-14,2.9976021664879227e-15,4.855569081689158e-15
15,75.0,6.0,3,FSDT,1.0,4,5.638981717046679,7.592861444116831e-14,2.9976021664879227e-15,4.855569081689158e-15
15,75.0,6.0,3,FSDT,1.0,5,7.719117323679139,9.401644938405105e-14,2.9976021664879227e-15,4.855569081689158e-15
15,75.0,6.0,3,FSDT,1.0,6,8.006082422611566,6.193543491971203e-14,2.9976021664879227e-15,4.855569081689158e-15
15,75.0,6.0,3,FSDT,1.0,7,9.822006064061192,4.8685876312130364e-14,2.9976021664879227e-15,4.855569081689158e-15
15,75.0,6.0,3,FSDT,1.0,8,12.131575986847109,5.009115672387834e-14,2.9976021664879227e-15,4.855569081689158e-15
15,75.0,6.0,4,FSDT,0.0,1,0.8739803017665199,7.068988121580109e-13,2.4424906541753444e-15,4.857524605929199e-15
15,75.0,6.0,4,FSDT,0.0,2,1.0867008245068717,2.811184387290718e-13,2.4424906541753444e-15,4.857524605929199e-15
15,75.0,6.0,4,FSDT,0.0,3,3.878609758373334,7.866243203483999e-14,2.4424906541753444e-15,4.857524605929199e-15
15,75.0,6.0,4,FSDT,0.0,4,5.451750646472895,8.462648413820446e-14,2.4424906541753444e-15,4.857524605929199e-15
15,75.0,6.0,4,FSDT,0.0,5,7.2911622924833255,8.076824192841521e-14,2.4424906541753444e-15,4.857524605929199e-15
15,75.0,6.0,4,FSDT,0.0,6,7.6508561069667165,9.759089500534278e-14,2.4424906541753444e-15,4.857524605929199e-15
15,75.0,6.0,4,FSDT,0.0,7,10.2067472995776,5.480460369012173e-14,2.4424906541753444e-15,4.857524605929199e-15
15,75.0,6.0,4,FSDT,0.0,8,11.006209631321887,5.117637854026896e-14,2.4424906541753444e-15,4.857524605929199e-15
15,75.0,6.0,4,FSDT,1.0,1,0.9176959326456596,7.242631869389007e-13,3.3306690738754696e-15,4.29756563249074e-15
15,75.0,6.0,4,FSDT,1.0,2,1.1280272166401302,2.6230426026487927e-13,3.3306690738754696e-15,4.29756563249074e-15
15,75.0,6.0,4,FSDT,1.0,3,4.051163507990036,7.696102988964362e-14,3.3306690738754696e-15,4.29756563249074e-15
15,75.0,6.0,4,FSDT,1.0,4,5.696253725500085,7.040476838267793e-14,3.3306690738754696e-15,4.29756563249074e-15
15,75.0,6.0,4,FSDT,1.0,5,7.54475462072253,7.443390901151832e-14,3.3306690738754696e-15,4.29756563249074e-15
15,75.0,6.0,4,FSDT,1.0,6,7.904309041332131,8.864512836454238e-14,3.3306690738754696e-15,4.29756563249074e-15
15,75.0,6.0,4,FSDT,1.0,7,10.631845878440386,7.759354601136714e-14,3.3306690738754696e-15,4.29756563249074e-15
15,75.0,6.0,4,FSDT,1.0,8,11.403731393411377,6.889321450712424e-14,3.3306690738754696e-15,4.29756563249074e-15
15,75.0,6.0,5,FSDT,0.0,1,0.9989632827661156,5.996939799658194e-13,8.215650382226158e-15,5.429940636409468e-15
15,75.0,6.0,5,FSDT,0.0,2,1.1059395778964338,2.889850632308301e-13,8.215650382226158e-15,5.429940636409468e-15
15,75.0,6.0,5,FSDT,0.0,3,3.5863421483132414,7.523943518305113e-14,8.215650382226158e-15,5.429940636409468e-15
15,75.0,6.0,5,FSDT,0.0,4,5.147176995391414,1.1075698204375283e-13,8.215650382226158e-15,5.429940636409468e-15
15,75.0,6.0,5,FSDT,0.0,5,7.667384617184086,7.982820704375895e-14,8.215650382226158e-15,5.429940636409468e-15
15,75.0,6.0,5,FSDT,0.0,6,7.981050156293923,5.685605447217208e-14,8.215650382226158e-15,5.429940636409468e-15
15,75.0,6.0,5,FSDT,0.0,7,10.253677341746105,5.721221433219637e-14,8.215650382226158e-15,5.429940636409468e-15
15,75.0,6.0,5,FSDT,0.0,8,11.071377150595794,5.316035632146426e-14,8.215650382226158e-15,5.429940636409468e-15
15,75.0,6.0,5,FSDT,1.0,1,1.047169605892195,6.213390318643467e-13,4.3298697960381105e-15,4.996196930546588e-15
15,75.0,6.0,5,FSDT,1.0,2,1.1487547336188721,2.826026903506915e-13,4.3298697960381105e-15,4.996196930546588e-15
15,75.0,6.0,5,FSDT,1.0,3,3.7434749729788948,6.523443023669292e-14,4.3298697960381105e-15,4.996196930546588e-15
15,75.0,6.0,5,FSDT,1.0,4,5.3641183774454735,8.425765253289164e-14,4.3298697960381105e-15,4.996196930546588e-15
15,75.0,6.0,5,FSDT,1.0,5,7.9532979711300795,7.453644900230319e-14,4.3298697960381105e-15,4.996196930546588e-15
15,75.0,6.0,5,FSDT,1.0,6,8.258197454300761,5.86982034225493e-14,4.3298697960381105e-15,4.996196930546588e-15
15,75.0,6.0,5,FSDT,1.0,7,10.68345957946853,5.892524374263849e-14,4.3298697960381105e-15,4.996196930546588e-15
15,75.0,6.0,5,FSDT,1.0,8,11.46949782265613,3.8349265475654407e-14,4.3298697960381105e-15,4.996196930546588e-15
15,75.0,6.0,6,FSDT,0.0,1,1.1801675227713255,3.304109242005734e-13,2.220446049250313e-15,4.456567674449868e-15
15,75.0,6.0,6,FSDT,0.0,2,1.2860630465027982,3.9817256128472e-13,2.220446049250313e-15,4.456567674449868e-15
15,75.0,6.0,6,FSDT,0.0,3,2.943796384493303,9.747437118668286e-14,2.220446049250313e-15,4.456567674449868e-15
15,75.0,6.0,6,FSDT,0.0,4,4.59548982762287,1.323937667685262e-13,2.220446049250313e-15,4.456567674449868e-15
15,75.0,6.0,6,FSDT,0.0,5,8.429417812298231,6.867252386207759e-14,2.220446049250313e-15,4.456567674449868e-15
15,75.0,6.0,6,FSDT,0.0,6,8.69913445122369,5.6775189434035846e-14,2.220446049250313e-15,4.456567674449868e-15
15,75.0,6.0,6,FSDT,0.0,7,10.39190832088495,9.992082563955507e-14,2.220446049250313e-15,4.456567674449868e-15
15,75.0,6.0,6,FSDT,0.0,8,11.291113146486074,6.378822102279844e-14,2.220446049250313e-15,4.456567674449868e-15
15,75.0,6.0,6,FSDT,1.0,1,1.2282030926543193,2.6064582817448414e-13,8.43769498715119e-15,5.353372722597015e-15
15,75.0,6.0,6,FSDT,1.0,2,1.3460875231657243,3.6483119926367754e-13,8.43769498715119e-15,5.353372722597015e-15
15,75.0,6.0,6,FSDT,1.0,3,3.071422654731201,9.467160497742179e-14,8.43769498715119e-15,5.353372722597015e-15
15,75.0,6.0,6,FSDT,1.0,4,4.773151185638736,1.205673161062357e-13,8.43769498715119e-15,5.353372722597015e-15
15,75.0,6.0,6,FSDT,1.0,5,8.768702338262033,7.371857496449777e-14,8.43769498715119e-15,5.353372722597015e-15
15,75.0,6.0,6,FSDT,1.0,6,9.031225284930603,6.215629088535155e-14,8.43769498715119e-15,5.353372722597015e-15
15,75.0,6.0,6,FSDT,1.0,7,10.837183659291389,5.355960081591126e-14,8.43769498715119e-15,5.353372722597015e-15
15,75.0,6.0,6,FSDT,1.0,8,11.690790799339124,4.297471903654644e-14,8.43769498715119e-15,5.353372722597015e-15
15,75.0,6.0,7,FSDT,0.0,1,1.3588250185838586,2.5723512121795963e-13,2.4424906541753444e-15,5.709906929701688e-15
15,75.0,6.0,7,FSDT,0.0,2,1.5832319489992448,2.638471953002133e-13,2.4424906541753444e-15,5.709906929701688e-15
15,75.0,6.0,7,FSDT,0.0,3,2.2607417532966188,1.346803987498202e-13,2.4424906541753444e-15,5.709906929701688e-15
15,75.0,6.0,7,FSDT,0.0,4,4.123220928905182,1.655934637474462e-13,2.4424906541753444e-15,5.709906929701688e-15
15,75.0,6.0,7,FSDT,0.0,5,9.214283801822171,7.27389735362928e-14,2.4424906541753444e-15,5.709906929701688e-15
15,75.0,6.0,7,FSDT,0.0,6,9.357721554575999,6.909952393256833e-14,2.4424906541753444e-15,5.709906929701688e-15
15,75.0,6.0,7,FSDT,0.0,7,10.602004388791881,6.653085682021966e-14,2.4424906541753444e-15,5.709906929701688e-15
15,75.0,6.0,7,FSDT,0.0,8,11.686492073784743,4.605921157074992e-14,2.4424906541753444e-15,5.709906929701688e-15
15,75.0,6.0,7,FSDT,1.0,1,1.4174763978302098,2.679287153531441e-13,1.9984014443252818e-15,5.836846141536045e-15
15,75.0,6.0,7,FSDT,1.0,2,1.6578416470311932,2.4899805242185724e-13,1.9984014443252818e-15,5.836846141536045e-15
15,75.0,6.0,7,FSDT,1.0,3,2.3601327609640097,1.2454028837644399e-13,1.9984014443252818e-15,5.836846141536045e-15
15,75.0,6.0,7,FSDT,1.0,4,4.270331658559449,1.3449194643209328e-13,1.9984014443252818e-15,5.836846141536045e-15
15,75.0,6.0,7,FSDT,1.0,5,9.606546465801294,5.864605561156331e-14,1.9984014443252818e-15,5.836846141536045e-15
15,75.0,6.0,7,FSDT,1.0,6,9.752170605509372,8.066227582222968e-14,1.9984014443252818e-15,5.836846141536045e-15
15,75.0,6.0,7,FSDT,1.0,7,11.07831500953265,6.412310971802277e-14,1.9984014443252818e-15,5.836846141536045e-15
15,75.0,6.0,7,FSDT,1.0,8,12.091235253144337,9.234030262784479e-14,1.9984014443252818e-15,5.836846141536045e-15
15,75.0,6.0,8,FSDT,0.0,1,1.6999049106341222,2.6252141041516133e-13,7.327471962526033e-15,4.793824294521868e-15
15,75.0,6.0,8,FSDT,0.0,2,1.7193456428584264,6.683337674616176e-13,7.327471962526033e-15,4.793824294521868e-15
15,75.0,6.0,8,FSDT,0.0,3,1.71934678071848,2.625405562268608e-13,7.327471962526033e-15,4.793824294521868e-15
15,75.0,6.0,8,FSDT,0.0,4,3.927537921106469,1.7117740643254544e-13,7.327471962526033e-15,4.793824294521868e-15
15,75.0,6.0,8,FSDT,0.0,5,9.61253948511426,8.257843378444414e-14,7.327471962526033e-15,4.793824294521868e-15
15,75.0,6.0,8,FSDT,0.0,6,9.612540353325242,1.1946704249179708e-13,7.327471962526033e-15,4.793824294521868e-15
15,75.0,6.0,8,FSDT,0.0,7,10.74737106612657,2.0123186316397613e-13,7.327471962526033e-15,4.793824294521868e-15
15,75.0,6.0,8,FSDT,0.0,8,11.483561116324328,2.0250467127024269e-13,7.327471962526033e-15,4.793824294521868e-15
15,75.0,6.0,8,FSDT,1.0,1,1.7694912635806936,1.752194703211567e-13,3.774758283725532e-15,5.4569886464464236e-15
15,75.0,6.0,8,FSDT,1.0,2,1.8017368481497105,4.746490655852657e-13,3.774758283725532e-15,5.4569886464464236e-15
15,75.0,6.0,8,FSDT,1.0,3,1.801738677352298,2.4483454851807784e-13,3.774758283725532e-15,5.4569886464464236e-15
15,75.0,6.0,8,FSDT,1.0,4,4.061691700058438,1.6086668821585344e-13,3.774758283725532e-15,5.4569886464464236e-15
15,75.0,6.0,8,FSDT,1.0,5,10.03543416505843,1.210145567755464e-13,3.774758283725532e-15,5.4569886464464236e-15
15,75.0,6.0,8,FSDT,1.0,6,10.035515047687237,8.187143486283327e-14,3.774758283725532e-15,5.4569886464464236e-15
15,75.0,6.0,8,FSDT,1.0,7,11.253961560859688,1.7019847402599733e-13,3.774758283725532e-15,5.4569886464464236e-15
15,75.0,6.0,8,FSDT,1.0,8,11.856533383254748,1.2512066197651403e-13,3.774758283725532e-15,5.4569886464464236e-15
15,75.0,6.0,9,FSDT,0.0,1,1.044268143782455,3.517731244911495e-13,1.6653345369377348e-15,5.2476849080314055e-15
15,75.0,6.0,9,FSDT,0.0,2,1.9680557285737184,1.8743916687717957e-13,1.6653345369377348e-15,5.2476849080314055e-15
15,75.0,6.0,9,FSDT,0.0,3,2.2490707005021036,1.353892377827396e-13,1.6653345369377348e-15,5.2476849080314055e-15
15,75.0,6.0,9,FSDT,0.0,4,4.314560612418048,1.2607351703888862e-13,1.6653345369377348e-15,5.2476849080314055e-15
15,75.0,6.0,9,FSDT,0.0,5,8.824024711435046,6.709664031278265e-14,1.6653345369377348e-15,5.2476849080314055e-15
15,75.0,6.0,9,FSDT,0.0,6,9.369316052308806,7.362741695909684e-14,1.6653345369377348e-15,5.2476849080314055e-15
15,75.0,6.0,9,FSDT,0.0,7,10.227045521437049,7.276547574868253e-14,1.6653345369377348e-15,5.2476849080314055e-15
15,75.0,6.0,9,FSDT,0.0,8,11.491888321054763,5.4264559766544453e-14,1.6653345369377348e-15,5.2476849080314055e-15
15,75.0,6.0,9,FSDT,1.0,1,1.0909617447189826,3.723503672968344e-13,1.3322676295501878e-15,5.5606800655562174e-15
15,75.0,6.0,9,FSDT,1.0,2,2.057135903162801,1.8166879529021664e-13,1.3322676295501878e-15,5.5606800655562174e-15
15,75.0,6.0,9,FSDT,1.0,3,2.3444613497721014,1.2705023790588982e-13,1.3322676295501878e-15,5.5606800655562174e-15
15,75.0,6.0,9,FSDT,1.0,4,4.474532418576563,1.2679294478697838e-13,1.3322676295501878e-15,5.5606800655562174e-15
15,75.0,6.0,9,FSDT,1.0,5,9.1864079459529,7.186953743991678e-14,1.3322676295501878e-15,5.5606800655562174e-15
15,75.0,6.0,9,FSDT,1.0,6,9.771985991672933,7.203673659623605e-14,1.3322676295501878e-15,5.5606800655562174e-15
15,75.0,6.0,9,FSDT,1.0,7,10.63644926168536,8.124271952507278e-14,1.3322676295501878e-15,5.5606800655562174e-15
15,75.0,6.0,9,FSDT,1.0,8,11.891267855208474,1.0627939209001617e-13,1.3322676295501878e-15,5.5606800655562174e-15
15,75.0,6.0,10,FSDT,0.0,1,0.47388397599249044,1.0953625172710563e-12,3.9968028886505635e-15,6.10395564205621e-15
15,75.0,6.0,10,FSDT,0.0,2,2.5483468232559723,1.4939526321786e-13,3.9968028886505635e-15,6.10395564205621e-15
15,75.0,6.0,10,FSDT,0.0,3,2.665077851986441,1.3760491782442703e-13,3.9968028886505635e-15,6.10395564205621e-15
15,75.0,6.0,10,FSDT,0.0,4,5.080879361172272,9.432659632357668e-14,3.9968028886505635e-15,6.10395564205621e-15
15,75.0,6.0,10,FSDT,0.0,5,7.831200519783054,6.783145115537351e-14,3.9968028886505635e-15,6.10395564205621e-15
15,75.0,6.0,10,FSDT,0.0,6,8.904728414282566,6.647324341178656e-14,3.9968028886505635e-15,6.10395564205621e-15
15,75.0,6.0,10,FSDT,0.0,7,9.113335962078494,8.336596244587232e-14,3.9968028886505635e-15,6.10395564205621e-15
15,75.0,6.0,10,FSDT,0.0,8,11.164238868857748,4.5702946790370334e-14,3.9968028886505635e-15,6.10395564205621e-15
15,75.0,6.0,10,FSDT,1.0,1,0.4947911356988111,1.0415820673992866e-12,2.6645352591003757e-15,5.587538022165295e-15
15,75.0,6.0,10,FSDT,1.0,2,2.657306223655672,1.412814799281817e-13,2.6645352591003757e-15,5.587538022165295e-15
15,75.0,6.0,10,FSDT,1.0,3,2.7764902801408224,1.2421759103788013e-13,2.6645352591003757e-15,5.587538022165295e-15
15,75.0,6.0,10,FSDT,1.0,4,5.295535055613481,8.324657222475202e-14,2.6645352591003757e-15,5.587538022165295e-15
15,75.0,6.0,10,FSDT,1.0,5,8.12926850775186,5.718404226265907e-14,2.6645352591003757e-15,5.587538022165295e-15
15,75.0,6.0,10,FSDT,1.0,6,9.202407712995509,4.8066583605045637e-14,2.6645352591003757e-15,5.587538022165295e-15
15,75.0,6.0,10,FSDT,1.0,7,9.493591160097147,6.924965104920205e-14,2.6645352591003757e-15,5.587538022165295e-15
15,75.0,6.0,10,FSDT,1.0,8,11.550014429787478,3.984472285147381e-14,2.6645352591003757e-15,5.587538022165295e-15
15,75.0,6.0,11,FSDT,0.0,1,0.11769926084088905,8.06725310976471e-12,1.9984014443252818e-15,5.494166868088882e-15
15,75.0,6.0,11,FSDT,0.0,2,3.1319290572203617,1.1456134745806432e-13,1.9984014443252818e-15,5.494166868088882e-15
15,75.0,6.0,11,FSDT,0.0,3,3.167789344336936,8.876213761937253e-14,1.9984014443252818e-15,5.494166868088882e-15
15,75.0,6.0,11,FSDT,0.0,4,5.140214805422168,9.523293019876959e-14,1.9984014443252818e-15,5.494166868088882e-15
15,75.0,6.0,11,FSDT,0.0,5,7.967787576686952,7.520098546346619e-14,1.9984014443252818e-15,5.494166868088882e-15
15,75.0,6.0,11,FSDT,0.0,6,7.975313702874751,1.2884376434534855e-13,1.9984014443252818e-15,5.494166868088882e-15
15,75.0,6.0,11,FSDT,0.0,7,8.749580472371177,5.6521017517516465e-14,1.9984014443252818e-15,5.494166868088882e-15
15,75.0,6.0,11,FSDT,0.0,8,10.864970576308446,6.110622639823545e-14,1.9984014443252818e-15,5.494166868088882e-15
15,75.0,6.0,11,FSDT,1.0,1,0.12282315736947368,7.396277300772231e-12,2.4424906541753444e-15,5.211083712795592e-15
15,75.0,6.0,11,FSDT,1.0,2,3.26713947797174,1.157524330964126e-13,2.4424906541753444e-15,5.211083712795592e-15
15,75.0,6.0,11,FSDT,1.0,3,3.30497559753061,9.064914638348908e-14,2.4424906541753444e-15,5.211083712795592e-15
15,75.0,6.0,11,FSDT,1.0,4,5.367949967759832,8.37065813557091e-14,2.4424906541753444e-15,5.211083712795592e-15
15,75.0,6.0,11,FSDT,1.0,5,8.180348654311484,7.146942562003034e-14,2.4424906541753444e-15,5.211083712795592e-15
15,75.0,6.0,11,FSDT,1.0,6,8.28319912372681,9.322406690344707e-14,2.4424906541753444e-15,5.211083712795592e-15
15,75.0,6.0,11,FSDT,1.0,7,9.13112812062664,7.533848750610076e-14,2.4424906541753444e-15,5.211083712795592e-15
15,75.0,6.0,11,FSDT,1.0,8,11.24779980827174,4.290374504117635e-14,2.4424906541753444e-15,5.211083712795592e-15
15,75.0,6.0,0,TSDT,0.0,1,0.0,0.9947369135124313,1.887379141862766e-15,6.679124357198088e-15
15,75.0,6.0,0,TSDT,0.0,2,3.464013811185128,2.5260550058119096e-13,1.887379141862766e-15,6.679124357198088e-15
15,75.0,6.0,0,TSDT,0.0,3,3.4640138111851337,6.574462709936048e-14,1.887379141862766e-15,6.679124357198088e-15
15,75.0,6.0,0,TSDT,0.0,4,4.790362912303658,9.024727607708217e-14,1.887379141862766e-15,6.679124357198088e-15
15,75.0,6.0,0,TSDT,0.0,5,7.555059605302709,1.3566704091293133e-13,1.887379141862766e-15,6.679124357198088e-15
15,75.0,6.0,0,TSDT,0.0,6,8.671210565356807,1.0265860516256845e-13,1.887379141862766e-15,6.679124357198088e-15
15,75.0,6.0,0,TSDT,0.0,7,8.67121056535687,8.910300091308083e-14,1.887379141862766e-15,6.679124357198088e-15
15,75.0,6.0,0,TSDT,0.0,8,10.632890199462619,9.777594724192697e-14,1.887379141862766e-15,6.679124357198088e-15
15,75.0,6.0,0,TSDT,1.0,1,0.0,0.9981680709936702,4.884981308350689e-15,6.6533669436770606e-15
15,75.0,6.0,0,TSDT,1.0,2,3.63272965678092,1.8041054168393787e-13,4.884981308350689e-15,6.6533669436770606e-15
15,75.0,6.0,0,TSDT,1.0,3,3.6327296567809766,2.320159950872783e-13,4.884981308350689e-15,6.6533669436770606e-15
15,75.0,6.0,0,TSDT,1.0,4,5.026906442671657,7.307581849092172e-14,4.884981308350689e-15,6.6533669436770606e-15
15,75.0,6.0,0,TSDT,1.0,5,7.783529815673246,7.771950598984285e-14,4.884981308350689e-15,6.6533669436770606e-15
15,75.0,6.0,0,TSDT,1.0,6,9.124434693196664,3.174857759508673e-13,4.884981308350689e-15,6.6533669436770606e-15
15,75.0,6.0,0,TSDT,1.0,7,9.12443469319675,2.2738707747110553e-13,4.884981308350689e-15,6.6533669436770606e-15
15,75.0,6.0,0,TSDT,1.0,8,11.148985187879914,4.413688576553848e-14,4.884981308350689e-15,6.6533669436770606e-15
15,75.0,6.0,1,TSDT,0.0,1,0.053015041234439786,1.9187465445025526e-11,2.220446049250313e-15,6.060664588602129e-15
15,75.0,6.0,1,TSDT,0.0,2,3.0908128890900612,8.483251155631309e-14,2.220446049250313e-15,6.060664588602129e-15
15,75.0,6.0,1,TSDT,0.0,3,3.5183483673148404,6.245178983236405e-14,2.220446049250313e-15,6.060664588602129e-15
15,75.0,6.0,1,TSDT,0.0,4,4.986919140490363,8.566246848321255e-14,2.220446049250313e-15,6.060664588602129e-15
15,75.0,6.0,1,TSDT,0.0,5,7.771844765959823,6.44651092703455e-14,2.220446049250313e-15,6.060664588602129e-15
15,75.0,6.0,1,TSDT,0.0,6,8.402256080554567,8.458380242383987e-14,2.220446049250313e-15,6.060664588602129e-15
15,75.0,6.0,1,TSDT,0.0,7,8.514202619835116,1.0738876677643972e-13,2.220446049250313e-15,6.060664588602129e-15
15,75.0,6.0,1,TSDT,0.0,8,10.932179635866845,5.1319908100341283e-14,2.220446049250313e-15,6.060664588602129e-15
15,75.0,6.0,1,TSDT,1.0,1,0.0555697005928766,1.8267273432056666e-11,4.6629367034256575e-15,5.130805639491778e-15
15,75.0,6.0,1,TSDT,1.0,2,3.237405646364382,9.604793271815564e-14,4.6629367034256575e-15,5.130805639491778e-15
15,75.0,6.0,1,TSDT,1.0,3,3.6895816056310866,5.341541480291717e-14,4.6629367034256575e-15,5.130805639491778e-15
15,75.0,6.0,1,TSDT,1.0,4,5.235351246774725,7.397655083188667e-14,4.6629367034256575e-15,5.130805639491778e-15
15,75.0,6.0,1,TSDT,1.0,5,8.018183647989966,5.697093090031277e-14,4.6629367034256575e-15,5.130805639491778e-15
15,75.0,6.0,1,TSDT,1.0,6,8.811525081722392,5.060962422629439e-14,4.6629367034256575e-15,5.130805639491778e-15
15,75.0,6.0,1,TSDT,1.0,7,8.949275767980778,6.264049365369665e-14,4.6629367034256575e-15,5.130805639491778e-15
15,75.0,6.0,1,TSDT,1.0,8,11.477916821565447,4.3869624594134616e-14,4.6629367034256575e-15,5.130805639491778e-15
15,75.0,6.0,2,TSDT,0.0,1,0.2167953676440915,2.5333618737921995e-12,3.552713678800501e-15,6.1377728775076135e-15
15,75.0,6.0,2,TSDT,0.0,2,2.3707021301161233,1.1395074774616786e-13,3.552713678800501e-15,6.1377728775076135e-15
15,75.0,6.0,2,TSDT,0.0,3,3.657570036133775,5.917950704599082e-14,3.552713678800501e-15,6.1377728775076135e-15
15,75.0,6.0,2,TSDT,0.0,4,5.24738994614534,6.992403538982292e-14,3.552713678800501e-15,6.1377728775076135e-15
15,75.0,6.0,2,TSDT,0.0,5,7.892020189312499,7.701666675006001e-14,3.552713678800501e-15,6.1377728775076135e-15
15,75.0,6.0,2,TSDT,0.0,6,7.974267068209228,6.299205208474378e-14,3.552713678800501e-15,6.1377728775076135e-15
15,75.0,6.0,2,TSDT,0.0,7,8.636314198956562,6.18790204254525e-14,3.552713678800501e-15,6.1377728775076135e-15
15,75.0,6.0,2,TSDT,0.0,8,11.557146509513496,4.677629515226777e-14,3.552713678800501e-15,6.1377728775076135e-15
15,75.0,6.0,2,TSDT,1.0,1,0.2272062290106269,2.251147186220353e-12,1.7763568394002505e-15,5.6869158448212525e-15
15,75.0,6.0,2,TSDT,1.0,2,2.479327902185747,1.0911714821808073e-13,1.7763568394002505e-15,5.6869158448212525e-15
15,75.0,6.0,2,TSDT,1.0,3,3.8356178339355265,5.867242894425799e-14,1.7763568394002505e-15,5.6869158448212525e-15
15,75.0,6.0,2,TSDT,1.0,4,5.510130083525964,6.580018687391882e-14,1.7763568394002505e-15,5.6869158448212525e-15
15,75.0,6.0,2,TSDT,1.0,5,8.242470440647477,9.027437182977156e-14,1.7763568394002505e-15,5.6869158448212525e-15
15,75.0,6.0,2,TSDT,1.0,6,8.292447351766377,1.0681164011493904e-13,1.7763568394002505e-15,5.6869158448212525e-15
15,75.0,6.0,2,TSDT,1.0,7,9.020862082596917,5.038006297995439e-14,1.7763568394002505e-15,5.6869158448212525e-15
15,75.0,6.0,2,TSDT,1.0,8,12.161549015577304,3.771704688826188e-14,1.7763568394002505e-15,5.6869158448212525e-15
15,75.0,6.0,3,TSDT,0.0,1,0.5083338996889561,7.567716771907261e-13,2.6645352591003757e-15,6.749837333831179e-15
15,75.0,6.0,3,TSDT,0.0,2,1.6285155486413934,1.729044448289948e-13,2.6645352591003757e-15,6.749837333831179e-15
15,75.0,6.0,3,TSDT,0.0,3,3.8113622120112596,6.822594149208579e-14,2.6645352591003757e-15,6.749837333831179e-15
15,75.0,6.0,3,TSDT,0.0,4,5.4053518382706764,7.236848698364906e-14,2.6645352591003757e-15,6.749837333831179e-15
15,75.0,6.0,3,TSDT,0.0,5,7.468502446516892,8.262718450701702e-14,2.6645352591003757e-15,6.749837333831179e-15
15,75.0,6.0,3,TSDT,0.0,6,7.7636828074421045,6.622185577834315e-14,2.6645352591003757e-15,6.749837333831179e-15
15,75.0,6.0,3,TSDT,0.0,7,9.49141914868641,5.1293214423271716e-14,2.6645352591003757e-15,6.749837333831179e-15
15,75.0,6.0,3,TSDT,0.0,8,11.684810996654651,8.656632361053407e-14,2.6645352591003757e-15,6.749837333831179e-15
15,75.0,6.0,3,TSDT,1.0,1,0.5326361560803559,8.79970961155456e-13,2.3314683517128287e-15,6.8363294365753455e-15
15,75.0,6.0,3,TSDT,1.0,2,1.7016374849009477,1.764226010078228e-13,2.3314683517128287e-15,6.8363294365753455e-15
15,75.0,6.0,3,TSDT,1.0,3,3.9976438280251427,5.15297623549154e-14,2.3314683517128287e-15,6.8363294365753455e-15
15,75.0,6.0,3,TSDT,1.0,4,5.678740199617302,6.032385950320458e-14,2.3314683517128287e-15,6.8363294365753455e-15
15,75.0,6.0,3,TSDT,1.0,5,7.78075335166727,1.2216381953703806e-13,2.3314683517128287e-15,6.8363294365753455e-15
15,75.0,6.0,3,TSDT,1.0,6,8.088397498988783,5.825955379367974e-14,2.3314683517128287e-15,6.8363294365753455e-15
15,75.0,6.0,3,TSDT,1.0,7,9.922628797619263,5.070835305871073e-14,2.3314683517128287e-15,6.8363294365753455e-15
15,75.0,6.0,3,TSDT,1.0,8,12.271192085596498,6.540483029062813e-14,2.3314683517128287e-15,6.8363294365753455e-15
15,75.0,6.0,4,TSDT,0.0,1,0.8740605120859527,5.171613172815531e-13,1.9984014443252818e-15,5.900367853084479e-15
15,75.0,6.0,4,TSDT,0.0,2,1.0875955815525389,2.460563386125844e-13,1.9984014443252818e-15,5.900367853084479e-15
15,75.0,6.0,4,TSDT,0.0,3,3.8806560220710624,6.896525895082804e-14,1.9984014443252818e-15,5.900367853084479e-15
15,75.0,6.0,4,TSDT,0.0,4,5.458356882913656,7.083430921198995e-14,1.9984014443252818e-15,5.900367853084479e-15
15,75.0,6.0,4,TSDT,0.0,5,7.30472519675002,7.025671313606533e-14,1.9984014443252818e-15,5.900367853084479e-15
15,75.0,6.0,4,TSDT,0.0,6,7.66902504822315,7.971679492672423e-14,1.9984014443252818e-15,5.900367853084479e-15
15,75.0,6.0,4,TSDT,0.0,7,10.234324233417967,1.2009922041458856e-13,1.9984014443252818e-15,5.900367853084479e-15
15,75.0,6.0,4,TSDT,0.0,8,11.025791293516047,7.419223128342382e-14,1.9984014443252818e-15,5.900367853084479e-15
15,75.0,6.0,4,TSDT,1.0,1,0.9182040654213718,4.780130298497931e-13,5.995204332975845e-15,5.881373667347388e-15
15,75.0,6.0,4,TSDT,1.0,2,1.1331033830156443,2.030836607573325e-13,5.995204332975845e-15,5.881373667347388e-15
15,75.0,6.0,4,TSDT,1.0,3,4.070936820067568,5.22115575711065e-14,5.995204332975845e-15,5.881373667347388e-15
15,75.0,6.0,4,TSDT,1.0,4,5.736427842197187,6.712604469071279e-14,5.995204332975845e-15,5.881373667347388e-15
15,75.0,6.0,4,TSDT,1.0,5,7.603394218073133,5.522334505010552e-14,5.995204332975845e-15,5.881373667347388e-15
15,75.0,6.0,4,TSDT,1.0,6,7.986275433772789,9.705761869171932e-14,5.995204332975845e-15,5.881373667347388e-15
15,75.0,6.0,4,TSDT,1.0,7,10.76274077820558,5.3084367963555777e-14,5.995204332975845e-15,5.881373667347388e-15
15,75.0,6.0,4,TSDT,1.0,8,11.497850830856228,3.620863790791788e-14,5.995204332975845e-15,5.881373667347388e-15
15,75.0,6.0,5,TSDT,0.0,1,0.9991513985752166,3.9544845567544003e-13,1.3211653993039363e-14,6.2890554168918885e-15
15,75.0,6.0,5,TSDT,0.0,2,1.106815435873582,2.4235871065051867e-13,1.3211653993039363e-14,6.2890554168918885e-15
15,75.0,6.0,5,TSDT,0.0,3,3.5883983395427625,5.988006908986024e-14,1.3211653993039363e-14,6.2890554168918885e-15
15,75.0,6.0,5,TSDT,0.0,4,5.153896291972055,9.174054810627804e-14,1.3211653993039363e-14,6.2890554168918885e-15
15,75.0,6.0,5,TSDT,0.0,5,7.680983076690122,7.170362204253431e-14,1.3211653993039363e-14,6.2890554168918885e-15
15,75.0,6.0,5,TSDT,0.0,6,7.999470158382142,5.762175244922676e-14,1.3211653993039363e-14,6.2890554168918885e-15
15,75.0,6.0,5,TSDT,0.0,7,10.281246343568172,6.653933527773709e-14,1.3211653993039363e-14,6.2890554168918885e-15
15,75.0,6.0,5,TSDT,0.0,8,11.091475856449886,4.968144381594286e-14,1.3211653993039363e-14,6.2890554168918885e-15
15,75.0,6.0,5,TSDT,1.0,1,1.0482875832385996,3.5699089523669255e-13,6.994405055138486e-15,6.100045904553703e-15
15,75.0,6.0,5,TSDT,1.0,2,1.1537839891570387,2.16804874646525e-13,6.994405055138486e-15,6.100045904553703e-15
15,75.0,6.0,5,TSDT,1.0,3,3.761507651276992,5.24932037313649e-14,6.994405055138486e-15,6.100045904553703e-15
15,75.0,6.0,5,TSDT,1.0,4,5.401025082891698,6.671350668888035e-14,6.994405055138486e-15,6.100045904553703e-15
15,75.0,6.0,5,TSDT,1.0,5,8.017623111588707,7.138026055066211e-14,6.994405055138486e-15,6.100045904553703e-15
15,75.0,6.0,5,TSDT,1.0,6,8.344942202710081,5.459524687059419e-14,6.994405055138486e-15,6.100045904553703e-15
15,75.0,6.0,5,TSDT,1.0,7,10.814737381313133,4.6088345026407236e-14,6.994405055138486e-15,6.100045904553703e-15
15,75.0,6.0,5,TSDT,1.0,8,11.564654695272013,4.119182610297815e-14,6.994405055138486e-15,6.100045904553703e-15
15,75.0,6.0,6,TSDT,0.0,1,1.1809889380450946,2.7283126809620196e-13,1.2878587085651816e-14,6.1566930564528945e-15
15,75.0,6.0,6,TSDT,0.0,2,1.2864502194916725,2.8005084249774174e-13,1.2878587085651816e-14,6.1566930564528945e-15
15,75.0,6.0,6,TSDT,0.0,3,2.945545966693084,7.910854143963051e-14,1.2878587085651816e-14,6.1566930564528945e-15
15,75.0,6.0,6,TSDT,0.0,4,4.601958801683808,1.1472060213677386e-13,1.2878587085651816e-14,6.1566930564528945e-15
15,75.0,6.0,6,TSDT,0.0,5,8.443856145180305,5.90067721764378e-14,1.2878587085651816e-14,6.1566930564528945e-15
15,75.0,6.0,6,TSDT,0.0,6,8.71826157836544,6.64387303251978e-14,1.2878587085651816e-14,6.1566930564528945e-15
15,75.0,6.0,6,TSDT,0.0,7,10.419298640629327,5.769702209032368e-14,1.2878587085651816e-14,6.1566930564528945e-15
15,75.0,6.0,6,TSDT,0.0,8,11.313280759112825,5.281740017207398e-14,1.2878587085651816e-14,6.1566930564528945e-15
15,75.0,6.0,6,TSDT,1.0,1,1.2331356213049214,2.0813377772940014e-13,3.552713678800501e-15,5.940254712777166e-15
15,75.0,6.0,6,TSDT,1.0,2,1.3483917082590435,2.6933862281860184e-13,3.552713678800501e-15,5.940254712777166e-15
15,75.0,6.0,6,TSDT,1.0,3,3.0852087273141047,6.768325068583135e-14,3.552713678800501e-15,5.940254712777166e-15
15,75.0,6.0,6,TSDT,1.0,4,4.804959403066427,1.0683435616246609e-13,3.552713678800501e-15,5.940254712777166e-15
15,75.0,6.0,6,TSDT,1.0,5,8.84614667815164,7.04866713473961e-14,3.552713678800501e-15,5.940254712777166e-15
15,75.0,6.0,6,TSDT,1.0,6,9.130507086890786,4.8610228369147736e-14,3.552713678800501e-15,5.940254712777166e-15
15,75.0,6.0,6,TSDT,1.0,7,10.969135979128495,4.5702055163304235e-14,3.552713678800501e-15,5.940254712777166e-15
15,75.0,6.0,6,TSDT,1.0,8,11.790131643092105,4.1353333994685956e-14,3.552713678800501e-15,5.940254712777166e-15
15,75.0,6.0,7,TSDT,0.0,1,1.359599274698826,2.0310308223514623e-13,4.3298697960381105e-15,6.205124547072308e-15
15,75.0,6.0,7,TSDT,0.0,2,1.5837454990276736,2.0013451137933928e-13,4.3298697960381105e-15,6.205124547072308e-15
15,75.0,6.0,7,TSDT,0.0,3,2.2619740871347815,1.0975605179987911e-13,4.3298697960381105e-15,6.205124547072308e-15
15,75.0,6.0,7,TSDT,0.0,4,4.129371913643233,1.19620109494217e-13,4.3298697960381105e-15,6.205124547072308e-15
15,75.0,6.0,7,TSDT,0.0,5,9.230743246538761,1.1775080934100102e-13,4.3298697960381105e-15,6.205124547072308e-15
15,75.0,6.0,7,TSDT,0.0,6,9.376951019716037,6.204034250649034e-14,4.3298697960381105e-15,6.205124547072308e-15
15,75.0,6.0,7,TSDT,0.0,7,10.628256630127407,9.858453584776377e-14,4.3298697960381105e-15,6.205124547072308e-15
15,75.0,6.0,7,TSDT,0.0,8,11.705659888757022,1.4061640856499763e-13,4.3298697960381105e-15,6.205124547072308e-15
15,75.0,6.0,7,TSDT,1.0,1,1.4225838736274672,1.8734187346421064e-13,2.220446049250313e-15,7.305795556717639e-15
15,75.0,6.0,7,TSDT,1.0,2,1.661081705258989,1.6859946978862818e-13,2.220446049250313e-15,7.305795556717639e-15
15,75.0,6.0,7,TSDT,1.0,3,2.369384095337337,1.040465049743011e-13,2.220446049250313e-15,7.305795556717639e-15
15,75.0,6.0,7,TSDT,1.0,4,4.29854800675035,1.1212943107975865e-13,2.220446049250313e-15,7.305795556717639e-15
15,75.0,6.0,7,TSDT,1.0,5,9.704384493813187,4.167086505263428e-14,2.220446049250313e-15,7.305795556717639e-15
15,75.0,6.0,7,TSDT,1.0,6,9.864695220283718,6.596634033505316e-14,2.220446049250313e-15,7.305795556717639e-15
15,75.0,6.0,7,TSDT,1.0,7,11.208635697322329,8.510902592303492e-14,2.220446049250313e-15,7.305795556717639e-15
15,75.0,6.0,7,TSDT,1.0,8,12.192958181925881,4.271700011606173e-14,2.220446049250313e-15,7.305795556717639e-15
15,75.0,6.0,8,TSDT,0.0,1,1.7011061796275369,1.7116174757558797e-13,5.551115123125783e-15,6.264492702042508e-15
15,75.0,6.0,8,TSDT,0.0,2,1.7198745592348303,3.845398648202813e-13,5.551115123125783e-15,6.264492702042508e-15
15,75.0,6.0,8,TSDT,0.0,3,1.719874984406119,1.9023362442443788e-13,5.551115123125783e-15,6.264492702042508e-15
15,75.0,6.0,8,TSDT,0.0,4,3.9335876284199185,1.402602300172044e-13,5.551115123125783e-15,6.264492702042508e-15
15,75.0,6.0,8,TSDT,0.0,5,9.631390241988752,6.712624232661899e-14,5.551115123125783e-15,6.264492702042508e-15
15,75.0,6.0,8,TSDT,0.0,6,9.631428144772707,1.7431956393859475e-13,5.551115123125783e-15,6.264492702042508e-15
15,75.0,6.0,8,TSDT,0.0,7,10.77167908943458,1.2582485664767772e-13,5.551115123125783e-15,6.264492702042508e-15
15,75.0,6.0,8,TSDT,0.0,8,11.495302116909489,8.447487751302884e-14,5.551115123125783e-15,6.264492702042508e-15
15,75.0,6.0,8,TSDT,1.0,1,1.7784565001433867,1.184037566851798e-13,2.4424906541753444e-15,6.525596288396218e-15
15,75.0,6.0,8,TSDT,1.0,2,1.8052603753661285,1.6127839990748119e-13,2.4424906541753444e-15,6.525596288396218e-15
15,75.0,6.0,8,TSDT,1.0,3,1.805261906474553,3.9926874710006806e-13,2.4424906541753444e-15,6.525596288396218e-15
15,75.0,6.0,8,TSDT,1.0,4,4.088709458612143,1.1579018508717672e-13,2.4424906541753444e-15,6.525596288396218e-15
15,75.0,6.0,8,TSDT,1.0,5,10.152742452207184,5.562958412323604e-14,2.4424906541753444e-15,6.525596288396218e-15
15,75.0,6.0,8,TSDT,1.0,6,10.15275105142613,2.3025762726661343e-13,2.4424906541753444e-15,6.525596288396218e-15
15,75.0,6.0,8,TSDT,1.0,7,11.379772917079848,9.45497855486644e-14,2.4424906541753444e-15,6.525596288396218e-15
15,75.0,6.0,8,TSDT,1.0,8,11.928398148822335,8.541939878395117e-14,2.4424906541753444e-15,6.525596288396218e-15
15,75.0,6.0,9,TSDT,0.0,1,1.0447470170127555,3.140575012028633e-13,7.549516567451064e-15,5.965514455125054e-15
15,75.0,6.0,9,TSDT,0.0,2,1.968919632969349,1.578635422275744e-13,7.549516567451064e-15,5.965514455125054e-15
15,75.0,6.0,9,TSDT,0.0,3,2.250527980626629,1.1076243753654985e-13,7.549516567451064e-15,5.965514455125054e-15
15,75.0,6.0,9,TSDT,0.0,4,4.320752349485257,1.3464856247766985e-13,7.549516567451064e-15,5.965514455125054e-15
15,75.0,6.0,9,TSDT,0.0,5,8.840201736672748,6.145766718115998e-14,7.549516567451064e-15,5.965514455125054e-15
15,75.0,6.0,9,TSDT,0.0,6,9.387830312269626,6.34406442201362e-14,7.549516567451064e-15,5.965514455125054e-15
15,75.0,6.0,9,TSDT,0.0,7,10.25264929827665,7.746410310763924e-14,7.549516567451064e-15,5.965514455125054e-15
15,75.0,6.0,9,TSDT,0.0,8,11.518315546197588,6.058985817859334e-14,7.549516567451064e-15,5.965514455125054e-15
15,75.0,6.0,9,TSDT,1.0,1,1.0938819023410662,2.5586377935208815e-13,3.9968028886505635e-15,6.5034286851471986e-15
15,75.0,6.0,9,TSDT,1.0,2,2.0626254226270566,1.3041479611571208e-13,3.9968028886505635e-15,6.5034286851471986e-15
15,75.0,6.0,9,TSDT,1.0,3,2.355064784475045,1.0602786982391165e-13,3.9968028886505635e-15,6.5034286851471986e-15
15,75.0,6.0,9,TSDT,1.0,4,4.503988092174669,1.0490808549506234e-13,3.9968028886505635e-15,6.5034286851471986e-15
15,75.0,6.0,9,TSDT,1.0,5,9.278513105020833,8.39758966986874e-14,3.9968028886505635e-15,6.5034286851471986e-15
15,75.0,6.0,9,TSDT,1.0,6,9.881434342559857,5.820122743614128e-14,3.9968028886505635e-15,6.5034286851471986e-15
15,75.0,6.0,9,TSDT,1.0,7,10.750971933315908,5.706773638584406e-14,3.9968028886505635e-15,6.5034286851471986e-15
15,75.0,6.0,9,TSDT,1.0,8,12.011559710648692,7.467074877021177e-14,3.9968028886505635e-15,6.5034286851471986e-15
15,75.0,6.0,10,TSDT,0.0,1,0.4740918859351243,7.753148809936279e-13,8.881784197001252e-16,6.6242714855872505e-15
15,75.0,6.0,10,TSDT,0.0,2,2.549877842749313,1.1148444528941255e-13,8.881784197001252e-16,6.6242714855872505e-15
15,75.0,6.0,10,TSDT,0.0,3,2.6671551123328174,1.138045202267372e-13,8.881784197001252e-16,6.6242714855872505e-15
15,75.0,6.0,10,TSDT,0.0,4,5.086945342250302,9.413993090091888e-14,8.881784197001252e-16,6.6242714855872505e-15
15,75.0,6.0,10,TSDT,0.0,5,7.8467187095684325,1.221603799609985e-13,8.881784197001252e-16,6.6242714855872505e-15
15,75.0,6.0,10,TSDT,0.0,6,8.923418440633572,4.210909915851403e-14,8.881784197001252e-16,6.6242714855872505e-15
15,75.0,6.0,10,TSDT,0.0,7,9.13426750376449,2.1180569051758642e-13,8.881784197001252e-16,6.6242714855872505e-15
15,75.0,6.0,10,TSDT,0.0,8,11.193860437434926,5.0914446863354595e-14,8.881784197001252e-16,6.6242714855872505e-15
15,75.0,6.0,10,TSDT,1.0,1,0.4958516442366077,7.572287693702358e-13,2.886579864025407e-15,5.1962618476644765e-15
15,75.0,6.0,10,TSDT,1.0,2,2.6671363903693144,1.1211126993394629e-13,2.886579864025407e-15,5.1962618476644765e-15
15,75.0,6.0,10,TSDT,1.0,3,2.790590255165826,8.160924514044431e-14,2.886579864025407e-15,5.1962618476644765e-15
15,75.0,6.0,10,TSDT,1.0,4,5.330986089365331,9.438313387507907e-14,2.886579864025407e-15,5.1962618476644765e-15
15,75.0,6.0,10,TSDT,1.0,5,8.20535098535226,5.037693304789687e-14,2.886579864025407e-15,5.1962618476644765e-15
15,75.0,6.0,10,TSDT,1.0,6,9.291676952444439,4.013689540043298e-14,2.886579864025407e-15,5.1962618476644765e-15
15,75.0,6.0,10,TSDT,1.0,7,9.591325833466048,1.2949552357788384e-13,2.886579864025407e-15,5.1962618476644765e-15
15,75.0,6.0,10,TSDT,1.0,8,11.676276105298701,3.476352638604566e-14,2.886579864025407e-15,5.1962618476644765e-15
15,75.0,6.0,11,TSDT,0.0,1,0.11775085823995095,5.597743193986327e-12,1.9984014443252818e-15,6.157778318655742e-15
15,75.0,6.0,11,TSDT,0.0,2,3.134327080679901,1.0486146240780125e-13,1.9984014443252818e-15,6.157778318655742e-15
15,75.0,6.0,11,TSDT,0.0,3,3.1698556050897615,8.274874484715082e-14,1.9984014443252818e-15,6.157778318655742e-15
15,75.0,6.0,11,TSDT,0.0,4,5.145969710716171,1.0175911862204815e-13,1.9984014443252818e-15,6.157778318655742e-15
15,75.0,6.0,11,TSDT,0.0,5,7.985782030189232,5.90300859215686e-14,1.9984014443252818e-15,6.157778318655742e-15
15,75.0,6.0,11,TSDT,0.0,6,7.992455534732698,9.893355220776366e-14,1.9984014443252818e-15,6.157778318655742e-15
15,75.0,6.0,11,TSDT,0.0,7,8.768029570463487,8.692595672277192e-14,1.9984014443252818e-15,6.157778318655742e-15
15,75.0,6.0,11,TSDT,0.0,8,10.89575878879299,1.5002802504540816e-13,1.9984014443252818e-15,6.157778318655742e-15
15,75.0,6.0,11,TSDT,1.0,1,0.12305753167391248,5.135479303649798e-12,1.3322676295501878e-15,7.032898580309664e-15
15,75.0,6.0,11,TSDT,1.0,2,3.2835403219348382,1.892668280523657e-13,1.3322676295501878e-15,7.032898580309664e-15
15,75.0,6.0,11,TSDT,1.0,3,3.3194303507593172,7.76134884291797e-14,1.3322676295501878e-15,7.032898580309664e-15
15,75.0,6.0,11,TSDT,1.0,4,5.40540103571045,8.189452838843593e-14,1.3322676295501878e-15,7.032898580309664e-15
15,75.0,6.0,11,TSDT,1.0,5,8.247750809245591,5.5802598623587154e-14,1.3322676295501878e-15,7.032898580309664e-15
15,75.0,6.0,11,TSDT,1.0,6,8.36393689755728,1.1287212838329045e-13,1.3322676295501878e-15,7.032898580309664e-15
15,75.0,6.0,11,TSDT,1.0,7,9.228770802219346,4.5972788846745545e-14,1.3322676295501878e-15,7.032898580309664e-15
15,75.0,6.0,11,TSDT,1.0,8,11.375493666712968,3.5976943934648916e-14,1.3322676295501878e-15,7.032898580309664e-15
15,75.0,9.0,0,FSDT,0.0,1,0.0,0.9877800245520074,2.9976021664879227e-15,4.4164326124727825e-15
15,75.0,9.0,0,FSDT,0.0,2,4.821525997082504,9.786509110763992e-14,2.9976021664879227e-15,4.4164326124727825e-15
15,75.0,9.0,0,FSDT,0.0,3,4.821525997082517,1.7736927241627916e-13,2.9976021664879227e-15,4.4164326124727825e-15
15,75.0,9.0,0,FSDT,0.0,4,6.533320389475795,6.974785682283889e-14,2.9976021664879227e-15,4.4164326124727825e-15
15,75.0,9.0,0,FSDT,0.0,5,10.090890207757953,6.753981420036614e-14,2.9976021664879227e-15,4.4164326124727825e-15
15,75.0,9.0,0,FSDT,0.0,6,11.344200805862993,4.439751395797324e-14,2.9976021664879227e-15,4.4164326124727825e-15
15,75.0,9.0,0,FSDT,0.0,7,11.34420080586304,8.183661313232509e-14,2.9976021664879227e-15,4.4164326124727825e-15
15,75.0,9.0,0,FSDT,0.0,8,13.60406336397949,5.452905186589516e-14,2.9976021664879227e-15,4.4164326124727825e-15
15,75.0,9.0,0,FSDT,1.0,1,0.0,0.992485938966234,1.9984014443252818e-15,5.347662968454373e-15
15,75.0,9.0,0,FSDT,1.0,2,4.919275948729074,8.622966273677087e-14,1.9984014443252818e-15,5.347662968454373e-15
15,75.0,9.0,0,FSDT,1.0,3,4.9192759487291,7.134909420016894e-14,1.9984014443252818e-15,5.347662968454373e-15
15,75.0,9.0,0,FSDT,1.0,4,6.6622452783264805,6.416839496577329e-14,1.9984014443252818e-15,5.347662968454373e-15
15,75.0,9.0,0,FSDT,1.0,5,10.234344069619514,6.551619307931269e-14,1.9984014443252818e-15,5.347662968454373e-15
15,75.0,9.0,0,FSDT,1.0,6,11.58294789178467,8.59917096355437e-14,1.9984014443252818e-15,5.347662968454373e-15
15,75.0,9.0,0,FSDT,1.0,7,11.582947891784704,4.890569684122109e-14,1.9984014443252818e-15,5.347662968454373e-15
15,75.0,9.0,0,FSDT,1.0,8,13.872836770397207,9.482669651657845e-14,1.9984014443252818e-15,5.347662968454373e-15
15,75.0,9.0,1,FSDT,0.0,1,0.07883275439559463,1.3459300189309724e-11,2.886579864025407e-15,5.575959483966978e-15
15,75.0,9.0,1,FSDT,0.0,2,4.309593594966499,7.035989106716226e-14,2.886579864025407e-15,5.575959483966978e-15
15,75.0,9.0,1,FSDT,0.0,3,4.894245882629698,5.054404641573146e-14,2.886579864025407e-15,5.575959483966978e-15
15,75.0,9.0,1,FSDT,0.0,4,6.802458383704971,5.826504448056386e-14,2.886579864025407e-15,5.575959483966978e-15
15,75.0,9.0,1,FSDT,0.0,5,10.355883722432589,5.78414796148888e-14,2.886579864025407e-15,5.575959483966978e-15
15,75.0,9.0,1,FSDT,0.0,6,11.064993273855665,5.5649073128192823e-14,2.886579864025407e-15,5.575959483966978e-15
15,75.0,9.0,1,FSDT,0.0,7,11.138819699492014,7.106670604332118e-14,2.886579864025407e-15,5.575959483966978e-15
15,75.0,9.0,1,FSDT,0.0,8,13.968006371544854,4.84587090365457e-14,2.886579864025407e-15,5.575959483966978e-15
15,75.0,9.0,1,FSDT,1.0,1,0.08054587548121254,1.3846187779550461e-11,3.1086244689504383e-15,5.170620688794421e-15
15,75.0,9.0,1,FSDT,1.0,2,4.39487041339075,6.633824484718234e-14,3.1086244689504383e-15,5.170620688794421e-15
15,75.0,9.0,1,FSDT,1.0,3,4.993102039578949,4.9950756457610475e-14,3.1086244689504383e-15,5.170620688794421e-15
15,75.0,9.0,1,FSDT,1.0,4,6.938652232742023,6.325896848018999e-14,3.1086244689504383e-15,5.170620688794421e-15
15,75.0,9.0,1,FSDT,1.0,5,10.507684951977229,5.980228968332697e-14,3.1086244689504383e-15,5.170620688794421e-15
15,75.0,9.0,1,FSDT,1.0,6,11.28960655355348,7.014232626899367e-14,3.1086244689504383e-15,5.170620688794421e-15
15,75.0,9.0,1,FSDT,1.0,7,11.36883520903809,6.081545956586566e-14,3.1086244689504383e-15,5.170620688794421e-15
15,75.0,9.0,1,FSDT,1.0,8,14.250278645849669,4.819479405375967e-14,3.1086244689504383e-15,5.170620688794421e-15
15,75.0,9.0,2,FSDT,0.0,1,0.32107761448793726,1.95319281900097e-12,2.886579864025407e-15,4.335678811250436e-15
15,75.0,9.0,2,FSDT,0.0,2,3.326435057592943,8.008445127866343e-14,2.886579864025407e-15,4.335678811250436e-15
15,75.0,9.0,2,FSDT,0.0,3,5.080103461512259,5.329863706917842e-14,2.886579864025407e-15,4.335678811250436e-15
15,75.0,9.0,2,FSDT,0.0,4,7.1506295438897345,5.985466066714739e-14,2.886579864025407e-15,4.335678811250436e-15
15,75.0,9.0,2,FSDT,0.0,5,10.49559308975635,6.679252240457431e-14,2.886579864025407e-15,4.335678811250436e-15
15,75.0,9.0,2,FSDT,0.0,6,10.502710615118858,6.252276733187666e-14,2.886579864025407e-15,4.335678811250436e-15
15,75.0,9.0,2,FSDT,0.0,7,11.366550594017578,5.922921185034071e-14,2.886579864025407e-15,4.335678811250436e-15
15,75.0,9.0,2,FSDT,0.0,8,14.703389178937615,4.3150780896698515e-14,2.886579864025407e-15,4.335678811250436e-15
15,75.0,9.0,2,FSDT,1.0,1,0.32799703454931983,1.7942365979545678e-12,1.2212453270876722e-15,4.530223569536968e-15
15,75.0,9.0,2,FSDT,1.0,2,3.3906448688634456,7.8313977547487e-14,1.2212453270876722e-15,4.530223569536968e-15
15,75.0,9.0,2,FSDT,1.0,3,5.181919655664299,4.555587361049926e-14,1.2212453270876722e-15,4.530223569536968e-15
15,75.0,9.0,2,FSDT,1.0,4,7.295967474236218,4.687635752022379e-14,1.2212453270876722e-15,4.530223569536968e-15
15,75.0,9.0,2,FSDT,1.0,5,10.68299593618479,4.7897957668570754e-14,1.2212453270876722e-15,4.530223569536968e-15
15,75.0,9.0,2,FSDT,1.0,6,10.697155983980531,5.218950206558942e-14,1.2212453270876722e-15,4.530223569536968e-15
15,75.0,9.0,2,FSDT,1.0,7,11.577764073523541,5.0892156078663734e-14,1.2212453270876722e-15,4.530223569536968e-15
15,75.0,9.0,2,FSDT,1.0,8,15.010312558355787,5.879338544770856e-14,1.2212453270876722e-15,4.530223569536968e-15
15,75.0,9.0,3,FSDT,0.0,1,0.7472334165085814,5.691140362610978e-13,1.887379141862766e-15,4.600063061923616e-15
15,75.0,9.0,3,FSDT,0.0,2,2.3069866108435124,1.4075905816385919e-13,1.887379141862766e-15,4.600063061923616e-15
15,75.0,9.0,3,FSDT,0.0,3,5.284551037199261,5.895193062018247e-14,1.887379141862766e-15,4.600063061923616e-15
15,75.0,9.0,3,FSDT,0.0,4,7.357055847655719,5.729894944594707e-14,1.887379141862766e-15,4.600063061923616e-15
15,75.0,9.0,3,FSDT,0.0,5,9.998962990885616,7.986778275999698e-14,1.887379141862766e-15,4.600063061923616e-15
15,75.0,9.0,3,FSDT,0.0,6,10.205723480731137,9.209656735393913e-14,1.887379141862766e-15,4.600063061923616e-15
15,75.0,9.0,3,FSDT,0.0,7,12.399677918568797,4.560538205924451e-14,1.887379141862766e-15,4.600063061923616e-15
15,75.0,9.0,3,FSDT,0.0,8,15.043316629175397,1.0834058997019426e-13,1.887379141862766e-15,4.600063061923616e-15
15,75.0,9.0,3,FSDT,1.0,1,0.7631214077018824,6.332432619326363e-13,1.7763568394002505e-15,6.0380988826848e-15
15,75.0,9.0,3,FSDT,1.0,2,2.351228063009126,1.2961768018128326e-13,1.7763568394002505e-15,6.0380988826848e-15
15,75.0,9.0,3,FSDT,1.0,3,5.389865443573894,4.272660031547161e-14,1.7763568394002505e-15,6.0380988826848e-15
15,75.0,9.0,3,FSDT,1.0,4,7.509586537684266,5.2204620487974616e-14,1.7763568394002505e-15,6.0380988826848e-15
15,75.0,9.0,3,FSDT,1.0,5,10.183888380031984,8.108213797878963e-14,1.7763568394002505e-15,6.0380988826848e-15
15,75.0,9.0,3,FSDT,1.0,6,10.38053850626198,5.011069714231366e-14,1.7763568394002505e-15,6.0380988826848e-15
15,75.0,9.0,3,FSDT,1.0,7,12.639454443127054,4.543887580212672e-14,1.7763568394002505e-15,6.0380988826848e-15
15,75.0,9.0,3,FSDT,1.0,8,15.35751508150618,3.76884323725034e-14,1.7763568394002505e-15,6.0380988826848e-15
15,75.0,9.0,4,FSDT,0.0,1,1.290601352703196,3.881959599526745e-13,2.6645352591003757e-15,5.2691246964936764e-15
15,75.0,9.0,4,FSDT,0.0,2,1.5350230194441707,1.7848577438391626e-13,2.6645352591003757e-15,5.2691246964936764e-15
15,75.0,9.0,4,FSDT,0.0,3,5.3763414216654875,3.865858059121342e-14,2.6645352591003757e-15,5.2691246964936764e-15
15,75.0,9.0,4,FSDT,0.0,4,7.425441027207105,6.844696252611063e-14,2.6645352591003757e-15,5.2691246964936764e-15
15,75.0,9.0,4,FSDT,0.0,5,9.803045926014159,8.845841980487105e-14,2.6645352591003757e-15,5.2691246964936764e-15
15,75.0,9.0,4,FSDT,0.0,6,10.082427667193981,7.793591858646923e-14,2.6645352591003757e-15,5.2691246964936764e-15
15,75.0,9.0,4,FSDT,0.0,7,13.158307908792109,5.5008597888172394e-14,2.6645352591003757e-15,5.2691246964936764e-15
15,75.0,9.0,4,FSDT,0.0,8,14.559929248282735,3.9833552400748904e-14,2.6645352591003757e-15,5.2691246964936764e-15
15,75.0,9.0,4,FSDT,1.0,1,1.3200754195302078,3.252227207976598e-13,4.218847493575595e-15,5.384789234367578e-15
15,75.0,9.0,4,FSDT,1.0,2,1.5618433648986438,1.590754933486144e-13,4.218847493575595e-15,5.384789234367578e-15
15,75.0,9.0,4,FSDT,1.0,3,5.483322161093697,3.716473245109575e-14,4.218847493575595e-15,5.384789234367578e-15
15,75.0,9.0,4,FSDT,1.0,4,7.581156691412933,4.680725730298337e-14,4.218847493575595e-15,5.384789234367578e-15
15,75.0,9.0,4,FSDT,1.0,5,9.981891550544452,4.969642261096543e-14,4.218847493575595e-15,5.384789234367578e-15
15,75.0,9.0,4,FSDT,1.0,6,10.252001087187413,5.148695201613745e-14,4.218847493575595e-15,5.384789234367578e-15
15,75.0,9.0,4,FSDT,1.0,7,13.429759799152924,3.789856355441707e-14,4.218847493575595e-15,5.384789234367578e-15
15,75.0,9.0,4,FSDT,1.0,8,14.846856043746264,4.174170427803864e-14,4.218847493575595e-15,5.384789234367578e-15
15,75.0,9.0,5,FSDT,0.0,1,1.4649629643115176,3.0693456829502824e-13,5.329070518200751e-15,5.258159803860226e-15
15,75.0,9.0,5,FSDT,0.0,2,1.56458644178948,2.0515824540238312e-13,5.329070518200751e-15,5.258159803860226e-15
15,75.0,9.0,5,FSDT,0.0,3,4.983458832124953,4.220401172041701e-14,5.329070518200751e-15,5.258159803860226e-15
15,75.0,9.0,5,FSDT,0.0,4,7.026278815386762,6.953496726820192e-14,5.329070518200751e-15,5.258159803860226e-15
15,75.0,9.0,5,FSDT,0.0,5,10.271291441025163,6.560973849118184e-14,5.329070518200751e-15,5.258159803860226e-15
15,75.0,9.0,5,FSDT,0.0,6,10.492076247098828,5.2455422240045207e-14,5.329070518200751e-15,5.258159803860226e-15
15,75.0,9.0,5,FSDT,0.0,7,13.220728108442358,4.244425237387916e-14,5.329070518200751e-15,5.258159803860226e-15
15,75.0,9.0,5,FSDT,0.0,8,14.629869836910567,5.2823967357350104e-14,5.329070518200751e-15,5.258159803860226e-15
15,75.0,9.0,5,FSDT,1.0,1,1.4973661335202595,2.6474112882967613e-13,3.3306690738754696e-15,6.166909372156333e-15
15,75.0,9.0,5,FSDT,1.0,2,1.5923571274363413,1.6995499102335555e-13,3.3306690738754696e-15,6.166909372156333e-15
15,75.0,9.0,5,FSDT,1.0,3,5.081524461985668,4.5923741628309066e-14,3.3306690738754696e-15,6.166909372156333e-15
15,75.0,9.0,5,FSDT,1.0,4,7.1670930177104015,6.46224158964813e-14,3.3306690738754696e-15,6.166909372156333e-15
15,75.0,9.0,5,FSDT,1.0,5,10.467121659239087,5.373869123692744e-14,3.3306690738754696e-15,6.166909372156333e-15
15,75.0,9.0,5,FSDT,1.0,6,10.674575079043468,4.6555240497931444e-14,3.3306690738754696e-15,6.166909372156333e-15
15,75.0,9.0,5,FSDT,1.0,7,13.495174487356433,3.66591125836536e-14,3.3306690738754696e-15,6.166909372156333e-15
15,75.0,9.0,5,FSDT,1.0,8,14.918899565014248,4.8086568817708046e-14,3.3306690738754696e-15,6.166909372156333e-15
15,75.0,9.0,6,FSDT,0.0,1,1.6768423938428079,1.6256145806179373e-13,1.7763568394002505e-15,4.938401234040047e-15
15,75.0,9.0,6,FSDT,0.0,2,1.86901245421272,1.989570933339072e-13,1.7763568394002505e-15,4.938401234040047e-15
15,75.0,9.0,6,FSDT,0.0,3,4.119699219214319,5.355951999281139e-14,1.7763568394002505e-15,4.938401234040047e-15
15,75.0,9.0,6,FSDT,0.0,4,6.294301905093405,7.464551763495399e-14,1.7763568394002505e-15,4.938401234040047e-15
15,75.0,9.0,6,FSDT,0.0,5,11.197023853714244,7.039323205721475e-14,1.7763568394002505e-15,4.938401234040047e-15
15,75.0,9.0,6,FSDT,0.0,6,11.366120743740016,6.358736902363437e-14,1.7763568394002505e-15,4.938401234040047e-15
15,75.0,9.0,6,FSDT,0.0,7,13.411076036165085,4.3635481965308444e-14,1.7763568394002505e-15,4.938401234040047e-15
15,75.0,9.0,6,FSDT,0.0,8,14.85611284999342,4.464037548779293e-14,1.7763568394002505e-15,4.938401234040047e-15
15,75.0,9.0,6,FSDT,1.0,1,1.707924638807618,1.6493992758098909e-13,5.329070518200751e-15,4.851490465070202e-15
15,75.0,9.0,6,FSDT,1.0,2,1.909114364110417,1.7931948809855733e-13,5.329070518200751e-15,4.851490465070202e-15
15,75.0,9.0,6,FSDT,1.0,3,4.2003228458831225,5.556638970435475e-14,5.329070518200751e-15,4.851490465070202e-15
15,75.0,9.0,6,FSDT,1.0,4,6.412197394633347,7.576246654899773e-14,5.329070518200751e-15,4.851490465070202e-15
15,75.0,9.0,6,FSDT,1.0,5,11.420988217423814,4.1685014883365304e-14,5.329070518200751e-15,4.851490465070202e-15
15,75.0,9.0,6,FSDT,1.0,6,11.577426143598931,3.93147717328609e-14,5.329070518200751e-15,4.851490465070202e-15
15,75.0,9.0,6,FSDT,1.0,7,13.695884631955488,4.673322006779502e-14,5.329070518200751e-15,4.851490465070202e-15
15,75.0,9.0,6,FSDT,1.0,8,15.152371657550345,3.480224046784393e-14,5.329070518200751e-15,4.851490465070202e-15
15,75.0,9.0,7,FSDT,0.0,1,1.9386386661483062,1.4198888006561645e-13,3.3306690738754696e-15,4.5485473115724615e-15
15,75.0,9.0,7,FSDT,0.0,2,2.29149772087968,1.4837745063556661e-13,3.3306690738754696e-15,4.5485473115724615e-15
15,75.0,9.0,7,FSDT,0.0,3,3.1964964079960536,7.551666658110494e-14,3.3306690738754696e-15,4.5485473115724615e-15
15,75.0,9.0,7,FSDT,0.0,4,5.6572040971686075,1.265044994642791e-13,3.3306690738754696e-15,4.5485473115724615e-15
15,75.0,9.0,7,FSDT,0.0,5,12.080556533055727,5.272557427221222e-14,3.3306690738754696e-15,4.5485473115724615e-15
15,75.0,9.0,7,FSDT,0.0,6,12.157176769540417,6.206938384570635e-14,3.3306690738754696e-15,4.5485473115724615e-15
15,75.0,9.0,7,FSDT,0.0,7,13.733419907933477,6.606629772704076e-14,3.3306690738754696e-15,4.5485473115724615e-15
15,75.0,9.0,7,FSDT,0.0,8,15.261908900747029,4.7496838183139973e-14,3.3306690738754696e-15,4.5485473115724615e-15
15,75.0,9.0,7,FSDT,1.0,1,1.976302951249947,1.518106584667837e-13,2.4424906541753444e-15,4.924917057839504e-15
15,75.0,9.0,7,FSDT,1.0,2,2.3410955497624673,1.4167864408710246e-13,2.4424906541753444e-15,4.924917057839504e-15
15,75.0,9.0,7,FSDT,1.0,3,3.260127643714907,7.6609316900078e-14,2.4424906541753444e-15,4.924917057839504e-15
15,75.0,9.0,7,FSDT,1.0,4,5.756366536299699,9.05377695675227e-14,2.4424906541753444e-15,4.924917057839504e-15
15,75.0,9.0,7,FSDT,1.0,5,12.327378645853496,5.0870008396824785e-14,2.4424906541753444e-15,4.924917057839504e-15
15,75.0,9.0,7,FSDT,1.0,6,12.398664898253191,4.014639155082884e-14,2.4424906541753444e-15,4.924917057839504e-15
15,75.0,9.0,7,FSDT,1.0,7,14.04084626002614,4.973059635164466e-14,2.4424906541753444e-15,4.924917057839504e-15
15,75.0,9.0,7,FSDT,1.0,8,15.576656150569756,4.9367794414952267e-14,2.4424906541753444e-15,4.924917057839504e-15
15,75.0,9.0,8,FSDT,0.0,1,2.3875070269979877,1.193087806569839e-13,2.6645352591003757e-15,6.54302374717761e-15
15,75.0,9.0,8,FSDT,0.0,2,2.486950114996926,3.2310242026704545e-13,2.6645352591003757e-15,6.54302374717761e-15
15,75.0,9.0,8,FSDT,0.0,3,2.4869516728299628,1.7130293774793547e-13,2.6645352591003757e-15,6.54302374717761e-15
15,75.0,9.0,8,FSDT,0.0,4,5.389136911847182,1.4945995433791252e-13,2.6645352591003757e-15,6.54302374717761e-15
15,75.0,9.0,8,FSDT,0.0,5,12.466559687383004,1.173682478456361e-13,2.6645352591003757e-15,6.54302374717761e-15
15,75.0,9.0,8,FSDT,0.0,6,12.466562426445952,6.650223071145319e-14,2.6645352591003757e-15,6.54302374717761e-15
15,75.0,9.0,8,FSDT,0.0,7,13.987886938244383,1.1091685063180535e-13,2.6645352591003757e-15,6.54302374717761e-15
15,75.0,9.0,8,FSDT,0.0,8,15.38608237616335,4.3203775961587034e-14,2.6645352591003757e-15,6.54302374717761e-15
15,75.0,9.0,8,FSDT,1.0,1,2.430515110600024,1.0869979832793563e-13,4.6629367034256575e-15,5.235352503803296e-15
15,75.0,9.0,8,FSDT,1.0,2,2.5416277698134615,2.3415358217993424e-13,4.6629367034256575e-15,5.235352503803296e-15
15,75.0,9.0,8,FSDT,1.0,3,2.5416319479890257,1.3075918002295172e-13,4.6629367034256575e-15,5.235352503803296e-15
15,75.0,9.0,8,FSDT,1.0,4,5.480170895015625,1.2072272104001446e-13,4.6629367034256575e-15,5.235352503803296e-15
15,75.0,9.0,8,FSDT,1.0,5,12.721366360388952,1.2384627838664224e-13,4.6629367034256575e-15,5.235352503803296e-15
15,75.0,9.0,8,FSDT,1.0,6,12.72149697168425,5.330785509188824e-14,4.6629367034256575e-15,5.235352503803296e-15
15,75.0,9.0,8,FSDT,1.0,7,14.317354333808709,1.0242664902631595e-13,4.6629367034256575e-15,5.235352503803296e-15
15,75.0,9.0,8,FSDT,1.0,8,15.666095199258736,3.516738274873427e-14,4.6629367034256575e-15,5.235352503803296e-15
15,75.0,9.0,9,FSDT,0.0,1,1.5071638715100173,1.8215331747862237e-13,4.773959005888173e-15,5.033598350781664e-15
15,75.0,9.0,9,FSDT,0.0,2,2.8183976683938665,1.3101938061531006e-13,4.773959005888173e-15,5.033598350781664e-15
15,75.0,9.0,9,FSDT,0.0,3,3.1618912642868633,8.509978460656622e-14,4.773959005888173e-15,5.033598350781664e-15
15,75.0,9.0,9,FSDT,0.0,4,5.917398807287858,8.589520933642245e-14,4.773959005888173e-15,5.033598350781664e-15
15,75.0,9.0,9,FSDT,0.0,5,11.600961179317306,5.866248165513063e-14,4.773959005888173e-15,5.033598350781664e-15
15,75.0,9.0,9,FSDT,0.0,6,12.200119393791402,8.575223736501241e-14,4.773959005888173e-15,5.033598350781664e-15
15,75.0,9.0,9,FSDT,0.0,7,13.31472790689256,5.1132688405054637e-14,4.773959005888173e-15,5.033598350781664e-15
15,75.0,9.0,9,FSDT,0.0,8,14.931447780559532,4.234320845478834e-14,4.773959005888173e-15,5.033598350781664e-15
15,75.0,9.0,9,FSDT,1.0,1,1.5377609790128681,1.8409303695933383e-13,2.4424906541753444e-15,5.101594888661961e-15
15,75.0,9.0,9,FSDT,1.0,2,2.877317765238194,9.132192053087174e-14,2.4424906541753444e-15,5.101594888661961e-15
15,75.0,9.0,9,FSDT,1.0,3,3.2221656058662123,9.213227750146181e-14,2.4424906541753444e-15,5.101594888661961e-15
15,75.0,9.0,9,FSDT,1.0,4,6.024319934881974,7.882275381771821e-14,2.4424906541753444e-15,5.101594888661961e-15
15,75.0,9.0,9,FSDT,1.0,5,11.830834138357654,7.213201460478287e-14,2.4424906541753444e-15,5.101594888661961e-15
15,75.0,9.0,9,FSDT,1.0,6,12.447261490531986,4.650011444360558e-14,2.4424906541753444e-15,5.101594888661961e-15
15,75.0,9.0,9,FSDT,1.0,7,13.595865854958467,5.864047157800598e-14,2.4424906541753444e-15,5.101594888661961e-15
15,75.0,9.0,9,FSDT,1.0,8,15.220024111211549,6.681077051601931e-14,2.4424906541753444e-15,5.101594888661961e-15
15,75.0,9.0,10,FSDT,0.0,1,0.6899679469755253,6.173567225802251e-13,1.5543122344752192e-15,5.2969294771323154e-15
15,75.0,9.0,10,FSDT,0.0,2,3.596596818202899,9.925591302273316e-14,1.5543122344752192e-15,5.2969294771323154e-15
15,75.0,9.0,10,FSDT,0.0,3,3.7170115062677738,7.903355942167917e-14,1.5543122344752192e-15,5.2969294771323154e-15
15,75.0,9.0,10,FSDT,0.0,4,6.944280182799669,6.150841269924964e-14,1.5543122344752192e-15,5.2969294771323154e-15
15,75.0,9.0,10,FSDT,0.0,5,10.392049582896833,5.0952064617709063e-14,1.5543122344752192e-15,5.2969294771323154e-15
15,75.0,9.0,10,FSDT,0.0,6,11.67054452425326,3.7297910283757925e-14,1.5543122344752192e-15,5.2969294771323154e-15
15,75.0,9.0,10,FSDT,0.0,7,11.998980645930581,6.244258081646816e-14,1.5543122344752192e-15,5.2969294771323154e-15
15,75.0,9.0,10,FSDT,0.0,8,14.472799093785003,5.374306989095349e-14,1.5543122344752192e-15,5.2969294771323154e-15
15,75.0,9.0,10,FSDT,1.0,1,0.7039631593332564,5.528532769742036e-13,1.7763568394002505e-15,4.569527333453853e-15
15,75.0,9.0,10,FSDT,1.0,2,3.6677988275432107,8.280687231281653e-14,1.7763568394002505e-15,4.569527333453853e-15
15,75.0,9.0,10,FSDT,1.0,3,3.7872077646456135,9.833181044243962e-14,1.7763568394002505e-15,4.569527333453853e-15
15,75.0,9.0,10,FSDT,1.0,4,7.082251057027639,6.87902821602533e-14,1.7763568394002505e-15,4.569527333453853e-15
15,75.0,9.0,10,FSDT,1.0,5,10.589011049849953,4.4779433557271066e-14,1.7763568394002505e-15,4.569527333453853e-15
15,75.0,9.0,10,FSDT,1.0,6,11.878947748683329,3.3494359674062233e-14,1.7763568394002505e-15,4.569527333453853e-15
15,75.0,9.0,10,FSDT,1.0,7,12.244579596158875,8.354379887105713e-14,1.7763568394002505e-15,4.569527333453853e-15
15,75.0,9.0,10,FSDT,1.0,8,14.749297947278318,3.2627621656932194e-14,1.7763568394002505e-15,4.569527333453853e-15
15,75.0,9.0,11,FSDT,0.0,1,0.17211405029942434,4.4636635133697445e-12,2.4424906541753444e-15,5.004416806971063e-15
15,75.0,9.0,11,FSDT,0.0,2,4.358950803469381,9.69585634436358e-14,2.4424906541753444e-15,5.004416806971063e-15
15,75.0,9.0,11,FSDT,0.0,3,4.428025281367733,7.939244369184998e-14,2.4424906541753444e-15,5.004416806971063e-15
15,75.0,9.0,11,FSDT,0.0,4,7.020101001567329,6.497935987345649e-14,2.4424906541753444e-15,5.004416806971063e-15
15,75.0,9.0,11,FSDT,0.0,5,10.54543696244716,6.907175295140649e-14,2.4424906541753444e-15,5.004416806971063e-15
15,75.0,9.0,11,FSDT,0.0,6,10.61823904672666,4.9176264375356177e-14,2.4424906541753444e-15,5.004416806971063e-15
15,75.0,9.0,11,FSDT,0.0,7,11.469995252024967,5.100571620469865e-14,2.4424906541753444e-15,5.004416806971063e-15
15,75.0,9.0,11,FSDT,0.0,8,14.032128026904706,4.225992001644936e-14,2.4424906541753444e-15,5.004416806971063e-15
15,75.0,9.0,11,FSDT,1.0,1,0.17558762196172542,3.740015011237917e-12,1.7763568394002505e-15,4.999622225641944e-15
15,75.0,9.0,11,FSDT,1.0,2,4.444439912415315,7.966526301083746e-14,1.7763568394002505e-15,4.999622225641944e-15
15,75.0,9.0,11,FSDT,1.0,3,4.51602519860308,5.3794182208760157e-14,1.7763568394002505e-15,4.999622225641944e-15
15,75.0,9.0,11,FSDT,1.0,4,7.162732372946873,5.3939515791912996e-14,1.7763568394002505e-15,4.999622225641944e-15
15,75.0,9.0,11,FSDT,1.0,5,10.750604504828694,9.890535046973149e-14,1.7763568394002505e-15,4.999622225641944e-15
15,75.0,9.0,11,FSDT,1.0,6,10.777890581439372,6.891280697873071e-14,1.7763568394002505e-15,4.999622225641944e-15
15,75.0,9.0,11,FSDT,1.0,7,11.713246361897003,3.9702224112860336e-14,1.7763568394002505e-15,4.999622225641944e-15
15,75.0,9.0,11,FSDT,1.0,8,14.305950846728551,4.4667078198404636e-14,1.7763568394002505e-15,4.999622225641944e-15
15,75.0,9.0,0,TSDT,0.0,1,0.0,0.9959614812755989,3.552713678800501e-15,6.1814763032623795e-15
15,75.0,9.0,0,TSDT,0.0,2,4.831109775368668,2.0207539896033212e-13,3.552713678800501e-15,6.1814763032623795e-15
15,75.0,9.0,0,TSDT,0.0,3,4.831109775368694,2.7319256832686903e-13,3.552713678800501e-15,6.1814763032623795e-15
15,75.0,9.0,0,TSDT,0.0,4,6.560100136454171,7.95778195750145e-14,3.552713678800501e-15,6.1814763032623795e-15
15,75.0,9.0,0,TSDT,0.0,5,10.165540873525813,7.332890567184869e-14,3.552713678800501e-15,6.1814763032623795e-15
15,75.0,9.0,0,TSDT,0.0,6,11.414821114629179,1.1308026480367526e-13,3.552713678800501e-15,6.1814763032623795e-15
15,75.0,9.0,0,TSDT,0.0,7,11.414821114629252,5.6145242566832044e-14,3.552713678800501e-15,6.1814763032623795e-15
15,75.0,9.0,0,TSDT,0.0,8,13.73440452814556,7.109205477279339e-14,3.552713678800501e-15,6.1814763032623795e-15
15,75.0,9.0,0,TSDT,1.0,1,0.0,0.9834826785554383,3.774758283725532e-15,5.213245954576082e-15
15,75.0,9.0,0,TSDT,1.0,2,4.946969165422695,2.1944084702014988e-13,3.774758283725532e-15,5.213245954576082e-15
15,75.0,9.0,0,TSDT,1.0,3,4.946969165422736,1.779669755639983e-13,3.774758283725532e-15,5.213245954576082e-15
15,75.0,9.0,0,TSDT,1.0,4,6.726924383786687,7.12397099349792e-14,3.774758283725532e-15,5.213245954576082e-15
15,75.0,9.0,0,TSDT,1.0,5,10.364221715457212,9.413007159127497e-14,3.774758283725532e-15,5.213245954576082e-15
15,75.0,9.0,0,TSDT,1.0,6,11.738788952371731,1.0098335401192569e-13,3.774758283725532e-15,5.213245954576082e-15
15,75.0,9.0,0,TSDT,1.0,7,11.738788952371737,4.5216205991941127e-14,3.774758283725532e-15,5.213245954576082e-15
15,75.0,9.0,0,TSDT,1.0,8,14.122693459522454,5.5847428736826156e-14,3.774758283725532e-15,5.213245954576082e-15
15,75.0,9.0,1,TSDT,0.0,1,0.07885947184410508,8.978135553813807e-12,1.5543122344752192e-15,6.40213060187315e-15
15,75.0,9.0,1,TSDT,0.0,2,4.319488458503618,7.338709185591507e-14,1.5543122344752192e-15,6.40213060187315e-15
15,75.0,9.0,1,TSDT,0.0,3,4.903931788045115,6.123954283407463e-14,1.5543122344752192e-15,6.40213060187315e-15
15,75.0,9.0,1,TSDT,0.0,4,6.828213816633867,7.334677643545902e-14,1.5543122344752192e-15,6.40213060187315e-15
15,75.0,9.0,1,TSDT,0.0,5,10.431854112609315,6.154106163682918e-14,1.5543122344752192e-15,6.40213060187315e-15
15,75.0,9.0,1,TSDT,0.0,6,11.13177567242787,6.42618138961035e-14,1.5543122344752192e-15,6.40213060187315e-15
15,75.0,9.0,1,TSDT,0.0,7,11.213402153645204,1.1197001324642109e-13,1.5543122344752192e-15,6.40213060187315e-15
15,75.0,9.0,1,TSDT,0.0,8,14.096650933339035,1.0012899551714483e-13,1.5543122344752192e-15,6.40213060187315e-15
15,75.0,9.0,1,TSDT,1.0,1,0.0806019958114169,9.074145380407259e-12,1.9984014443252818e-15,6.2271662189197075e-15
15,75.0,9.0,1,TSDT,1.0,2,4.421051936118579,6.772457551126594e-14,1.9984014443252818e-15,6.2271662189197075e-15
15,75.0,9.0,1,TSDT,1.0,3,5.021467268574212,5.282493291545935e-14,1.9984014443252818e-15,6.2271662189197075e-15
15,75.0,9.0,1,TSDT,1.0,4,7.0026972430643815,6.30141710679236e-14,1.9984014443252818e-15,6.2271662189197075e-15
15,75.0,9.0,1,TSDT,1.0,5,10.64253607659678,8.621241511221273e-14,1.9984014443252818e-15,6.2271662189197075e-15
15,75.0,9.0,1,TSDT,1.0,6,11.433905393117941,5.676267989941734e-14,1.9984014443252818e-15,6.2271662189197075e-15
15,75.0,9.0,1,TSDT,1.0,7,11.52724126951675,7.546629978109207e-14,1.9984014443252818e-15,6.2271662189197075e-15
15,75.0,9.0,1,TSDT,1.0,8,14.502534182458579,8.677365150429808e-14,1.9984014443252818e-15,6.2271662189197075e-15
15,75.0,9.0,2,TSDT,0.0,1,0.3212348511202798,1.3404312015504922e-12,3.1086244689504383e-15,6.754739034911263e-15
15,75.0,9.0,2,TSDT,0.0,2,3.33439977196844,8.375968466897915e-14,3.1086244689504383e-15,6.754739034911263e-15
15,75.0,9.0,2,TSDT,0.0,3,5.090003769430905,5.0856396193729814e-14,3.1086244689504383e-15,6.754739034911263e-15
15,75.0,9.0,2,TSDT,0.0,4,7.1765577390471735,6.684180233277426e-14,3.1086244689504383e-15,6.754739034911263e-15
15,75.0,9.0,2,TSDT,0.0,5,10.556100155853049,8.572715700466976e-14,3.1086244689504383e-15,6.754739034911263e-15
15,75.0,9.0,2,TSDT,0.0,6,10.579968690402671,8.824883981699214e-14,3.1086244689504383e-15,6.754739034911263e-15
15,75.0,9.0,2,TSDT,0.0,7,11.448107008005229,7.061281222128956e-14,3.1086244689504383e-15,6.754739034911263e-15
15,75.0,9.0,2,TSDT,0.0,8,14.832859165464377,7.575146337406578e-14,3.1086244689504383e-15,6.754739034911263e-15
15,75.0,9.0,2,TSDT,1.0,1,0.3283440802219066,1.2404462930709177e-12,4.440892098500626e-15,5.239017636506768e-15
15,75.0,9.0,2,TSDT,1.0,2,3.410301003084485,8.16707889664743e-14,4.440892098500626e-15,5.239017636506768e-15
15,75.0,9.0,2,TSDT,1.0,3,5.212000091806117,4.380402772213768e-14,4.440892098500626e-15,5.239017636506768e-15
15,75.0,9.0,2,TSDT,1.0,4,7.361049084366373,5.971843518266656e-14,4.440892098500626e-15,5.239017636506768e-15
15,75.0,9.0,2,TSDT,1.0,5,10.82323501160595,7.782156777763856e-14,4.440892098500626e-15,5.239017636506768e-15
15,75.0,9.0,2,TSDT,1.0,6,10.835108610748582,6.433561675333652e-14,4.440892098500626e-15,5.239017636506768e-15
15,75.0,9.0,2,TSDT,1.0,7,11.734589232347782,1.3308155182179046e-13,4.440892098500626e-15,5.239017636506768e-15
15,75.0,9.0,2,TSDT,1.0,8,15.273468883125581,6.676358469103588e-14,4.440892098500626e-15,5.239017636506768e-15
15,75.0,9.0,3,TSDT,0.0,1,0.7478000977454892,4.391829037581522e-13,2.220446049250313e-15,5.829927959059915e-15
15,75.0,9.0,3,TSDT,0.0,2,2.3120671584909878,1.3301892773268062e-13,2.220446049250313e-15,5.829927959059915e-15
15,75.0,9.0,3,TSDT,0.0,3,5.294585598796025,4.6448661865922e-14,2.220446049250313e-15,5.829927959059915e-15
15,75.0,9.0,3,TSDT,0.0,4,7.383424996717788,7.615765925472663e-14,2.220446049250313e-15,5.829927959059915e-15
15,75.0,9.0,3,TSDT,0.0,5,10.055179746874375,1.1897485095952759e-13,2.220446049250313e-15,5.829927959059915e-15
15,75.0,9.0,3,TSDT,0.0,6,10.284543470290773,7.259040932531009e-14,2.220446049250313e-15,5.829927959059915e-15
15,75.0,9.0,3,TSDT,0.0,7,12.490298309705278,6.172622464662487e-14,2.220446049250313e-15,5.829927959059915e-15
15,75.0,9.0,3,TSDT,0.0,8,15.153894631865073,1.0659929162357785e-13,2.220446049250313e-15,5.829927959059915e-15
15,75.0,9.0,3,TSDT,1.0,1,0.7644222079969568,4.386367532698037e-13,2.220446049250313e-15,6.2172446325247895e-15
15,75.0,9.0,3,TSDT,1.0,2,2.3633242830555115,1.1222733661919561e-13,2.220446049250313e-15,6.2172446325247895e-15
15,75.0,9.0,3,TSDT,1.0,3,5.421819422834128,4.625661359122866e-14,2.220446049250313e-15,6.2172446325247895e-15
15,75.0,9.0,3,TSDT,1.0,4,7.575371108805062,5.518942207493389e-14,2.220446049250313e-15,6.2172446325247895e-15
15,75.0,9.0,3,TSDT,1.0,5,10.297424535789258,8.134938442130591e-14,2.220446049250313e-15,6.2172446325247895e-15
15,75.0,9.0,3,TSDT,1.0,6,10.535728822318033,1.1634451856166835e-13,2.220446049250313e-15,6.2172446325247895e-15
15,75.0,9.0,3,TSDT,1.0,7,12.818522723868483,6.414535736638172e-14,2.220446049250313e-15,6.2172446325247895e-15
15,75.0,9.0,3,TSDT,1.0,8,15.590490450880024,1.3858387282854885e-13,2.220446049250313e-15,6.2172446325247895e-15
15,75.0,9.0,4,TSDT,0.0,1,1.2909265615499654,2.909599534551861e-13,3.1086244689504383e-15,6.15943843058921e-15
15,75.0,9.0,4,TSDT,0.0,2,1.5392048404191623,1.7567487472104092e-13,3.1086244689504383e-15,6.15943843058921e-15
15,75.0,9.0,4,TSDT,0.0,3,5.386392084622103,4.5332251239812106e-14,3.1086244689504383e-15,6.15943843058921e-15
15,75.0,9.0,4,TSDT,0.0,4,7.451882651446347,6.948594202225634e-14,3.1086244689504383e-15,6.15943843058921e-15
15,75.0,9.0,4,TSDT,0.0,5,9.857822472004393,6.935703397810894e-14,3.1086244689504383e-15,6.15943843058921e-15
15,75.0,9.0,4,TSDT,0.0,6,10.16179056972682,1.0565616153163507e-13,3.1086244689504383e-15,6.15943843058921e-15
15,75.0,9.0,4,TSDT,0.0,7,13.263309324635355,6.798026163437559e-14,3.1086244689504383e-15,6.15943843058921e-15
15,75.0,9.0,4,TSDT,0.0,8,14.638683617856422,5.1428026125259314e-14,3.1086244689504383e-15,6.15943843058921e-15
15,75.0,9.0,4,TSDT,1.0,1,1.3208812739371927,2.69932791395025e-13,2.7755575615628914e-15,5.5190142058309164e-15
15,75.0,9.0,4,TSDT,1.0,2,1.5715655613783468,1.515876159050891e-13,2.7755575615628914e-15,5.5190142058309164e-15
15,75.0,9.0,4,TSDT,1.0,3,5.516109452366526,4.027374031639408e-14,2.7755575615628914e-15,5.5190142058309164e-15
15,75.0,9.0,4,TSDT,1.0,4,7.646973259694939,6.887553270225732e-14,2.7755575615628914e-15,5.5190142058309164e-15
15,75.0,9.0,4,TSDT,1.0,5,10.091055993572754,6.346558928388243e-14,2.7755575615628914e-15,5.5190142058309164e-15
15,75.0,9.0,4,TSDT,1.0,6,10.407479641471262,1.6006982707486452e-13,2.7755575615628914e-15,5.5190142058309164e-15
15,75.0,9.0,4,TSDT,1.0,7,13.644570740877528,4.206974739946757e-14,2.7755575615628914e-15,5.5190142058309164e-15
15,75.0,9.0,4,TSDT,1.0,8,15.013974432744083,4.790261032265759e-14,2.7755575615628914e-15,5.5190142058309164e-15
15,75.0,9.0,5,TSDT,0.0,1,1.4657609638617655,2.5115565513556277e-13,1.6764367671839864e-14,6.8733563160178286e-15
15,75.0,9.0,5,TSDT,0.0,2,1.568668799231619,2.0114729758781112e-13,1.6764367671839864e-14,6.8733563160178286e-15
15,75.0,9.0,5,TSDT,0.0,3,4.99351942183386,4.636403548385015e-14,1.6764367671839864e-14,6.8733563160178286e-15
15,75.0,9.0,5,TSDT,0.0,4,7.053534494983375,7.83205500684215e-14,1.6764367671839864e-14,6.8733563160178286e-15
15,75.0,9.0,5,TSDT,0.0,5,10.326186437247616,9.415936803918562e-14,1.6764367671839864e-14,6.8733563160178286e-15
15,75.0,9.0,5,TSDT,0.0,6,10.572216720042896,6.395024237242862e-14,1.6764367671839864e-14,6.8733563160178286e-15
15,75.0,9.0,5,TSDT,0.0,7,13.325407798536022,9.094327558658518e-14,1.6764367671839864e-14,6.8733563160178286e-15
15,75.0,9.0,5,TSDT,0.0,8,14.711055317009732,1.9978151774071376e-13,1.6764367671839864e-14,6.8733563160178286e-15
15,75.0,9.0,5,TSDT,1.0,1,1.4992999280829606,3.024088534417523e-13,3.1086244689504383e-15,5.784809419439327e-15
15,75.0,9.0,5,TSDT,1.0,2,1.6019529075913403,1.8813626368758125e-13,3.1086244689504383e-15,5.784809419439327e-15
15,75.0,9.0,5,TSDT,1.0,3,5.1121833751097,4.3547982379776943e-14,3.1086244689504383e-15,5.784809419439327e-15
15,75.0,9.0,5,TSDT,1.0,4,7.230230127622819,6.517335210820643e-14,3.1086244689504383e-15,5.784809419439327e-15
15,75.0,9.0,5,TSDT,1.0,5,10.58247365606139,8.348306742845e-14,3.1086244689504383e-15,5.784809419439327e-15
15,75.0,9.0,5,TSDT,1.0,6,10.835440846101562,4.97545274954341e-14,3.1086244689504383e-15,5.784809419439327e-15
15,75.0,9.0,5,TSDT,1.0,7,13.709932516294685,4.8677472251519983e-14,3.1086244689504383e-15,5.784809419439327e-15
15,75.0,9.0,5,TSDT,1.0,8,15.08970596931294,9.473778004079153e-14,3.1086244689504383e-15,5.784809419439327e-15
15,75.0,9.0,6,TSDT,0.0,1,1.6806556043140815,1.651325040855564e-13,3.774758283725532e-15,6.858770147300241e-15
15,75.0,9.0,6,TSDT,0.0,2,1.8706444628949273,1.969377446009974e-13,3.774758283725532e-15,6.858770147300241e-15
15,75.0,9.0,6,TSDT,0.0,3,4.1281797429447975,6.084031182628666e-14,3.774758283725532e-15,6.858770147300241e-15
15,75.0,9.0,6,TSDT,0.0,4,6.321143955532164,8.903945283070849e-14,3.774758283725532e-15,6.858770147300241e-15
15,75.0,9.0,6,TSDT,0.0,5,11.256187947706374,6.757494878047159e-14,3.774758283725532e-15,6.858770147300241e-15
15,75.0,9.0,6,TSDT,0.0,6,11.448763442802449,5.919460397144829e-14,3.774758283725532e-15,6.858770147300241e-15
15,75.0,9.0,6,TSDT,0.0,7,13.51356258876046,1.283877154572652e-13,3.774758283725532e-15,6.858770147300241e-15
15,75.0,9.0,6,TSDT,0.0,8,14.946549321017901,1.0879984522359289e-13,3.774758283725532e-15,6.858770147300241e-15
15,75.0,9.0,6,TSDT,1.0,1,1.717237624843469,1.567982818752777e-13,9.992007221626409e-15,6.688528600722435e-15
15,75.0,9.0,6,TSDT,1.0,2,1.9131487939679033,1.8351682266160264e-13,9.992007221626409e-15,6.688528600722435e-15
15,75.0,9.0,6,TSDT,1.0,3,4.224459798034983,6.020891441133853e-14,9.992007221626409e-15,6.688528600722435e-15
15,75.0,9.0,6,TSDT,1.0,4,6.469688705350789,8.428224158851114e-14,9.992007221626409e-15,6.688528600722435e-15
15,75.0,9.0,6,TSDT,1.0,5,11.554395134463169,1.1912015642336708e-13,9.992007221626409e-15,6.688528600722435e-15
15,75.0,9.0,6,TSDT,1.0,6,11.7523539199641,6.642582500318776e-14,9.992007221626409e-15,6.688528600722435e-15
15,75.0,9.0,6,TSDT,1.0,7,13.908550736388447,1.1051952370185087e-13,9.992007221626409e-15,6.688528600722435e-15
15,75.0,9.0,6,TSDT,1.0,8,15.337557843015908,5.55471156550716e-14,9.992007221626409e-15,6.688528600722435e-15
15,75.0,9.0,7,TSDT,0.0,1,1.9423013330512482,1.490195529803898e-13,2.3314683517128287e-15,7.291804331776712e-15
15,75.0,9.0,7,TSDT,0.0,2,2.293541746375712,1.3252729461994174e-13,2.3314683517128287e-15,7.291804331776712e-15
15,75.0,9.0,7,TSDT,0.0,3,3.202313571364626,7.928892443031977e-14,2.3314683517128287e-15,7.291804331776712e-15
15,75.0,9.0,7,TSDT,0.0,4,5.6833099724487735,1.3247362011231988e-13,2.3314683517128287e-15,7.291804331776712e-15
15,75.0,9.0,7,TSDT,0.0,5,12.151115695932262,5.919758977984235e-14,2.3314683517128287e-15,7.291804331776712e-15
15,75.0,9.0,7,TSDT,0.0,6,12.24016981416728,7.015977341391528e-14,2.3314683517128287e-15,7.291804331776712e-15
15,75.0,9.0,7,TSDT,0.0,7,13.82620397206321,6.435155959879797e-14,2.3314683517128287e-15,7.291804331776712e-15
15,75.0,9.0,7,TSDT,0.0,8,15.373510156367537,6.793872062932925e-14,2.3314683517128287e-15,7.291804331776712e-15
15,75.0,9.0,7,TSDT,1.0,1,1.9858987007326128,1.50812603365254e-13,1.3322676295501878e-15,7.273361068983934e-15
15,75.0,9.0,7,TSDT,1.0,2,2.346518758916265,1.3798903926144267e-13,1.3322676295501878e-15,7.273361068983934e-15
15,75.0,9.0,7,TSDT,1.0,3,3.2763670397588993,8.58889880538099e-14,1.3322676295501878e-15,7.273361068983934e-15
15,75.0,9.0,7,TSDT,1.0,4,5.809564035401679,1.4739634875198213e-13,1.3322676295501878e-15,7.273361068983934e-15
15,75.0,9.0,7,TSDT,1.0,5,12.492284585582919,5.2376181737320697e-14,1.3322676295501878e-15,7.273361068983934e-15
15,75.0,9.0,7,TSDT,1.0,6,12.585807353677442,4.7277026067765506e-14,1.3322676295501878e-15,7.273361068983934e-15
15,75.0,9.0,7,TSDT,1.0,7,14.240971219699201,5.201553624945128e-14,1.3322676295501878e-15,7.273361068983934e-15
15,75.0,9.0,7,TSDT,1.0,8,15.79867512374591,4.717725558859878e-14,1.3322676295501878e-15,7.273361068983934e-15
15,75.0,9.0,8,TSDT,0.0,1,2.393645788367865,1.3156586642698641e-13,2.6645352591003757e-15,7.113148585618118e-15
15,75.0,9.0,8,TSDT,0.0,2,2.488930404246252,1.4423378453275637e-13,2.6645352591003757e-15,7.113148585618118e-15
15,75.0,9.0,8,TSDT,0.0,3,2.4889306685055277,2.821212346385224e-13,2.6645352591003757e-15,7.113148585618118e-15
15,75.0,9.0,8,TSDT,0.0,4,5.415117065515278,1.4271672664979507e-13,2.6645352591003757e-15,7.113148585618118e-15
15,75.0,9.0,8,TSDT,0.0,5,12.54811595464701,7.302588917282692e-14,2.6645352591003757e-15,7.113148585618118e-15
15,75.0,9.0,8,TSDT,0.0,6,12.548205818950382,1.2139771991411529e-13,2.6645352591003757e-15,7.113148585618118e-15
15,75.0,9.0,8,TSDT,0.0,7,14.067406180552048,2.1459192579045087e-13,2.6645352591003757e-15,7.113148585618118e-15
15,75.0,9.0,8,TSDT,0.0,8,15.442173481563259,6.744423137151283e-14,2.6645352591003757e-15,7.113148585618118e-15
15,75.0,9.0,8,TSDT,1.0,1,2.4473245635573266,1.0706798748530008e-13,2.886579864025407e-15,7.284499449396284e-15
15,75.0,9.0,8,TSDT,1.0,2,2.547266659924678,1.3853175872345918e-13,2.886579864025407e-15,7.284499449396284e-15
15,75.0,9.0,8,TSDT,1.0,3,2.5472710805236622,5.366965731206469e-13,2.886579864025407e-15,7.284499449396284e-15
15,75.0,9.0,8,TSDT,1.0,4,5.532088682974067,1.4344503574851785e-13,2.886579864025407e-15,7.284499449396284e-15
15,75.0,9.0,8,TSDT,1.0,5,12.911609738601797,5.81474482923626e-14,2.886579864025407e-15,7.284499449396284e-15
15,75.0,9.0,8,TSDT,1.0,6,12.911713474124904,5.962349666446441e-14,2.886579864025407e-15,7.284499449396284e-15
15,75.0,9.0,8,TSDT,1.0,7,14.500370792512992,8.4675556562478e-14,2.886579864025407e-15,7.284499449396284e-15
15,75.0,9.0,8,TSDT,1.0,8,15.800707235312837,1.3384342580002489e-13,2.886579864025407e-15,7.284499449396284e-15
15,75.0,9.0,9,TSDT,0.0,1,1.5093035883743848,1.805800449003534e-13,3.1086244689504383e-15,5.72002367536885e-15
15,75.0,9.0,9,TSDT,0.0,2,2.821990517246661,1.1760182669057367e-13,3.1086244689504383e-15,5.72002367536885e-15
15,75.0,9.0,9,TSDT,0.0,3,3.169063835814834,9.519746337829952e-14,3.1086244689504383e-15,5.72002367536885e-15
15,75.0,9.0,9,TSDT,0.0,4,5.9434816601532185,1.338981423018257e-13,3.1086244689504383e-15,5.72002367536885e-15
15,75.0,9.0,9,TSDT,0.0,5,11.671631368132488,1.0752801264695154e-13,3.1086244689504383e-15,5.72002367536885e-15
15,75.0,9.0,9,TSDT,0.0,6,12.278290068658102,9.283340271861598e-14,3.1086244689504383e-15,5.72002367536885e-15
15,75.0,9.0,9,TSDT,0.0,7,13.408196936357188,7.330383980881425e-14,3.1086244689504383e-15,5.72002367536885e-15
15,75.0,9.0,9,TSDT,0.0,8,15.04551485459249,5.863781567299293e-14,3.1086244689504383e-15,5.72002367536885e-15
15,75.0,9.0,9,TSDT,1.0,1,1.5431838447825996,1.587159754637676e-13,4.6629367034256575e-15,6.372766974741788e-15
15,75.0,9.0,9,TSDT,1.0,2,2.8866943035231007,9.786431789916749e-14,4.6629367034256575e-15,6.372766974741788e-15
15,75.0,9.0,9,TSDT,1.0,3,3.2414561247350604,9.183085564030866e-14,4.6629367034256575e-15,6.372766974741788e-15
15,75.0,9.0,9,TSDT,1.0,4,6.078830615332435,9.891570381309447e-14,4.6629367034256575e-15,6.372766974741788e-15
15,75.0,9.0,9,TSDT,1.0,5,11.990474331915996,5.421215508757717e-14,4.6629367034256575e-15,6.372766974741788e-15
15,75.0,9.0,9,TSDT,1.0,6,12.627149614579615,5.766648459987462e-14,4.6629367034256575e-15,6.372766974741788e-15
15,75.0,9.0,9,TSDT,1.0,7,13.786603704275942,6.910081159616508e-14,4.6629367034256575e-15,6.372766974741788e-15
15,75.0,9.0,9,TSDT,1.0,8,15.445421909106868,4.534043277711027e-14,4.6629367034256575e-15,6.372766974741788e-15
15,75.0,9.0,10,TSDT,0.0,1,0.6908553607166679,4.490759773608876e-13,2.886579864025407e-15,6.592305295964124e-15
15,75.0,9.0,10,TSDT,0.0,2,3.6033209962248254,7.413894124430025e-14,2.886579864025407e-15,6.592305295964124e-15
15,75.0,9.0,10,TSDT,0.0,3,3.7269177081291707,1.2031369878090727e-13,2.886579864025407e-15,6.592305295964124e-15
15,75.0,9.0,10,TSDT,0.0,4,6.969427368089571,1.0869577500496796e-13,2.886579864025407e-15,6.592305295964124e-15
15,75.0,9.0,10,TSDT,0.0,5,10.457897142887003,8.288391102182822e-14,2.886579864025407e-15,6.592305295964124e-15
15,75.0,9.0,10,TSDT,0.0,6,11.750694546940446,5.397993635725656e-14,2.886579864025407e-15,6.592305295964124e-15
15,75.0,9.0,10,TSDT,0.0,7,12.078507697030387,1.416621900409245e-13,2.886579864025407e-15,6.592305295964124e-15
15,75.0,9.0,10,TSDT,0.0,8,14.59260010276893,5.188243053879294e-14,2.886579864025407e-15,6.592305295964124e-15
15,75.0,9.0,10,TSDT,1.0,1,0.7059421658355869,4.322562984576223e-13,1.9984014443252818e-15,6.834702314536782e-15
15,75.0,9.0,10,TSDT,1.0,2,3.6850354394019567,7.121251311618821e-14,1.9984014443252818e-15,6.834702314536782e-15
15,75.0,9.0,10,TSDT,1.0,3,3.812804996994133,7.435526594065964e-14,1.9984014443252818e-15,6.834702314536782e-15
15,75.0,9.0,10,TSDT,1.0,4,7.142845131964911,6.042684279374353e-14,1.9984014443252818e-15,6.834702314536782e-15
15,75.0,9.0,10,TSDT,1.0,5,10.726755907198166,5.868371834522504e-14,1.9984014443252818e-15,6.834702314536782e-15
15,75.0,9.0,10,TSDT,1.0,6,12.048842525156271,3.5342847849020046e-14,1.9984014443252818e-15,6.834702314536782e-15
15,75.0,9.0,10,TSDT,1.0,7,12.402509316143641,1.2140402739603166e-13,1.9984014443252818e-15,6.834702314536782e-15
15,75.0,9.0,10,TSDT,1.0,8,14.98129010971222,6.44585951417414e-14,1.9984014443252818e-15,6.834702314536782e-15
15,75.0,9.0,11,TSDT,0.0,1,0.1723328679716496,2.770954771388158e-12,3.4416913763379853e-15,5.140772102368115e-15
15,75.0,9.0,11,TSDT,0.0,2,4.369777005741144,1.4540835970179127e-13,3.4416913763379853e-15,5.140772102368115e-15
15,75.0,9.0,11,TSDT,0.0,3,4.437077223090663,7.621086211904865e-14,3.4416913763379853e-15,5.140772102368115e-15
15,75.0,9.0,11,TSDT,0.0,4,7.044467704814645,1.085304971735516e-13,3.4416913763379853e-15,5.140772102368115e-15
15,75.0,9.0,11,TSDT,0.0,5,10.614920838391964,1.4085467632512423e-13,3.4416913763379853e-15,5.140772102368115e-15
15,75.0,9.0,11,TSDT,0.0,6,10.696222398886055,7.189561196602719e-14,3.4416913763379853e-15,5.140772102368115e-15
15,75.0,9.0,11,TSDT,0.0,7,11.540744689488799,6.994953855920274e-14,3.4416913763379853e-15,5.140772102368115e-15
15,75.0,9.0,11,TSDT,0.0,8,14.15658031860183,7.708617649565278e-14,3.4416913763379853e-15,5.140772102368115e-15
15,75.0,9.0,11,TSDT,1.0,1,0.1760294386088782,2.548528924830105e-12,2.220446049250313e-15,6.076742209817084e-15
15,75.0,9.0,11,TSDT,1.0,2,4.473087127655699,9.766909139287985e-14,2.220446049250313e-15,6.076742209817084e-15
15,75.0,9.0,11,TSDT,1.0,3,4.540665090671599,5.701571386799062e-14,2.220446049250313e-15,6.076742209817084e-15
15,75.0,9.0,11,TSDT,1.0,4,7.225711552705198,7.804690304204075e-14,2.220446049250313e-15,6.076742209817084e-15
15,75.0,9.0,11,TSDT,1.0,5,10.89350058405674,8.495831083029679e-14,2.220446049250313e-15,6.076742209817084e-15
15,75.0,9.0,11,TSDT,1.0,6,10.917759523137446,5.79857303243074e-14,2.220446049250313e-15,6.076742209817084e-15
15,75.0,9.0,11,TSDT,1.0,7,11.86990451062584,5.687641052673761e-14,2.220446049250313e-15,6.076742209817084e-15
15,75.0,9.0,11,TSDT,1.0,8,14.546207605424593,7.054731180223939e-14,2.220446049250313e-15,6.076742209817084e-15
15,75.0,15.0,0,FSDT,0.0,1,0.0,0.9974254288648327,1.4432899320127035e-15,4.390209493911867e-15
15,75.0,15.0,0,FSDT,0.0,2,6.725629344605356,9.10899704356256e-14,1.4432899320127035e-15,4.390209493911867e-15
15,75.0,15.0,0,FSDT,0.0,3,6.725629344605394,8.090537987907682e-14,1.4432899320127035e-15,4.390209493911867e-15
15,75.0,15.0,0,FSDT,0.0,4,8.824754668640313,5.4961172756270364e-14,1.4432899320127035e-15,4.390209493911867e-15
15,75.0,15.0,0,FSDT,0.0,5,13.210805831717265,4.684183880407772e-14,1.4432899320127035e-15,4.390209493911867e-15
15,75.0,15.0,0,FSDT,0.0,6,14.432874275578829,2.1453291957717055e-13,1.4432899320127035e-15,4.390209493911867e-15
15,75.0,15.0,0,FSDT,0.0,7,14.432874275578868,8.530980222059259e-14,1.4432899320127035e-15,4.390209493911867e-15
15,75.0,15.0,0,FSDT,0.0,8,16.86664798956759,4.3736495224574114e-14,1.4432899320127035e-15,4.390209493911867e-15
15,75.0,15.0,0,FSDT,1.0,1,0.0,0.9897427554605974,3.1086244689504383e-15,6.056176145357585e-15
15,75.0,15.0,0,FSDT,1.0,2,6.7787875107820605,1.2941995694926394e-13,3.1086244689504383e-15,6.056176145357585e-15
15,75.0,15.0,0,FSDT,1.0,3,6.778787510782076,1.6980999136559984e-13,3.1086244689504383e-15,6.056176145357585e-15
15,75.0,15.0,0,FSDT,1.0,4,8.896604271292562,5.351088101590912e-14,3.1086244689504383e-15,6.056176145357585e-15
15,75.0,15.0,0,FSDT,1.0,5,13.324327927502862,4.798246300411724e-14,3.1086244689504383e-15,6.056176145357585e-15
15,75.0,15.0,0,FSDT,1.0,6,14.575727382974431,3.609484141774978e-14,3.1086244689504383e-15,6.056176145357585e-15
15,75.0,15.0,0,FSDT,1.0,7,14.57572738297447,7.085563307633779e-14,3.1086244689504383e-15,6.056176145357585e-15
15,75.0,15.0,0,FSDT,1.0,8,17.042401159396853,3.735981377196801e-14,3.1086244689504383e-15,6.056176145357585e-15
15,75.0,15.0,1,FSDT,0.0,1,0.12901091380567467,5.584859027023556e-12,3.552713678800501e-15,5.350387146311514e-15
15,75.0,15.0,1,FSDT,0.0,2,6.0449738246905165,4.926153543116559e-14,3.552713678800501e-15,5.350387146311514e-15
15,75.0,15.0,1,FSDT,0.0,3,6.812261094665276,3.1110721179310244e-14,3.552713678800501e-15,5.350387146311514e-15
15,75.0,15.0,1,FSDT,0.0,4,9.185894031605775,4.866512373873993e-14,3.552713678800501e-15,5.350387146311514e-15
15,75.0,15.0,1,FSDT,0.0,5,13.47171390164881,5.0051605609641893e-14,3.552713678800501e-15,5.350387146311514e-15
15,75.0,15.0,1,FSDT,0.0,6,14.196026341632876,7.021084223238815e-14,3.552713678800501e-15,5.350387146311514e-15
15,75.0,15.0,1,FSDT,0.0,7,14.207343777973266,1.4641123517487952e-13,3.552713678800501e-15,5.350387146311514e-15
15,75.0,15.0,1,FSDT,0.0,8,17.274403783265214,3.6802181961315615e-14,3.552713678800501e-15,5.350387146311514e-15
15,75.0,15.0,1,FSDT,1.0,1,0.1300748576438937,5.097016885564484e-12,3.774758283725532e-15,4.964153055366658e-15
15,75.0,15.0,1,FSDT,1.0,2,6.092247539234839,4.701482523333251e-14,3.774758283725532e-15,4.964153055366658e-15
15,75.0,15.0,1,FSDT,1.0,3,6.86584616018617,2.8309398374490563e-14,3.774758283725532e-15,4.964153055366658e-15
15,75.0,15.0,1,FSDT,1.0,4,9.261617319390098,4.6156582217341225e-14,3.774758283725532e-15,4.964153055366658e-15
15,75.0,15.0,1,FSDT,1.0,5,13.587998640595096,5.643604701956264e-14,3.774758283725532e-15,4.964153055366658e-15
15,75.0,15.0,1,FSDT,1.0,6,14.33463563473688,5.83311582211669e-14,3.774758283725532e-15,4.964153055366658e-15
15,75.0,15.0,1,FSDT,1.0,7,14.348095494949192,5.981353440133863e-14,3.774758283725532e-15,4.964153055366658e-15
15,75.0,15.0,1,FSDT,1.0,8,17.45570584050018,3.329794767296913e-14,3.774758283725532e-15,4.964153055366658e-15
15,75.0,15.0,2,FSDT,0.0,1,0.5194532385250762,7.031854240030082e-13,1.5543122344752192e-15,4.736996359171416e-15
15,75.0,15.0,2,FSDT,0.0,2,4.741693747908421,6.424553788907179e-14,1.5543122344752192e-15,4.736996359171416e-15
15,75.0,15.0,2,FSDT,0.0,3,7.031869407710307,3.1610708737763433e-14,1.5543122344752192e-15,4.736996359171416e-15
15,75.0,15.0,2,FSDT,0.0,4,9.651023165961108,4.629176696290679e-14,1.5543122344752192e-15,4.736996359171416e-15
15,75.0,15.0,2,FSDT,0.0,5,13.388565154245542,3.912269989961814e-14,1.5543122344752192e-15,4.736996359171416e-15
15,75.0,15.0,2,FSDT,0.0,6,13.671839666228045,7.747557764362132e-14,1.5543122344752192e-15,4.736996359171416e-15
15,75.0,15.0,2,FSDT,0.0,7,14.635825728203155,4.8469878761585153e-14,1.5543122344752192e-15,4.736996359171416e-15
15,75.0,15.0,2,FSDT,0.0,8,18.0774997460576,3.336817572441681e-14,1.5543122344752192e-15,4.736996359171416e-15
15,75.0,15.0,2,FSDT,1.0,1,0.5237071328657689,6.276714085343924e-13,2.1094237467877974e-15,5.487283515089155e-15
15,75.0,15.0,2,FSDT,1.0,2,4.778299855810612,5.848408005319999e-14,2.1094237467877974e-15,5.487283515089155e-15
15,75.0,15.0,2,FSDT,1.0,3,7.086540079003226,2.7206486444789645e-14,2.1094237467877974e-15,5.487283515089155e-15
15,75.0,15.0,2,FSDT,1.0,4,9.73268117569294,4.2544718650357223e-14,2.1094237467877974e-15,5.487283515089155e-15
15,75.0,15.0,2,FSDT,1.0,5,13.509326125777982,3.813198217288275e-14,2.1094237467877974e-15,5.487283515089155e-15
15,75.0,15.0,2,FSDT,1.0,6,13.802080209874886,4.517991745249872e-14,2.1094237467877974e-15,5.487283515089155e-15
15,75.0,15.0,2,FSDT,1.0,7,14.776833792073766,6.694708367351724e-14,2.1094237467877974e-15,5.487283515089155e-15
15,75.0,15.0,2,FSDT,1.0,8,18.270084029397434,3.276768288101212e-14,2.1094237467877974e-15,5.487283515089155e-15
15,75.0,15.0,3,FSDT,0.0,1,1.1839303292077035,2.2308267759497087e-13,2.1094237467877974e-15,5.523551938662225e-15
15,75.0,15.0,3,FSDT,0.0,2,3.369901996708135,8.450192351074197e-14,2.1094237467877974e-15,5.523551938662225e-15
15,75.0,15.0,3,FSDT,0.0,3,7.269867606569616,2.989058324735868e-14,2.1094237467877974e-15,5.523551938662225e-15
15,75.0,15.0,3,FSDT,0.0,4,9.934077289856218,4.3485965590725855e-14,2.1094237467877974e-15,5.523551938662225e-15
15,75.0,15.0,3,FSDT,0.0,5,12.986038217051918,4.4422499523855075e-14,2.1094237467877974e-15,5.523551938662225e-15
15,75.0,15.0,3,FSDT,0.0,6,13.184936205714104,5.707751979880077e-14,2.1094237467877974e-15,5.523551938662225e-15
15,75.0,15.0,3,FSDT,0.0,7,15.704046915102253,3.143405707275689e-14,2.1094237467877974e-15,5.523551938662225e-15
15,75.0,15.0,3,FSDT,0.0,8,18.693613566932758,8.126238134629102e-14,2.1094237467877974e-15,5.523551938662225e-15
15,75.0,15.0,3,FSDT,1.0,1,1.1935189793290324,2.2560834335483904e-13,1.5543122344752192e-15,4.985964052592357e-15
15,75.0,15.0,3,FSDT,1.0,2,3.395835938044859,7.844174123752377e-14,1.5543122344752192e-15,4.985964052592357e-15
15,75.0,15.0,3,FSDT,1.0,3,7.325709395003541,2.5778665519769708e-14,1.5543122344752192e-15,4.985964052592357e-15
15,75.0,15.0,3,FSDT,1.0,4,10.02071086205302,3.649702051985012e-14,1.5543122344752192e-15,4.985964052592357e-15
15,75.0,15.0,3,FSDT,1.0,5,13.101664267711614,6.038719907967522e-14,1.5543122344752192e-15,4.985964052592357e-15
15,75.0,15.0,3,FSDT,1.0,6,13.308351441671286,6.146587298006278e-14,1.5543122344752192e-15,4.985964052592357e-15
15,75.0,15.0,3,FSDT,1.0,7,15.859435489082674,3.2360167909430963e-14,1.5543122344752192e-15,4.985964052592357e-15
15,75.0,15.0,3,FSDT,1.0,8,18.893917410087106,3.4447599777358124e-14,1.5543122344752192e-15,4.985964052592357e-15
15,75.0,15.0,4,FSDT,0.0,1,2.0643160304987593,1.3621957482202736e-13,3.552713678800501e-15,4.367736621920733e-15
15,75.0,15.0,4,FSDT,0.0,2,2.2239363727335113,1.2132179900966537e-13,3.552713678800501e-15,4.367736621920733e-15
15,75.0,15.0,4,FSDT,0.0,3,7.375255825956439,2.844448018169836e-14,3.552713678800501e-15,4.367736621920733e-15
15,75.0,15.0,4,FSDT,0.0,4,10.030994041407888,4.590479569036779e-14,3.552713678800501e-15,4.367736621920733e-15
15,75.0,15.0,4,FSDT,0.0,5,12.823493428974341,7.146555469815365e-14,3.552713678800501e-15,4.367736621920733e-15
15,75.0,15.0,4,FSDT,0.0,6,12.988140618119973,7.241199234613204e-14,3.552713678800501e-15,4.367736621920733e-15
15,75.0,15.0,4,FSDT,0.0,7,16.32797463435507,4.475906393877668e-14,3.552713678800501e-15,4.367736621920733e-15
15,75.0,15.0,4,FSDT,0.0,8,18.728864463107357,5.970743645688134e-14,3.552713678800501e-15,4.367736621920733e-15
15,75.0,15.0,4,FSDT,1.0,1,2.0823017050888577,1.4270780477148304e-13,1.4432899320127035e-15,4.5607487596600964e-15
15,75.0,15.0,4,FSDT,1.0,2,2.2396017504964605,1.2729640688832703e-13,1.4432899320127035e-15,4.5607487596600964e-15
15,75.0,15.0,4,FSDT,1.0,3,7.431613499054114,3.4141433637433003e-14,1.4432899320127035e-15,4.5607487596600964e-15
15,75.0,15.0,4,FSDT,1.0,4,10.119781736882667,4.8818677330571827e-14,1.4432899320127035e-15,4.5607487596600964e-15
15,75.0,15.0,4,FSDT,1.0,5,12.936303346649636,5.555868060339906e-14,1.4432899320127035e-15,4.5607487596600964e-15
15,75.0,15.0,4,FSDT,1.0,6,13.10896675054043,4.609003864186525e-14,1.4432899320127035e-15,4.5607487596600964e-15
15,75.0,15.0,4,FSDT,1.0,7,16.493016795288536,3.732328836069334e-14,1.4432899320127035e-15,4.5607487596600964e-15
15,75.0,15.0,4,FSDT,1.0,8,18.926770537403925,6.723387187819602e-14,1.4432899320127035e-15,4.5607487596600964e-15
15,75.0,15.0,5,FSDT,0.0,1,2.273808825318465,1.5786565510985946e-13,2.220446049250313e-15,4.971909958446749e-15
15,75.0,15.0,5,FSDT,0.0,2,2.307138230032982,1.368540879587227e-13,2.220446049250313e-15,4.971909958446749e-15
15,75.0,15.0,5,FSDT,0.0,3,6.882639272510192,3.657267785192079e-14,2.220446049250313e-15,4.971909958446749e-15
15,75.0,15.0,5,FSDT,0.0,4,9.541677799936345,8.890134090612854e-14,2.220446049250313e-15,4.971909958446749e-15
15,75.0,15.0,5,FSDT,0.0,5,13.279858201007183,6.351767931513321e-14,2.220446049250313e-15,4.971909958446749e-15
15,75.0,15.0,5,FSDT,0.0,6,13.494191448940912,5.961731453661566e-14,2.220446049250313e-15,4.971909958446749e-15
15,75.0,15.0,5,FSDT,0.0,7,16.41962095222518,4.465336143111187e-14,2.220446049250313e-15,4.971909958446749e-15
15,75.0,15.0,5,FSDT,0.0,8,18.78192229943382,4.773860895413536e-14,2.220446049250313e-15,4.971909958446749e-15
15,75.0,15.0,5,FSDT,1.0,1,2.289905898638681,4.2187259510969654e-13,5.773159728050814e-15,5.381405741016443e-15
15,75.0,15.0,5,FSDT,1.0,2,2.3268874191654074,1.2494090144709764e-13,5.773159728050814e-15,5.381405741016443e-15
15,75.0,15.0,5,FSDT,1.0,3,6.935217936141446,9.113694720472752e-14,5.773159728050814e-15,5.381405741016443e-15
15,75.0,15.0,5,FSDT,1.0,4,9.625058394418282,3.3704553964016304e-13,5.773159728050814e-15,5.381405741016443e-15
15,75.0,15.0,5,FSDT,1.0,5,13.397807668748806,1.6022942738612722e-13,5.773159728050814e-15,5.381405741016443e-15
15,75.0,15.0,5,FSDT,1.0,6,13.620693157928505,1.0178933864975396e-13,5.773159728050814e-15,5.381405741016443e-15
15,75.0,15.0,5,FSDT,1.0,7,16.586730002412096,1.0237338022449608e-13,5.773159728050814e-15,5.381405741016443e-15
15,75.0,15.0,5,FSDT,1.0,8,18.98148838734781,8.28428218811065e-14,5.773159728050814e-15,5.381405741016443e-15
15,75.0,15.0,6,FSDT,0.0,1,2.4566510023949615,1.0286765119385476e-13,2.4424906541753444e-15,4.729723431371937e-15
15,75.0,15.0,6,FSDT,0.0,2,2.8818167931093,1.0161205700066739e-13,2.4424906541753444e-15,4.729723431371937e-15
15,75.0,15.0,6,FSDT,0.0,3,5.794397095834094,3.827444790245737e-14,2.4424906541753444e-15,4.729723431371937e-15
15,75.0,15.0,6,FSDT,0.0,4,8.611722521633865,5.910400021208091e-14,2.4424906541753444e-15,4.729723431371937e-15
15,75.0,15.0,6,FSDT,0.0,5,14.229060269435033,3.494169865493591e-14,2.4424906541753444e-15,4.729723431371937e-15
15,75.0,15.0,6,FSDT,0.0,6,14.429354531680861,4.685288271993404e-14,2.4424906541753444e-15,4.729723431371937e-15
15,75.0,15.0,6,FSDT,0.0,7,16.73129144138894,3.805360250888179e-14,2.4424906541753444e-15,4.729723431371937e-15
15,75.0,15.0,6,FSDT,0.0,8,18.939973470719345,3.710250680900123e-14,2.4424906541753444e-15,4.729723431371937e-15
15,75.0,15.0,6,FSDT,1.0,1,2.4742959249619934,1.0693742314967965e-13,2.6645352591003757e-15,4.844618363084266e-15
15,75.0,15.0,6,FSDT,1.0,2,2.9060289879569168,1.0204139861078284e-13,2.6645352591003757e-15,4.844618363084266e-15
15,75.0,15.0,6,FSDT,1.0,3,5.838774214470222,3.747189880978502e-14,2.6645352591003757e-15,4.844618363084266e-15
15,75.0,15.0,6,FSDT,1.0,4,8.685061681642441,8.835171337704235e-14,2.6645352591003757e-15,4.844618363084266e-15
15,75.0,15.0,6,FSDT,1.0,5,14.35843184209658,4.760572885349205e-14,2.6645352591003757e-15,4.844618363084266e-15
15,75.0,15.0,6,FSDT,1.0,6,14.565541462140121,3.9834931572294714e-14,2.6645352591003757e-15,4.844618363084266e-15
15,75.0,15.0,6,FSDT,1.0,7,16.905662904348812,5.554296343058706e-14,2.6645352591003757e-15,4.844618363084266e-15
15,75.0,15.0,6,FSDT,1.0,8,19.144604746184868,3.4135848165631504e-14,2.6645352591003757e-15,4.844618363084266e-15
15,75.0,15.0,7,FSDT,0.0,1,2.85181794703186,1.8364898814252193e-13,2.886579864025407e-15,5.0693723310824546e-15
15,75.0,15.0,7,FSDT,0.0,2,3.498006247467826,7.313278833254213e-14,2.886579864025407e-15,5.0693723310824546e-15
15,75.0,15.0,7,FSDT,0.0,3,4.6184357914236545,4.5848515352721815e-14,2.886579864025407e-15,5.0693723310824546e-15
15,75.0,15.0,7,FSDT,0.0,4,7.768880058376736,8.65414825261462e-14,2.886579864025407e-15,5.0693723310824546e-15
15,75.0,15.0,7,FSDT,0.0,5,15.069982054973178,3.707887735961285e-14,2.886579864025407e-15,5.0693723310824546e-15
15,75.0,15.0,7,FSDT,0.0,6,15.155147294828739,6.7430952196132e-14,2.886579864025407e-15,5.0693723310824546e-15
15,75.0,15.0,7,FSDT,0.0,7,17.33354969755234,4.8149079711213734e-14,2.886579864025407e-15,5.0693723310824546e-15
15,75.0,15.0,7,FSDT,0.0,8,19.17283696116284,3.778195449944788e-14,2.886579864025407e-15,5.0693723310824546e-15
15,75.0,15.0,7,FSDT,1.0,1,2.872512642432612,2.1221837777656057e-13,4.884981308350689e-15,6.576120035962985e-15
15,75.0,15.0,7,FSDT,1.0,2,3.527451663419568,6.555109680005864e-14,4.884981308350689e-15,6.576120035962985e-15
15,75.0,15.0,7,FSDT,1.0,3,4.654345930389961,4.497241779784228e-14,4.884981308350689e-15,6.576120035962985e-15
15,75.0,15.0,7,FSDT,1.0,4,7.833218315960849,7.115681117561136e-14,4.884981308350689e-15,6.576120035962985e-15
15,75.0,15.0,7,FSDT,1.0,5,15.21019395109026,4.18876527774987e-14,4.884981308350689e-15,6.576120035962985e-15
15,75.0,15.0,7,FSDT,1.0,6,15.297656196407956,5.108530366191087e-14,4.884981308350689e-15,6.576120035962985e-15
15,75.0,15.0,7,FSDT,1.0,7,17.52138007344334,4.526676653318819e-14,4.884981308350689e-15,6.576120035962985e-15
15,75.0,15.0,7,FSDT,1.0,8,19.385242387347127,4.1445684189559025e-14,4.884981308350689e-15,6.576120035962985e-15
15,75.0,15.0,8,FSDT,0.0,1,3.378116693753092,6.860222672669816e-14,2.220446049250313e-15,5.481754790435515e-15
15,75.0,15.0,8,FSDT,0.0,2,3.7902137871283577,2.2748805458861507e-13,2.220446049250313e-15,5.481754790435515e-15
15,75.0,15.0,8,FSDT,0.0,3,3.7902160193226955,6.157972598091143e-14,2.220446049250313e-15,5.481754790435515e-15
15,75.0,15.0,8,FSDT,0.0,4,7.4011742164907295,1.0538339282778505e-13,2.220446049250313e-15,5.481754790435515e-15
15,75.0,15.0,8,FSDT,0.0,5,15.400914670089795,5.0856997316646926e-14,2.220446049250313e-15,5.481754790435515e-15
15,75.0,15.0,8,FSDT,0.0,6,15.400920634009571,3.369342451522856e-14,2.220446049250313e-15,5.481754790435515e-15
15,75.0,15.0,8,FSDT,0.0,7,17.812280664695194,6.396740184230126e-14,2.220446049250313e-15,5.481754790435515e-15
15,75.0,15.0,8,FSDT,0.0,8,19.311576552396446,1.3214880617174882e-13,2.220446049250313e-15,5.481754790435515e-15
15,75.0,15.0,8,FSDT,1.0,1,3.400597718410942,6.280384532802597e-14,4.6629367034256575e-15,5.167411847514622e-15
15,75.0,15.0,8,FSDT,1.0,2,3.8223505183964317,1.536768085202413e-13,4.6629367034256575e-15,5.167411847514622e-15
15,75.0,15.0,8,FSDT,1.0,3,3.8223573065997214,6.116562529736312e-14,4.6629367034256575e-15,5.167411847514622e-15
15,75.0,15.0,8,FSDT,1.0,4,7.461523285576317,8.302825704405491e-14,4.6629367034256575e-15,5.167411847514622e-15
15,75.0,15.0,8,FSDT,1.0,5,15.545337066938496,4.505060246916314e-14,4.6629367034256575e-15,5.167411847514622e-15
15,75.0,15.0,8,FSDT,1.0,6,15.545531286922103,3.10079664195222e-14,4.6629367034256575e-15,5.167411847514622e-15
15,75.0,15.0,8,FSDT,1.0,7,18.009882605889832,7.353882792545633e-14,4.6629367034256575e-15,5.167411847514622e-15
15,75.0,15.0,8,FSDT,1.0,8,19.528522771657855,1.5987597969356723e-13,4.6629367034256575e-15,5.167411847514622e-15
15,75.0,15.0,9,FSDT,0.0,1,2.2845556315969167,9.820782819032938e-14,3.1086244689504383e-15,7.03000395792971e-15
15,75.0,15.0,9,FSDT,0.0,2,4.201501540846638,6.297698941779705e-14,3.1086244689504383e-15,7.03000395792971e-15
15,75.0,15.0,9,FSDT,0.0,3,4.500712869805381,1.0798797171414764e-13,3.1086244689504383e-15,7.03000395792971e-15
15,75.0,15.0,9,FSDT,0.0,4,8.114347085517322,6.837866478020628e-14,3.1086244689504383e-15,7.03000395792971e-15
15,75.0,15.0,9,FSDT,0.0,5,14.63027550794008,3.984414383627951e-14,3.1086244689504383e-15,7.03000395792971e-15
15,75.0,15.0,9,FSDT,0.0,6,15.170527563508491,6.334618137930672e-14,3.1086244689504383e-15,7.03000395792971e-15
15,75.0,15.0,9,FSDT,0.0,7,16.906410110773216,4.532178726557591e-14,3.1086244689504383e-15,7.03000395792971e-15
15,75.0,15.0,9,FSDT,0.0,8,18.70691414799518,3.370243879051097e-14,3.1086244689504383e-15,7.03000395792971e-15
15,75.0,15.0,9,FSDT,1.0,1,2.3020670947376067,1.0110655516237204e-13,1.9984014443252818e-15,4.876375124638275e-15
15,75.0,15.0,9,FSDT,1.0,2,4.236165511326545,5.820416308234593e-14,1.9984014443252818e-15,4.876375124638275e-15
15,75.0,15.0,9,FSDT,1.0,3,4.534215733856746,7.238892064690207e-14,1.9984014443252818e-15,4.876375124638275e-15
15,75.0,15.0,9,FSDT,1.0,4,8.18220117184755,6.674840763636137e-14,1.9984014443252818e-15,4.876375124638275e-15
15,75.0,15.0,9,FSDT,1.0,5,14.7664394409165,3.3305061661307794e-14,1.9984014443252818e-15,4.876375124638275e-15
15,75.0,15.0,9,FSDT,1.0,6,15.312063251330096,3.966906705060308e-14,1.9984014443252818e-15,4.876375124638275e-15
15,75.0,15.0,9,FSDT,1.0,7,17.087184749905713,4.5470779956035664e-14,1.9984014443252818e-15,4.876375124638275e-15
15,75.0,15.0,9,FSDT,1.0,8,18.90597593933716,3.552359814606752e-14,1.9984014443252818e-15,4.876375124638275e-15
15,75.0,15.0,10,FSDT,0.0,1,1.0757367793045458,2.333427815455726e-13,1.9984014443252818e-15,5.63366562967583e-15
15,75.0,15.0,10,FSDT,0.0,2,5.181828089807668,6.223489603760531e-14,1.9984014443252818e-15,5.63366562967583e-15
15,75.0,15.0,10,FSDT,0.0,3,5.198403743320908,1.3768079011326177e-13,1.9984014443252818e-15,5.63366562967583e-15
15,75.0,15.0,10,FSDT,0.0,4,9.416311361683476,7.037796746547094e-14,1.9984014443252818e-15,5.63366562967583e-15
15,75.0,15.0,10,FSDT,0.0,5,13.386122554167061,7.41843017188558e-14,1.9984014443252818e-15,5.63366562967583e-15
15,75.0,15.0,10,FSDT,0.0,6,14.639245596953131,3.575412944844437e-14,1.9984014443252818e-15,5.63366562967583e-15
15,75.0,15.0,10,FSDT,0.0,7,15.471501742410245,6.240788112287088e-14,1.9984014443252818e-15,5.63366562967583e-15
15,75.0,15.0,10,FSDT,0.0,8,18.088205226021643,3.8488527029930275e-14,1.9984014443252818e-15,5.63366562967583e-15
15,75.0,15.0,10,FSDT,1.0,1,1.084219024135485,2.2295665884135471e-13,3.219646771412954e-15,4.777448936939937e-15
15,75.0,15.0,10,FSDT,1.0,2,5.223104171128302,5.582294197599893e-14,3.219646771412954e-15,4.777448936939937e-15
15,75.0,15.0,10,FSDT,1.0,3,5.237178803860822,7.815776077165951e-14,3.219646771412954e-15,4.777448936939937e-15
15,75.0,15.0,10,FSDT,1.0,4,9.496486000931455,5.02118419934388e-14,3.219646771412954e-15,4.777448936939937e-15
15,75.0,15.0,10,FSDT,1.0,5,13.510144091765682,4.6789368502593054e-14,3.219646771412954e-15,4.777448936939937e-15
15,75.0,15.0,10,FSDT,1.0,6,14.771414197122459,3.799104036381527e-14,3.219646771412954e-15,4.777448936939937e-15
15,75.0,15.0,10,FSDT,1.0,7,15.63004000005467,4.375404288766123e-14,3.219646771412954e-15,4.777448936939937e-15
15,75.0,15.0,10,FSDT,1.0,8,18.27742699904864,6.023220896520765e-14,3.219646771412954e-15,4.777448936939937e-15
15,75.0,15.0,11,FSDT,0.0,1,0.27266345961242466,1.65917611998957e-12,1.7763568394002505e-15,5.047268223528749e-15
15,75.0,15.0,11,FSDT,0.0,2,6.074576953655683,6.173291913004631e-14,1.7763568394002505e-15,5.047268223528749e-15
15,75.0,15.0,11,FSDT,0.0,3,6.232400310398779,4.369527441737267e-14,1.7763568394002505e-15,5.047268223528749e-15
15,75.0,15.0,11,FSDT,0.0,4,9.471637576257166,4.9125208552811135e-14,1.7763568394002505e-15,5.047268223528749e-15
15,75.0,15.0,11,FSDT,0.0,5,13.575930710880135,6.989285592406408e-14,1.7763568394002505e-15,5.047268223528749e-15
15,75.0,15.0,11,FSDT,0.0,6,13.754834496032352,3.9111591021899436e-14,1.7763568394002505e-15,5.047268223528749e-15
15,75.0,15.0,11,FSDT,0.0,7,14.621908675558126,4.005219951217181e-14,1.7763568394002505e-15,5.047268223528749e-15
15,75.0,15.0,11,FSDT,0.0,8,17.43742916511632,3.8019668198807e-14,1.7763568394002505e-15,5.047268223528749e-15
15,75.0,15.0,11,FSDT,1.0,1,0.27484876718241563,1.680439909926452e-12,1.9984014443252818e-15,4.964882763954167e-15
15,75.0,15.0,11,FSDT,1.0,2,6.121447771942856,6.015898982756803e-14,1.9984014443252818e-15,4.964882763954167e-15
15,75.0,15.0,11,FSDT,1.0,3,6.281565373997446,4.1171740111801784e-14,1.9984014443252818e-15,4.964882763954167e-15
15,75.0,15.0,11,FSDT,1.0,4,9.550325282832047,4.13795890103333e-14,1.9984014443252818e-15,4.964882763954167e-15
15,75.0,15.0,11,FSDT,1.0,5,13.706371052820925,4.6378573045353215e-14,1.9984014443252818e-15,4.964882763954167e-15
15,75.0,15.0,11,FSDT,1.0,6,13.874281805064378,3.769727965920241e-14,1.9984014443252818e-15,4.964882763954167e-15
15,75.0,15.0,11,FSDT,1.0,7,14.768519791694287,4.4250431199446805e-14,1.9984014443252818e-15,4.964882763954167e-15
15,75.0,15.0,11,FSDT,1.0,8,17.619752873791157,3.6759675398244085e-14,1.9984014443252818e-15,4.964882763954167e-15
15,75.0,15.0,0,TSDT,0.0,1,0.0,0.9930851616638695,2.1094237467877974e-15,6.735809874556367e-15
15,75.0,15.0,0,TSDT,0.0,2,6.7703399050108715,2.1678660412866517e-13,2.1094237467877974e-15,6.735809874556367e-15
15,75.0,15.0,0,TSDT,0.0,3,6.77033990501088,1.1392955751606185e-13,2.1094237467877974e-15,6.735809874556367e-15
15,75.0,15.0,0,TSDT,0.0,4,8.950615990277297,9.164939959437656e-14,2.1094237467877974e-15,6.735809874556367e-15
15,75.0,15.0,0,TSDT,0.0,5,13.529694231581189,1.7627194761753756e-13,2.1094237467877974e-15,6.735809874556367e-15
15,75.0,15.0,0,TSDT,0.0,6,14.702240363325721,8.278022699316146e-14,2.1094237467877974e-15,6.735809874556367e-15
15,75.0,15.0,0,TSDT,0.0,7,14.702240363325739,2.1090575613852629e-13,2.1094237467877974e-15,6.735809874556367e-15
15,75.0,15.0,0,TSDT,0.0,8,17.329781026691297,1.093769361528483e-13,2.1094237467877974e-15,6.735809874556367e-15
15,75.0,15.0,0,TSDT,1.0,1,0.0,0.9892376613246079,2.886579864025407e-15,6.1920363889348865e-15
15,75.0,15.0,0,TSDT,1.0,2,6.843612900624805,4.3792935688623403e-13,2.886579864025407e-15,6.1920363889348865e-15
15,75.0,15.0,0,TSDT,1.0,3,6.843612900624833,5.583034674491745e-13,2.886579864025407e-15,6.1920363889348865e-15
15,75.0,15.0,0,TSDT,1.0,4,9.062887751342306,8.587481931597331e-14,2.886579864025407e-15,6.1920363889348865e-15
15,75.0,15.0,0,TSDT,1.0,5,13.700445173508635,1.1065200685785951e-13,2.886579864025407e-15,6.1920363889348865e-15
15,75.0,15.0,0,TSDT,1.0,6,14.921318297114722,2.2723944452350476e-13,2.886579864025407e-15,6.1920363889348865e-15
15,75.0,15.0,0,TSDT,1.0,7,14.921318297114734,1.6662340868856272e-13,2.886579864025407e-15,6.1920363889348865e-15
15,75.0,15.0,0,TSDT,1.0,8,17.607129510736723,8.715757406742871e-14,2.886579864025407e-15,6.1920363889348865e-15
15,75.0,15.0,1,TSDT,0.0,1,0.12914350936705118,4.115303336404703e-12,2.7755575615628914e-15,6.315951237694653e-15
15,75.0,15.0,1,TSDT,0.0,2,6.091516698051386,7.87376762951922e-14,2.7755575615628914e-15,6.315951237694653e-15
15,75.0,15.0,1,TSDT,0.0,3,6.858341693572668,6.652660149493588e-14,2.7755575615628914e-15,6.315951237694653e-15
15,75.0,15.0,1,TSDT,0.0,4,9.305967157622455,1.167560818448748e-13,2.7755575615628914e-15,6.315951237694653e-15
15,75.0,15.0,1,TSDT,0.0,5,13.797063522666418,1.0780965533378558e-13,2.7755575615628914e-15,6.315951237694653e-15
15,75.0,15.0,1,TSDT,0.0,6,14.45547421894179,2.425681787091481e-13,2.7755575615628914e-15,6.315951237694653e-15
15,75.0,15.0,1,TSDT,0.0,7,14.490604958302976,2.827595790867582e-13,2.7755575615628914e-15,6.315951237694653e-15
15,75.0,15.0,1,TSDT,0.0,8,17.729621679239234,1.0471177470071852e-13,2.7755575615628914e-15,6.315951237694653e-15
15,75.0,15.0,1,TSDT,1.0,1,0.13023455685020469,4.567855000587857e-12,3.9968028886505635e-15,5.194655525645268e-15
15,75.0,15.0,1,TSDT,1.0,2,6.157021262842016,7.853006050028933e-14,3.9968028886505635e-15,5.194655525645268e-15
15,75.0,15.0,1,TSDT,1.0,3,6.932696213019658,5.579200812179773e-14,3.9968028886505635e-15,5.194655525645268e-15
15,75.0,15.0,1,TSDT,1.0,4,9.422171158206165,7.214600054732216e-14,3.9968028886505635e-15,5.194655525645268e-15
15,75.0,15.0,1,TSDT,1.0,5,13.975085228265263,8.072214734374851e-14,3.9968028886505635e-15,5.194655525645268e-15
15,75.0,15.0,1,TSDT,1.0,6,14.665907283936026,7.840186948739113e-14,3.9968028886505635e-15,5.194655525645268e-15
15,75.0,15.0,1,TSDT,1.0,7,14.705164524483315,1.0554860678639565e-13,3.9968028886505635e-15,5.194655525645268e-15
15,75.0,15.0,1,TSDT,1.0,8,18.01556922420804,1.7131939137179995e-13,3.9968028886505635e-15,5.194655525645268e-15
15,75.0,15.0,2,TSDT,0.0,1,0.5203249275946067,7.275557753425534e-13,1.5543122344752192e-15,4.494742935315261e-15
15,75.0,15.0,2,TSDT,0.0,2,4.779339864044566,9.571841416255711e-14,1.5543122344752192e-15,4.494742935315261e-15
15,75.0,15.0,2,TSDT,0.0,3,7.081346797162065,4.731256923308872e-14,1.5543122344752192e-15,4.494742935315261e-15
15,75.0,15.0,2,TSDT,0.0,4,9.767923132790157,8.0870825376194e-14,1.5543122344752192e-15,4.494742935315261e-15
15,75.0,15.0,2,TSDT,0.0,5,13.709642880221997,8.551446529443403e-14,1.5543122344752192e-15,4.494742935315261e-15
15,75.0,15.0,2,TSDT,0.0,6,13.911729923093057,1.2815910847784654e-13,1.5543122344752192e-15,4.494742935315261e-15
15,75.0,15.0,2,TSDT,0.0,7,14.958711892831353,8.632535300597113e-14,1.5543122344752192e-15,4.494742935315261e-15
15,75.0,15.0,2,TSDT,0.0,8,18.529967258546844,6.630671396128438e-14,1.5543122344752192e-15,4.494742935315261e-15
15,75.0,15.0,2,TSDT,1.0,1,0.5248049361851878,7.619192901069128e-13,1.3322676295501878e-15,6.44171977209632e-15
15,75.0,15.0,2,TSDT,1.0,2,4.829166246985096,8.815321259638796e-14,1.3322676295501878e-15,6.44171977209632e-15
15,75.0,15.0,2,TSDT,1.0,3,7.158493593471881,4.483972817319293e-14,1.3322676295501878e-15,6.44171977209632e-15
15,75.0,15.0,2,TSDT,1.0,4,9.890214696720522,7.210952198537317e-14,1.3322676295501878e-15,6.44171977209632e-15
15,75.0,15.0,2,TSDT,1.0,5,13.902867467492609,7.593673031291657e-14,1.3322676295501878e-15,6.44171977209632e-15
15,75.0,15.0,2,TSDT,1.0,6,14.105449881567047,1.102173998640337e-13,1.3322676295501878e-15,6.44171977209632e-15
15,75.0,15.0,2,TSDT,1.0,7,15.17001990683572,7.941026414282723e-14,1.3322676295501878e-15,6.44171977209632e-15
15,75.0,15.0,2,TSDT,1.0,8,18.833745143206183,9.092179998315851e-14,1.3322676295501878e-15,6.44171977209632e-15
15,75.0,15.0,3,TSDT,0.0,1,1.187283773133776,3.105314213305304e-13,1.2212453270876722e-15,6.003197086714178e-15
15,75.0,15.0,3,TSDT,0.0,2,3.393836655604644,1.2657861779142958e-13,1.2212453270876722e-15,6.003197086714178e-15
15,75.0,15.0,3,TSDT,0.0,3,7.322879694634418,4.736678573216361e-14,1.2212453270876722e-15,6.003197086714178e-15
15,75.0,15.0,3,TSDT,0.0,4,10.046278616256837,7.927945612417462e-14,1.2212453270876722e-15,6.003197086714178e-15
15,75.0,15.0,3,TSDT,0.0,5,13.316928670811173,1.2049814937703908e-13,1.2212453270876722e-15,6.003197086714178e-15
15,75.0,15.0,3,TSDT,0.0,6,13.408923478658433,1.3625970986233782e-13,1.2212453270876722e-15,6.003197086714178e-15
15,75.0,15.0,3,TSDT,0.0,7,16.066914174703232,8.431538745922392e-14,1.2212453270876722e-15,6.003197086714178e-15
15,75.0,15.0,3,TSDT,0.0,8,19.106499175448402,8.543543812578935e-14,1.2212453270876722e-15,6.003197086714178e-15
15,75.0,15.0,3,TSDT,1.0,1,1.1978582811145373,2.885487663364828e-13,3.3306690738754696e-15,5.874990406933522e-15
15,75.0,15.0,3,TSDT,1.0,2,3.427689380053326,1.1899785333690578e-13,3.3306690738754696e-15,5.874990406933522e-15
15,75.0,15.0,3,TSDT,1.0,3,7.4031409675089686,4.685843268185616e-14,3.3306690738754696e-15,5.874990406933522e-15
15,75.0,15.0,3,TSDT,1.0,4,10.172927943779014,7.764097728106983e-14,3.3306690738754696e-15,5.874990406933522e-15
15,75.0,15.0,3,TSDT,1.0,5,13.504972759665542,1.5744511841704858e-13,3.3306690738754696e-15,5.874990406933522e-15
15,75.0,15.0,3,TSDT,1.0,6,13.589145403906643,3.5034836671812416e-13,3.3306690738754696e-15,5.874990406933522e-15
15,75.0,15.0,3,TSDT,1.0,7,16.306135648915824,6.852168186059698e-14,3.3306690738754696e-15,5.874990406933522e-15
15,75.0,15.0,3,TSDT,1.0,8,19.414528654889814,1.98453910230012e-13,3.3306690738754696e-15,5.874990406933522e-15
15,75.0,15.0,4,TSDT,0.0,1,2.0657601676986834,2.123413689634035e-13,2.4424906541753444e-15,6.4032903100752935e-15
15,75.0,15.0,4,TSDT,0.0,2,2.2446775419125125,2.1290288933326953e-13,2.4424906541753444e-15,6.4032903100752935e-15
15,75.0,15.0,4,TSDT,0.0,3,7.429778245251363,4.6250318642082193e-14,2.4424906541753444e-15,6.4032903100752935e-15
15,75.0,15.0,4,TSDT,0.0,4,10.139809776416573,8.312811684971831e-14,2.4424906541753444e-15,6.4032903100752935e-15
15,75.0,15.0,4,TSDT,0.0,5,13.16016725589231,4.570700187637731e-13,2.4424906541753444e-15,6.4032903100752935e-15
15,75.0,15.0,4,TSDT,0.0,6,13.206199165494253,9.672131633205316e-14,2.4424906541753444e-15,6.4032903100752935e-15
15,75.0,15.0,4,TSDT,0.0,7,16.73241426645723,9.515012554939141e-14,2.4424906541753444e-15,6.4032903100752935e-15
15,75.0,15.0,4,TSDT,0.0,8,19.043223481922926,9.32372054315084e-14,2.4424906541753444e-15,6.4032903100752935e-15
15,75.0,15.0,4,TSDT,1.0,1,2.08412467343181,2.068536246515789e-13,2.4424906541753444e-15,5.3339833925998956e-15
15,75.0,15.0,4,TSDT,1.0,2,2.2669772396487096,1.8281076284307461e-13,2.4424906541753444e-15,5.3339833925998956e-15
15,75.0,15.0,4,TSDT,1.0,3,7.511454224476971,4.4725763217735134e-14,2.4424906541753444e-15,5.3339833925998956e-15
15,75.0,15.0,4,TSDT,1.0,4,10.268107823451164,7.471967527207963e-14,2.4424906541753444e-15,5.3339833925998956e-15
15,75.0,15.0,4,TSDT,1.0,5,13.34538849021671,1.5449580645492216e-13,2.4424906541753444e-15,5.3339833925998956e-15
15,75.0,15.0,4,TSDT,1.0,6,13.381334834943484,9.584697417244312e-14,2.4424906541753444e-15,5.3339833925998956e-15
15,75.0,15.0,4,TSDT,1.0,7,16.9946182623613,6.48733504036052e-14,2.4424906541753444e-15,5.3339833925998956e-15
15,75.0,15.0,4,TSDT,1.0,8,19.328417760905666,6.750904966632284e-14,2.4424906541753444e-15,5.3339833925998956e-15
15,75.0,15.0,5,TSDT,0.0,1,2.2940847769596076,6.159248549926699e-13,5.773159728050814e-15,5.865133435961846e-15
15,75.0,15.0,5,TSDT,0.0,2,2.3107716410851613,2.048302605641432e-13,5.773159728050814e-15,5.865133435961846e-15
15,75.0,15.0,5,TSDT,0.0,3,6.935942975704248,8.151097806683014e-14,5.773159728050814e-15,5.865133435961846e-15
15,75.0,15.0,5,TSDT,0.0,4,9.6533986039594,2.926144938538545e-13,5.773159728050814e-15,5.865133435961846e-15
15,75.0,15.0,5,TSDT,0.0,5,13.619525785606514,8.789840956200417e-14,5.773159728050814e-15,5.865133435961846e-15
15,75.0,15.0,5,TSDT,0.0,6,13.717498996083402,1.201037596985998e-13,5.773159728050814e-15,5.865133435961846e-15
15,75.0,15.0,5,TSDT,0.0,7,16.81981410310322,8.67903123664214e-14,5.773159728050814e-15,5.865133435961846e-15
15,75.0,15.0,5,TSDT,0.0,8,19.10337933601958,2.6006949240713663e-13,5.773159728050814e-15,5.865133435961846e-15
15,75.0,15.0,5,TSDT,1.0,1,2.316830504759098,1.9428331814878848e-13,4.218847493575595e-15,6.311484246691281e-15
15,75.0,15.0,5,TSDT,1.0,2,2.3316444665458307,1.8111530326245108e-13,4.218847493575595e-15,6.311484246691281e-15
15,75.0,15.0,5,TSDT,1.0,3,7.011442547713447,4.904619522897415e-14,4.218847493575595e-15,6.311484246691281e-15
15,75.0,15.0,5,TSDT,1.0,4,9.773053637023214,8.934862549995578e-14,4.218847493575595e-15,6.311484246691281e-15
15,75.0,15.0,5,TSDT,1.0,5,13.813664128190466,6.779437373320487e-14,4.218847493575595e-15,6.311484246691281e-15
15,75.0,15.0,5,TSDT,1.0,6,13.904086606244523,1.711645427018977e-13,4.218847493575595e-15,6.311484246691281e-15
15,75.0,15.0,5,TSDT,1.0,7,17.08381925858556,1.655119942458769e-13,4.218847493575595e-15,6.311484246691281e-15
15,75.0,15.0,5,TSDT,1.0,8,19.39158017421355,1.897153663194621e-13,4.218847493575595e-15,6.311484246691281e-15
15,75.0,15.0,6,TSDT,0.0,1,2.475937237138876,1.794687976929934e-13,2.220446049250313e-15,6.379169810636632e-15
15,75.0,15.0,6,TSDT,0.0,2,2.8891375575365834,1.5431707138299807e-13,2.220446049250313e-15,6.379169810636632e-15
15,75.0,15.0,6,TSDT,0.0,3,5.838025758213508,6.759508693939297e-14,2.220446049250313e-15,6.379169810636632e-15
15,75.0,15.0,6,TSDT,0.0,4,8.723091742327954,1.510414197574908e-13,2.220446049250313e-15,6.379169810636632e-15
15,75.0,15.0,6,TSDT,0.0,5,14.580063284787144,1.1861588369245356e-13,2.220446049250313e-15,6.379169810636632e-15
15,75.0,15.0,6,TSDT,0.0,6,14.68608357272315,1.3144936519826482e-13,2.220446049250313e-15,6.379169810636632e-15
15,75.0,15.0,6,TSDT,0.0,7,17.108228881271042,7.700957547788556e-14,2.220446049250313e-15,6.379169810636632e-15
15,75.0,15.0,6,TSDT,0.0,8,19.285824797370832,6.727109347287275e-14,2.220446049250313e-15,6.379169810636632e-15
15,75.0,15.0,6,TSDT,1.0,1,2.5003864011367987,1.6498507977100826e-13,2.886579864025407e-15,5.506878341892839e-15
15,75.0,15.0,6,TSDT,1.0,2,2.9159365083262725,1.4519892150086673e-13,2.886579864025407e-15,5.506878341892839e-15
15,75.0,15.0,6,TSDT,1.0,3,5.899855064512873,5.741250349552203e-14,2.886579864025407e-15,5.506878341892839e-15
15,75.0,15.0,6,TSDT,1.0,4,8.827754945736636,1.0867360069348132e-13,2.886579864025407e-15,5.506878341892839e-15
15,75.0,15.0,6,TSDT,1.0,5,14.794524777240664,5.465683493060108e-14,2.886579864025407e-15,5.506878341892839e-15
15,75.0,15.0,6,TSDT,1.0,6,14.89572554106828,8.271976088133964e-14,2.886579864025407e-15,5.506878341892839e-15
15,75.0,15.0,6,TSDT,1.0,7,17.3776982398848,5.896076042535149e-14,2.886579864025407e-15,5.506878341892839e-15
15,75.0,15.0,6,TSDT,1.0,8,19.58381200117403,1.971597864016309e-13,2.886579864025407e-15,5.506878341892839e-15
15,75.0,15.0,7,TSDT,0.0,1,2.8720574865423223,1.8716456456453488e-13,2.886579864025407e-15,6.121909225754779e-15
15,75.0,15.0,7,TSDT,0.0,2,3.5064005701773167,1.2485465428458083e-13,2.886579864025407e-15,6.121909225754779e-15
15,75.0,15.0,7,TSDT,0.0,3,4.646684706546208,8.397885615904902e-14,2.886579864025407e-15,6.121909225754779e-15
15,75.0,15.0,7,TSDT,0.0,4,7.879653536858038,1.559185303051667e-13,2.886579864025407e-15,6.121909225754779e-15
15,75.0,15.0,7,TSDT,0.0,5,15.429538948450631,8.179056720025718e-14,2.886579864025407e-15,6.121909225754779e-15
15,75.0,15.0,7,TSDT,0.0,6,15.478239033382554,8.226154776157504e-14,2.886579864025407e-15,6.121909225754779e-15
15,75.0,15.0,7,TSDT,0.0,7,17.64845911191973,1.2353416173958682e-13,2.886579864025407e-15,6.121909225754779e-15
15,75.0,15.0,7,TSDT,0.0,8,19.56209133272832,1.373799356210474e-13,2.886579864025407e-15,6.121909225754779e-15
15,75.0,15.0,7,TSDT,1.0,1,2.9005421463453485,2.3440517902907953e-13,1.5543122344752192e-15,6.6163894712315084e-15
15,75.0,15.0,7,TSDT,1.0,2,3.5395511230813197,1.2188101924853602e-13,1.5543122344752192e-15,6.6163894712315084e-15
15,75.0,15.0,7,TSDT,1.0,3,4.69400657332264,8.552606700767184e-14,1.5543122344752192e-15,6.6163894712315084e-15
15,75.0,15.0,7,TSDT,1.0,4,7.971924697610436,1.255264010227642e-13,1.5543122344752192e-15,6.6163894712315084e-15
15,75.0,15.0,7,TSDT,1.0,5,15.66360485189297,7.279072720358804e-14,1.5543122344752192e-15,6.6163894712315084e-15
15,75.0,15.0,7,TSDT,1.0,6,15.710558015226997,8.802378949369589e-14,1.5543122344752192e-15,6.6163894712315084e-15
15,75.0,15.0,7,TSDT,1.0,7,17.92773612889146,2.0842488745277647e-13,1.5543122344752192e-15,6.6163894712315084e-15
15,75.0,15.0,7,TSDT,1.0,8,19.877185435918555,2.2406401705817049e-13,1.5543122344752192e-15,6.6163894712315084e-15
15,75.0,15.0,8,TSDT,0.0,1,3.4127306721496176,1.0981307231602288e-13,4.218847493575595e-15,7.21116479807556e-15
15,75.0,15.0,8,TSDT,0.0,2,3.797419323640953,1.253091109649088e-13,4.218847493575595e-15,7.21116479807556e-15
15,75.0,15.0,8,TSDT,0.0,3,3.797420145037119,5.627006400327592e-13,4.218847493575595e-15,7.21116479807556e-15
15,75.0,15.0,8,TSDT,0.0,4,7.513069363312354,1.7608593768438356e-13,4.218847493575595e-15,7.21116479807556e-15
15,75.0,15.0,8,TSDT,0.0,5,15.761168970480014,6.444672829692534e-14,4.218847493575595e-15,7.21116479807556e-15
15,75.0,15.0,8,TSDT,0.0,6,15.761311963941033,9.804493634112235e-14,4.218847493575595e-15,7.21116479807556e-15
15,75.0,15.0,8,TSDT,0.0,7,18.070409231847062,1.5282925156497287e-13,4.218847493575595e-15,7.21116479807556e-15
15,75.0,15.0,8,TSDT,0.0,8,19.72955496642636,1.190418745683572e-13,4.218847493575595e-15,7.21116479807556e-15
15,75.0,15.0,8,TSDT,1.0,1,3.4483141374959785,1.0652806975550687e-13,4.884981308350689e-15,5.301626897890961e-15
15,75.0,15.0,8,TSDT,1.0,2,3.833555157497697,1.5366364690270627e-13,4.884981308350689e-15,5.301626897890961e-15
15,75.0,15.0,8,TSDT,1.0,3,3.8335613984417467,7.059849722457491e-13,4.884981308350689e-15,5.301626897890961e-15
15,75.0,15.0,8,TSDT,1.0,4,7.60028517624017,2.6089195635761247e-13,4.884981308350689e-15,5.301626897890961e-15
15,75.0,15.0,8,TSDT,1.0,5,16.003077069215532,6.139574659977031e-14,4.884981308350689e-15,5.301626897890961e-15
15,75.0,15.0,8,TSDT,1.0,6,16.00327523871662,1.4167922772209982e-13,4.884981308350689e-15,5.301626897890961e-15
15,75.0,15.0,8,TSDT,1.0,7,18.35789251371494,1.2401395811120273e-13,4.884981308350689e-15,5.301626897890961e-15
15,75.0,15.0,8,TSDT,1.0,8,20.0566100589334,3.16302455137733e-13,4.884981308350689e-15,5.301626897890961e-15
15,75.0,15.0,9,TSDT,0.0,1,2.295747394089847,1.4654875162118732e-13,2.886579864025407e-15,6.280827783149678e-15
15,75.0,15.0,9,TSDT,0.0,2,4.21645308887507,9.949683370065475e-14,2.886579864025407e-15,6.280827783149678e-15
15,75.0,15.0,9,TSDT,0.0,3,4.538159838572658,1.1048764319057182e-13,2.886579864025407e-15,6.280827783149678e-15
15,75.0,15.0,9,TSDT,0.0,4,8.224417095216864,1.539552988041384e-13,2.886579864025407e-15,6.280827783149678e-15
15,75.0,15.0,9,TSDT,0.0,5,14.948722465525712,1.152612112099944e-13,2.886579864025407e-15,6.280827783149678e-15
15,75.0,15.0,9,TSDT,0.0,6,15.51766493709139,9.392503503178616e-14,2.886579864025407e-15,6.280827783149678e-15
15,75.0,15.0,9,TSDT,0.0,7,17.21880067614148,8.134878122933882e-14,2.886579864025407e-15,6.280827783149678e-15
15,75.0,15.0,9,TSDT,0.0,8,19.121669628553057,2.13612047346746e-13,2.886579864025407e-15,6.280827783149678e-15
15,75.0,15.0,9,TSDT,1.0,1,2.3175776170524633,1.5153942412834985e-13,2.220446049250313e-15,6.101854738228251e-15
15,75.0,15.0,9,TSDT,1.0,2,4.257450172242298,9.971989529556387e-14,2.220446049250313e-15,6.101854738228251e-15
15,75.0,15.0,9,TSDT,1.0,3,4.585378101991786,9.637022481030456e-14,2.220446049250313e-15,6.101854738228251e-15
15,75.0,15.0,9,TSDT,1.0,4,8.321534548319,1.2690103013936203e-13,2.220446049250313e-15,6.101854738228251e-15
15,75.0,15.0,9,TSDT,1.0,5,15.169595859739653,7.633851999646181e-14,2.220446049250313e-15,6.101854738228251e-15
15,75.0,15.0,9,TSDT,1.0,6,15.752289817848725,4.747389282774969e-14,2.220446049250313e-15,6.101854738228251e-15
15,75.0,15.0,9,TSDT,1.0,7,17.485260557117403,7.99643750344445e-14,2.220446049250313e-15,6.101854738228251e-15
15,75.0,15.0,9,TSDT,1.0,8,19.42275491122425,1.407650867094151e-13,2.220446049250313e-15,6.101854738228251e-15
15,75.0,15.0,10,TSDT,0.0,1,1.0797871918156636,3.3422189287343775e-13,1.9984014443252818e-15,6.136334310746492e-15
15,75.0,15.0,10,TSDT,0.0,2,5.2120979337435545,7.659246414581163e-14,1.9984014443252818e-15,6.136334310746492e-15
15,75.0,15.0,10,TSDT,0.0,3,5.248772377818764,1.545147334823921e-13,1.9984014443252818e-15,6.136334310746492e-15
15,75.0,15.0,10,TSDT,0.0,4,9.524665245146833,1.1525081619563545e-13,1.9984014443252818e-15,6.136334310746492e-15
15,75.0,15.0,10,TSDT,0.0,5,13.668701418651615,8.703264310790453e-14,1.9984014443252818e-15,6.136334310746492e-15
15,75.0,15.0,10,TSDT,0.0,6,14.981643261517442,8.303761049924883e-14,1.9984014443252818e-15,6.136334310746492e-15
15,75.0,15.0,10,TSDT,0.0,7,15.76163103681729,1.197357397014777e-13,1.9984014443252818e-15,6.136334310746492e-15
15,75.0,15.0,10,TSDT,0.0,8,18.523996357006972,6.83453527717533e-14,1.9984014443252818e-15,6.136334310746492e-15
15,75.0,15.0,10,TSDT,1.0,1,1.0895609252688823,3.3512002673596994e-13,1.9984014443252818e-15,7.156455652397861e-15
15,75.0,15.0,10,TSDT,1.0,2,5.265003524372472,8.065550591469164e-14,1.9984014443252818e-15,7.156455652397861e-15
15,75.0,15.0,10,TSDT,1.0,3,5.305322478475992,1.7697366794555845e-13,1.9984014443252818e-15,7.156455652397861e-15
15,75.0,15.0,10,TSDT,1.0,4,9.6413597567639,2.1849770243798446e-13,1.9984014443252818e-15,7.156455652397861e-15
15,75.0,15.0,10,TSDT,1.0,5,13.862359616904874,1.380263005674767e-13,1.9984014443252818e-15,7.156455652397861e-15
15,75.0,15.0,10,TSDT,1.0,6,15.199052038447586,6.812019026729183e-14,1.9984014443252818e-15,7.156455652397861e-15
15,75.0,15.0,10,TSDT,1.0,7,15.992154314027974,1.283352372221125e-13,1.9984014443252818e-15,7.156455652397861e-15
15,75.0,15.0,10,TSDT,1.0,8,18.815348139951958,1.1881647910890678e-13,1.9984014443252818e-15,7.156455652397861e-15
15,75.0,15.0,11,TSDT,0.0,1,0.27359241607076773,1.5826649754471552e-12,2.886579864025407e-15,6.11284305116451e-15
15,75.0,15.0,11,TSDT,0.0,2,6.127052472031113,1.537464173700614e-13,2.886579864025407e-15,6.11284305116451e-15
15,75.0,15.0,11,TSDT,0.0,3,6.274198813456838,7.761129254316097e-14,2.886579864025407e-15,6.11284305116451e-15
15,75.0,15.0,11,TSDT,0.0,4,9.585181403739329,2.601095860556443e-13,2.886579864025407e-15,6.11284305116451e-15
15,75.0,15.0,11,TSDT,0.0,5,13.851542541958896,1.664711548341156e-13,2.886579864025407e-15,6.11284305116451e-15
15,75.0,15.0,11,TSDT,0.0,6,14.08870160533074,9.903625845657904e-14,2.886579864025407e-15,6.11284305116451e-15
15,75.0,15.0,11,TSDT,0.0,7,14.887423201673629,8.701010728493864e-14,2.886579864025407e-15,6.11284305116451e-15
15,75.0,15.0,11,TSDT,0.0,8,17.88789785752856,1.6657752743770812e-13,2.886579864025407e-15,6.11284305116451e-15
15,75.0,15.0,11,TSDT,1.0,1,0.2760029434968691,1.5313900695902364e-12,2.220446049250313e-15,5.832588135123285e-15
15,75.0,15.0,11,TSDT,1.0,2,6.193921627836295,2.1074050669179084e-13,2.220446049250313e-15,5.832588135123285e-15
15,75.0,15.0,11,TSDT,1.0,3,6.34067593207654,9.30091645111157e-14,2.220446049250313e-15,5.832588135123285e-15
15,75.0,15.0,11,TSDT,1.0,4,9.704529730622511,9.02409537496809e-14,2.220446049250313e-15,5.832588135123285e-15
15,75.0,15.0,11,TSDT,1.0,5,14.050633487319326,1.6207705185953753e-13,2.220446049250313e-15,5.832588135123285e-15
15,75.0,15.0,11,TSDT,1.0,6,14.272971960611429,1.1750408567952475e-13,2.220446049250313e-15,5.832588135123285e-15
15,75.0,15.0,11,TSDT,1.0,7,15.109303015618307,1.1360968366496647e-13,2.220446049250313e-15,5.832588135123285e-15
15,75.0,15.0,11,TSDT,1.0,8,18.173552842106425,1.0566701432666596e-13,2.220446049250313e-15,5.832588135123285e-15
15,75.0,24.0,0,FSDT,0.0,1,0.0,0.99352830747722,2.220446049250313e-15,6.234650466040336e-15
15,75.0,24.0,0,FSDT,0.0,2,8.042506785916567,5.379898408011695e-14,2.220446049250313e-15,6.234650466040336e-15
15,75.0,24.0,0,FSDT,0.0,3,8.042506785916597,1.2533510747832338e-13,2.220446049250313e-15,6.234650466040336e-15
15,75.0,24.0,0,FSDT,0.0,4,10.478861574532104,5.161662223646447e-14,2.220446049250313e-15,6.234650466040336e-15
15,75.0,24.0,0,FSDT,0.0,5,15.400432940114705,4.8502563987073436e-14,2.220446049250313e-15,6.234650466040336e-15
15,75.0,24.0,0,FSDT,0.0,6,16.342565316852646,7.34723101940378e-14,2.220446049250313e-15,6.234650466040336e-15
15,75.0,24.0,0,FSDT,0.0,7,16.34256531685266,5.433102645249549e-14,2.220446049250313e-15,6.234650466040336e-15
15,75.0,24.0,0,FSDT,0.0,8,18.983771356323466,5.415840676283937e-14,2.220446049250313e-15,6.234650466040336e-15
15,75.0,24.0,0,FSDT,1.0,1,0.0,0.9931955345713116,3.552713678800501e-15,5.815286991568196e-15
15,75.0,24.0,0,FSDT,1.0,2,8.073393977293836,4.672174685266656e-14,3.552713678800501e-15,5.815286991568196e-15
15,75.0,24.0,0,FSDT,1.0,3,8.073393977293849,2.0998030764543933e-13,3.552713678800501e-15,5.815286991568196e-15
15,75.0,24.0,0,FSDT,1.0,4,10.52862715146123,4.568131993281717e-14,3.552713678800501e-15,5.815286991568196e-15
15,75.0,24.0,0,FSDT,1.0,5,15.498091081100359,4.766158195562807e-14,3.552713678800501e-15,5.815286991568196e-15
15,75.0,24.0,0,FSDT,1.0,6,16.443777602872196,6.951029116747564e-14,3.552713678800501e-15,5.815286991568196e-15
15,75.0,24.0,0,FSDT,1.0,7,16.443777602872203,4.449634383220156e-14,3.552713678800501e-15,5.815286991568196e-15
15,75.0,24.0,0,FSDT,1.0,8,19.117830996199743,4.78066822762264e-14,3.552713678800501e-15,5.815286991568196e-15
15,75.0,24.0,1,FSDT,0.0,1,0.20146004588160055,2.471797279266919e-12,3.552713678800501e-15,4.7074681740715615e-15
15,75.0,24.0,1,FSDT,0.0,2,7.334408488847912,4.8580265420762506e-14,3.552713678800501e-15,4.7074681740715615e-15
15,75.0,24.0,1,FSDT,0.0,3,8.117873956338965,3.325185805848693e-14,3.552713678800501e-15,4.7074681740715615e-15
15,75.0,24.0,1,FSDT,0.0,4,10.86719713135882,5.4375090623053694e-14,3.552713678800501e-15,4.7074681740715615e-15
15,75.0,24.0,1,FSDT,0.0,5,15.474175542496017,5.6658258062312053e-14,3.552713678800501e-15,4.7074681740715615e-15
15,75.0,24.0,1,FSDT,0.0,6,16.187916121529227,5.1579718316160797e-14,3.552713678800501e-15,4.7074681740715615e-15
15,75.0,24.0,1,FSDT,0.0,7,16.284614700213975,5.248572786851821e-14,3.552713678800501e-15,4.7074681740715615e-15
15,75.0,24.0,1,FSDT,0.0,8,19.358069296261075,3.40619243673724e-14,3.552713678800501e-15,4.7074681740715615e-15
15,75.0,24.0,1,FSDT,1.0,1,0.20218975164112998,2.1153644183395584e-12,2.3314683517128287e-15,4.8656963331934675e-15
15,75.0,24.0,1,FSDT,1.0,2,7.362987470828603,4.7233577621952356e-14,2.3314683517128287e-15,4.8656963331934675e-15
15,75.0,24.0,1,FSDT,1.0,3,8.149166541606958,2.8147732831645786e-14,2.3314683517128287e-15,4.8656963331934675e-15
15,75.0,24.0,1,FSDT,1.0,4,10.918482294833069,4.472016701876216e-14,2.3314683517128287e-15,4.8656963331934675e-15
15,75.0,24.0,1,FSDT,1.0,5,15.571649742450678,4.01939703958455e-14,2.3314683517128287e-15,4.8656963331934675e-15
15,75.0,24.0,1,FSDT,1.0,6,16.287467809645445,4.222283538406416e-14,2.3314683517128287e-15,4.8656963331934675e-15
15,75.0,24.0,1,FSDT,1.0,7,16.38750903602091,4.017706712103042e-14,2.3314683517128287e-15,4.8656963331934675e-15
15,75.0,24.0,1,FSDT,1.0,8,19.49442251977215,3.986442136928033e-14,2.3314683517128287e-15,4.8656963331934675e-15
15,75.0,24.0,2,FSDT,0.0,1,0.7916772278643649,3.170312225446556e-13,2.886579864025407e-15,4.543179393572945e-15
15,75.0,24.0,2,FSDT,0.0,2,5.935014534653854,5.898718983717206e-14,2.886579864025407e-15,4.543179393572945e-15
15,75.0,24.0,2,FSDT,0.0,3,8.305826643854394,2.915342894255699e-14,2.886579864025407e-15,4.543179393572945e-15
15,75.0,24.0,2,FSDT,0.0,4,11.414157912288953,4.44348591712676e-14,2.886579864025407e-15,4.543179393572945e-15
15,75.0,24.0,2,FSDT,0.0,5,15.14297748922461,5.2440974744414484e-14,2.886579864025407e-15,4.543179393572945e-15
15,75.0,24.0,2,FSDT,0.0,6,15.827300093816655,4.2495238379826934e-14,2.886579864025407e-15,4.543179393572945e-15
15,75.0,24.0,2,FSDT,0.0,7,16.842830660232444,4.235784402551292e-14,2.886579864025407e-15,4.543179393572945e-15
15,75.0,24.0,2,FSDT,0.0,8,20.146033198116346,3.9999567806987707e-14,2.886579864025407e-15,4.543179393572945e-15
15,75.0,24.0,2,FSDT,1.0,1,0.7945617625076044,3.322051435093675e-13,3.885780586188048e-15,4.563160656191542e-15
15,75.0,24.0,2,FSDT,1.0,2,5.958087560618769,5.5293481749571e-14,3.885780586188048e-15,4.563160656191542e-15
15,75.0,24.0,2,FSDT,1.0,3,8.338121256241447,3.0208365874465543e-14,3.885780586188048e-15,4.563160656191542e-15
15,75.0,24.0,2,FSDT,1.0,4,11.468638782385808,4.157678701909859e-14,3.885780586188048e-15,4.563160656191542e-15
15,75.0,24.0,2,FSDT,1.0,5,15.238182164319772,3.667449733391665e-14,3.885780586188048e-15,4.563160656191542e-15
15,75.0,24.0,2,FSDT,1.0,6,15.923147614515736,5.501714918661568e-14,3.885780586188048e-15,4.563160656191542e-15
15,75.0,24.0,2,FSDT,1.0,7,16.952283186178043,8.429748545199787e-14,3.885780586188048e-15,4.563160656191542e-15
15,75.0,24.0,2,FSDT,1.0,8,20.288332763399506,3.215050530083981e-14,3.885780586188048e-15,4.563160656191542e-15
15,75.0,24.0,3,FSDT,0.0,1,1.7312408186509287,1.2998799357745076e-13,1.3322676295501878e-15,4.459713635781515e-15
15,75.0,24.0,3,FSDT,0.0,2,4.410330517828788,7.306291158157423e-14,1.3322676295501878e-15,4.459713635781515e-15
15,75.0,24.0,3,FSDT,0.0,3,8.503682488523022,2.9542657992407177e-14,1.3322676295501878e-15,4.459713635781515e-15
15,75.0,24.0,3,FSDT,0.0,4,11.782396325131314,3.886368624124794e-14,1.3322676295501878e-15,4.459713635781515e-15
15,75.0,24.0,3,FSDT,0.0,5,14.698883448544418,3.9450915450047454e-14,1.3322676295501878e-15,4.459713635781515e-15
15,75.0,24.0,3,FSDT,0.0,6,15.477933667781935,9.801410296192954e-14,1.3322676295501878e-15,4.459713635781515e-15
15,75.0,24.0,3,FSDT,0.0,7,17.699337261783437,3.3463113456276704e-14,1.3322676295501878e-15,4.459713635781515e-15
15,75.0,24.0,3,FSDT,0.0,8,20.96706607207892,3.5623972577904714e-14,1.3322676295501878e-15,4.459713635781515e-15
15,75.0,24.0,3,FSDT,1.0,1,1.7376181421348758,1.274950837909738e-13,2.7755575615628914e-15,4.809611990572775e-15
15,75.0,24.0,3,FSDT,1.0,2,4.427221480541438,6.753726914076218e-14,2.7755575615628914e-15,4.809611990572775e-15
15,75.0,24.0,3,FSDT,1.0,3,8.537016218901845,3.064690128123214e-14,2.7755575615628914e-15,4.809611990572775e-15
15,75.0,24.0,3,FSDT,1.0,4,11.839300101101182,3.540484024813995e-14,2.7755575615628914e-15,4.809611990572775e-15
15,75.0,24.0,3,FSDT,1.0,5,14.792040619809526,6.81688377526091e-14,2.7755575615628914e-15,4.809611990572775e-15
15,75.0,24.0,3,FSDT,1.0,6,15.570379840907831,1.3260817932628335e-13,2.7755575615628914e-15,4.809611990572775e-15
15,75.0,24.0,3,FSDT,1.0,7,17.817510665509538,3.3346527309615875e-14,2.7755575615628914e-15,4.809611990572775e-15
15,75.0,24.0,3,FSDT,1.0,8,21.11528198321564,3.7983655378618743e-14,2.7755575615628914e-15,4.809611990572775e-15
15,75.0,24.0,4,FSDT,0.0,1,2.8763948023469017,1.238314303335435e-13,3.9968028886505635e-15,5.814809508780266e-15
15,75.0,24.0,4,FSDT,0.0,2,3.057111182565233,8.264396991544651e-14,3.9968028886505635e-15,5.814809508780266e-15
15,75.0,24.0,4,FSDT,0.0,3,8.589040964367626,2.860097082844048e-14,3.9968028886505635e-15,5.814809508780266e-15
15,75.0,24.0,4,FSDT,0.0,4,11.917975123966169,5.0771573275510847e-14,3.9968028886505635e-15,5.814809508780266e-15
15,75.0,24.0,4,FSDT,0.0,5,14.513229362020908,6.916747797851499e-14,3.9968028886505635e-15,5.814809508780266e-15
15,75.0,24.0,4,FSDT,0.0,6,15.334882869623629,9.12692291576535e-14,3.9968028886505635e-15,5.814809508780266e-15
15,75.0,24.0,4,FSDT,0.0,7,18.117199678523416,3.398075285143814e-14,3.9968028886505635e-15,5.814809508780266e-15
15,75.0,24.0,4,FSDT,0.0,8,21.490639628897895,4.1089896676694564e-14,3.9968028886505635e-15,5.814809508780266e-15
15,75.0,24.0,4,FSDT,1.0,1,2.8867512491827814,1.1027318139378643e-13,3.552713678800501e-15,5.332340096287904e-15
15,75.0,24.0,4,FSDT,1.0,2,3.0690501143909534,8.648382881541726e-14,3.552713678800501e-15,5.332340096287904e-15
15,75.0,24.0,4,FSDT,1.0,3,8.62281687154797,2.8730567528799415e-14,3.552713678800501e-15,5.332340096287904e-15
15,75.0,24.0,4,FSDT,1.0,4,11.975698303965315,4.8053272470538717e-14,3.552713678800501e-15,5.332340096287904e-15
15,75.0,24.0,4,FSDT,1.0,5,14.605630725129572,4.145467901378585e-14,3.552713678800501e-15,5.332340096287904e-15
15,75.0,24.0,4,FSDT,1.0,6,15.425935771323848,4.5483953934205057e-14,3.552713678800501e-15,5.332340096287904e-15
15,75.0,24.0,4,FSDT,1.0,7,18.239961095651807,3.7701512220727224e-14,3.552713678800501e-15,5.332340096287904e-15
15,75.0,24.0,4,FSDT,1.0,8,21.641007258354914,4.313341432423513e-14,3.552713678800501e-15,5.332340096287904e-15
15,75.0,24.0,5,FSDT,0.0,1,2.949967230403769,1.1476400303692334e-13,1.3322676295501878e-15,5.0477211138641804e-15
15,75.0,24.0,5,FSDT,0.0,2,3.343147843539587,7.898052081769846e-14,1.3322676295501878e-15,5.0477211138641804e-15
15,75.0,24.0,5,FSDT,0.0,3,8.130875887309497,3.117757338745854e-14,1.3322676295501878e-15,5.0477211138641804e-15
15,75.0,24.0,5,FSDT,0.0,4,11.43974069303337,6.007487175702415e-14,1.3322676295501878e-15,5.0477211138641804e-15
15,75.0,24.0,5,FSDT,0.0,5,14.89671571960723,3.834613249676027e-14,1.3322676295501878e-15,5.0477211138641804e-15
15,75.0,24.0,5,FSDT,0.0,6,15.6933900142195,8.551993565216442e-14,1.3322676295501878e-15,5.0477211138641804e-15
15,75.0,24.0,5,FSDT,0.0,7,18.288064516876872,3.8696712068941067e-14,1.3322676295501878e-15,5.0477211138641804e-15
15,75.0,24.0,5,FSDT,0.0,8,21.524264959152312,7.603799096449945e-14,1.3322676295501878e-15,5.0477211138641804e-15
15,75.0,24.0,5,FSDT,1.0,1,2.960445541636727,1.1353085796976999e-13,4.218847493575595e-15,4.8190365749300155e-15
15,75.0,24.0,5,FSDT,1.0,2,3.356302700049064,7.020959546279021e-14,4.218847493575595e-15,4.8190365749300155e-15
15,75.0,24.0,5,FSDT,1.0,3,8.163034853703444,2.8436246428194075e-14,4.218847493575595e-15,4.8190365749300155e-15
15,75.0,24.0,5,FSDT,1.0,4,11.495652454717572,4.8978595788703875e-14,4.218847493575595e-15,4.8190365749300155e-15
15,75.0,24.0,5,FSDT,1.0,5,14.991277847881324,3.8181019056194596e-14,4.218847493575595e-15,4.8190365749300155e-15
15,75.0,24.0,5,FSDT,1.0,6,15.787062541896805,6.577381495035487e-14,4.218847493575595e-15,4.8190365749300155e-15
15,75.0,24.0,5,FSDT,1.0,7,18.411787033800618,3.6131611985194646e-14,4.218847493575595e-15,4.8190365749300155e-15
15,75.0,24.0,5,FSDT,1.0,8,21.675386186578297,3.4397504170454974e-14,4.218847493575595e-15,4.8190365749300155e-15
15,75.0,24.0,6,FSDT,0.0,1,3.207626864130468,1.0209870947574131e-13,1.9984014443252818e-15,4.759621751484173e-15
15,75.0,24.0,6,FSDT,0.0,2,4.039625365035406,5.79155169886082e-14,1.9984014443252818e-15,4.759621751484173e-15
15,75.0,24.0,6,FSDT,0.0,3,7.081274794857564,3.4599516392077405e-14,1.9984014443252818e-15,4.759621751484173e-15
15,75.0,24.0,6,FSDT,0.0,4,10.457488377679946,7.304756347005453e-14,1.9984014443252818e-15,4.759621751484173e-15
15,75.0,24.0,6,FSDT,0.0,5,15.700914775749904,4.183617836085969e-14,1.9984014443252818e-15,4.759621751484173e-15
15,75.0,24.0,6,FSDT,0.0,6,16.260603214118717,3.8394134488283375e-14,1.9984014443252818e-15,4.759621751484173e-15
15,75.0,24.0,6,FSDT,0.0,7,18.865870553681237,3.6642728611500396e-14,1.9984014443252818e-15,4.759621751484173e-15
15,75.0,24.0,6,FSDT,0.0,8,21.617074770044187,3.725041817942056e-14,1.9984014443252818e-15,4.759621751484173e-15
15,75.0,24.0,6,FSDT,1.0,1,3.2187377311007905,9.181625074756998e-14,3.4416913763379853e-15,5.698637149866446e-15
15,75.0,24.0,6,FSDT,1.0,2,4.055609577852742,5.726171490369396e-14,3.4416913763379853e-15,5.698637149866446e-15
15,75.0,24.0,6,FSDT,1.0,3,7.109149568743005,3.74459162081728e-14,3.4416913763379853e-15,5.698637149866446e-15
15,75.0,24.0,6,FSDT,1.0,4,10.509163619876341,6.822740081884482e-14,3.4416913763379853e-15,5.698637149866446e-15
15,75.0,24.0,6,FSDT,1.0,5,15.800826844887865,6.47174343743861e-14,3.4416913763379853e-15,5.698637149866446e-15
15,75.0,24.0,6,FSDT,1.0,6,16.360545447619568,5.645503472478835e-14,3.4416913763379853e-15,5.698637149866446e-15
15,75.0,24.0,6,FSDT,1.0,7,18.992565261416235,7.090886383251949e-14,3.4416913763379853e-15,5.698637149866446e-15
15,75.0,24.0,6,FSDT,1.0,8,21.770392624899888,5.1574315822782606e-14,3.4416913763379853e-15,5.698637149866446e-15
15,75.0,24.0,7,FSDT,0.0,1,3.702872637687595,7.1431785673406e-14,1.9984014443252818e-15,4.892079767800198e-15
15,75.0,24.0,7,FSDT,0.0,2,4.810888568592705,5.1978316767274695e-14,1.9984014443252818e-15,4.892079767800198e-15
15,75.0,24.0,7,FSDT,0.0,3,5.915693140740049,4.284357258321358e-14,1.9984014443252818e-15,4.892079767800198e-15
15,75.0,24.0,7,FSDT,0.0,4,9.507116755482746,6.817091072389721e-14,1.9984014443252818e-15,4.892079767800198e-15
15,75.0,24.0,7,FSDT,0.0,5,16.406884726356047,4.4283451298116025e-14,1.9984014443252818e-15,4.892079767800198e-15
15,75.0,24.0,7,FSDT,0.0,6,16.587751335691657,4.5391365115326135e-14,1.9984014443252818e-15,4.892079767800198e-15
15,75.0,24.0,7,FSDT,0.0,7,19.79385181154311,9.280189049610625e-14,1.9984014443252818e-15,4.892079767800198e-15
15,75.0,24.0,7,FSDT,0.0,8,21.73352580434232,4.876382914042986e-14,1.9984014443252818e-15,4.892079767800198e-15
15,75.0,24.0,7,FSDT,1.0,1,3.715581681034928,7.109237517205704e-14,2.220446049250313e-15,5.445641960763871e-15
15,75.0,24.0,7,FSDT,1.0,2,4.829685127680566,4.765948610254564e-14,2.220446049250313e-15,5.445641960763871e-15
15,75.0,24.0,7,FSDT,1.0,3,5.938522473699522,4.104979885438119e-14,2.220446049250313e-15,5.445641960763871e-15
15,75.0,24.0,7,FSDT,1.0,4,9.55482294505257,8.161793505513188e-14,2.220446049250313e-15,5.445641960763871e-15
15,75.0,24.0,7,FSDT,1.0,5,16.51201909767923,3.252865907182627e-14,2.220446049250313e-15,5.445641960763871e-15
15,75.0,24.0,7,FSDT,1.0,6,16.69302127970118,3.719645754434539e-14,2.220446049250313e-15,5.445641960763871e-15
15,75.0,24.0,7,FSDT,1.0,7,19.92604572445251,3.692933678370779e-14,2.220446049250313e-15,5.445641960763871e-15
15,75.0,24.0,7,FSDT,1.0,8,21.88975023756988,3.1827813518131123e-14,2.220446049250313e-15,5.445641960763871e-15
15,75.0,24.0,8,FSDT,0.0,1,4.17822522394159,6.047064064169151e-14,2.220446049250313e-15,4.416439186342113e-15
15,75.0,24.0,8,FSDT,0.0,2,5.187552098063582,1.2212112466068554e-13,2.220446049250313e-15,4.416439186342113e-15
15,75.0,24.0,8,FSDT,0.0,3,5.187555606141106,4.81477503745007e-14,2.220446049250313e-15,4.416439186342113e-15
15,75.0,24.0,8,FSDT,0.0,4,9.072192161357677,7.707425353400294e-14,2.220446049250313e-15,4.416439186342113e-15
15,75.0,24.0,8,FSDT,0.0,5,16.681750953878847,3.6778573471362415e-14,2.220446049250313e-15,4.416439186342113e-15
15,75.0,24.0,8,FSDT,0.0,6,16.681759365664693,3.4410114357395674e-14,2.220446049250313e-15,4.416439186342113e-15
15,75.0,24.0,8,FSDT,0.0,7,20.4356353950624,3.892514922202425e-14,2.220446049250313e-15,4.416439186342113e-15
15,75.0,24.0,8,FSDT,0.0,8,21.79204957202428,4.83134193602908e-14,2.220446049250313e-15,4.416439186342113e-15
15,75.0,24.0,8,FSDT,1.0,1,4.192467017516217,5.3746499299106745e-14,2.6645352591003757e-15,5.412864511417742e-15
15,75.0,24.0,8,FSDT,1.0,2,5.207502455534648,1.814786675127467e-13,2.6645352591003757e-15,5.412864511417742e-15
15,75.0,24.0,8,FSDT,1.0,3,5.20751333172666,5.240381545934371e-14,2.6645352591003757e-15,5.412864511417742e-15
15,75.0,24.0,8,FSDT,1.0,4,9.118309150803501,9.341260282254166e-14,2.6645352591003757e-15,5.412864511417742e-15
15,75.0,24.0,8,FSDT,1.0,5,16.788738189619977,4.120180506976937e-14,2.6645352591003757e-15,5.412864511417742e-15
15,75.0,24.0,8,FSDT,1.0,6,16.788968710609424,3.6520136414172416e-14,2.6645352591003757e-15,5.412864511417742e-15
15,75.0,24.0,8,FSDT,1.0,7,20.5708918935527,3.615749188704407e-14,2.6645352591003757e-15,5.412864511417742e-15
15,75.0,24.0,8,FSDT,1.0,8,21.949497590057447,8.796665582973615e-14,2.6645352591003757e-15,5.412864511417742e-15
15,75.0,24.0,9,FSDT,0.0,1,3.107281813857561,8.710075070253899e-14,2.220446049250313e-15,4.669259376186636e-15
15,75.0,24.0,9,FSDT,0.0,2,5.586379910503456,5.166066833500852e-14,2.220446049250313e-15,4.669259376186636e-15
15,75.0,24.0,9,FSDT,0.0,3,5.649904645418892,7.573328336144522e-14,2.220446049250313e-15,4.669259376186636e-15
15,75.0,24.0,9,FSDT,0.0,4,9.888327437747895,8.979410714720195e-14,2.220446049250313e-15,4.669259376186636e-15
15,75.0,24.0,9,FSDT,0.0,5,16.17123661373723,3.86442826080827e-14,2.220446049250313e-15,4.669259376186636e-15
15,75.0,24.0,9,FSDT,0.0,6,16.51294531865911,3.538245630030219e-14,2.220446049250313e-15,4.669259376186636e-15
15,75.0,24.0,9,FSDT,0.0,7,19.394263410694354,6.928058793444762e-14,2.220446049250313e-15,4.669259376186636e-15
15,75.0,24.0,9,FSDT,0.0,8,21.1546600406366,3.865690522912125e-14,2.220446049250313e-15,4.669259376186636e-15
15,75.0,24.0,9,FSDT,1.0,1,3.1181441705436774,7.343500166845339e-14,2.4424906541753444e-15,6.016200561448819e-15
15,75.0,24.0,9,FSDT,1.0,2,5.607980419257201,4.4102927261934e-14,2.4424906541753444e-15,6.016200561448819e-15
15,75.0,24.0,9,FSDT,1.0,3,5.671953435153477,9.409868587534125e-14,2.4424906541753444e-15,6.016200561448819e-15
15,75.0,24.0,9,FSDT,1.0,4,9.937440935597278,5.963582237968298e-14,2.4424906541753444e-15,6.016200561448819e-15
15,75.0,24.0,9,FSDT,1.0,5,16.273349963010432,7.498824145341948e-14,2.4424906541753444e-15,6.016200561448819e-15
15,75.0,24.0,9,FSDT,1.0,6,16.618361717929176,3.610780114380889e-14,2.4424906541753444e-15,6.016200561448819e-15
15,75.0,24.0,9,FSDT,1.0,7,19.52291977231992,6.429266623421646e-14,2.4424906541753444e-15,6.016200561448819e-15
15,75.0,24.0,9,FSDT,1.0,8,21.304489186830946,3.787454212069649e-14,2.4424906541753444e-15,6.016200561448819e-15
15,75.0,24.0,10,FSDT,0.0,1,1.5527923711003626,1.4390064440663907e-13,2.6645352591003757e-15,5.54207102992434e-15
15,75.0,24.0,10,FSDT,0.0,2,6.3352726086259255,5.738641075450153e-14,2.6645352591003757e-15,5.54207102992434e-15
15,75.0,24.0,10,FSDT,0.0,3,6.551142081691854,4.551751531907636e-14,2.6645352591003757e-15,5.54207102992434e-15
15,75.0,24.0,10,FSDT,0.0,4,11.201598547517873,5.5919682132251607e-14,2.6645352591003757e-15,5.54207102992434e-15
15,75.0,24.0,10,FSDT,0.0,5,15.287385594668532,4.6886911873489036e-14,2.6645352591003757e-15,5.54207102992434e-15
15,75.0,24.0,10,FSDT,0.0,6,16.11780557264082,3.529110450156128e-14,2.6645352591003757e-15,5.54207102992434e-15
15,75.0,24.0,10,FSDT,0.0,7,17.914724475071548,4.159732435148974e-14,2.6645352591003757e-15,5.54207102992434e-15
15,75.0,24.0,10,FSDT,0.0,8,20.370878767014347,3.342837733337548e-14,2.6645352591003757e-15,5.54207102992434e-15
15,75.0,24.0,10,FSDT,1.0,1,1.5583479820153625,1.3641980579006163e-13,2.886579864025407e-15,5.2325471341990505e-15
15,75.0,24.0,10,FSDT,1.0,2,6.360437041638616,4.759744712679296e-14,2.886579864025407e-15,5.2325471341990505e-15
15,75.0,24.0,10,FSDT,1.0,3,6.57662108736786,4.7216938847052765e-14,2.886579864025407e-15,5.2325471341990505e-15
15,75.0,24.0,10,FSDT,1.0,4,11.255269978352485,3.949607792599882e-14,2.886579864025407e-15,5.2325471341990505e-15
15,75.0,24.0,10,FSDT,1.0,5,15.382475504749966,4.09835863576348e-14,2.886579864025407e-15,5.2325471341990505e-15
15,75.0,24.0,10,FSDT,1.0,6,16.21943635471442,3.152511064479873e-14,2.886579864025407e-15,5.2325471341990505e-15
15,75.0,24.0,10,FSDT,1.0,7,18.030435372956358,4.3555384808501665e-14,2.886579864025407e-15,5.2325471341990505e-15
15,75.0,24.0,10,FSDT,1.0,8,20.514459866312443,3.351714974649298e-14,2.886579864025407e-15,5.2325471341990505e-15
15,75.0,24.0,11,FSDT,0.0,1,0.40982680237113694,7.791824540426613e-13,3.1086244689504383e-15,5.2077514093669305e-15
15,75.0,24.0,11,FSDT,0.0,2,7.31489334899813,6.630686627147002e-14,3.1086244689504383e-15,5.2077514093669305e-15
15,75.0,24.0,11,FSDT,0.0,3,7.576151083380896,4.1793853187669806e-14,3.1086244689504383e-15,5.2077514093669305e-15
15,75.0,24.0,11,FSDT,0.0,4,11.153352926004242,4.3992790975823445e-14,3.1086244689504383e-15,5.2077514093669305e-15
15,75.0,24.0,11,FSDT,0.0,5,15.598873019883197,5.845684499049057e-14,3.1086244689504383e-15,5.2077514093669305e-15
15,75.0,24.0,11,FSDT,0.0,6,15.668477086348055,5.0366616108257876e-14,3.1086244689504383e-15,5.2077514093669305e-15
15,75.0,24.0,11,FSDT,0.0,7,16.746575116069845,4.354594076867335e-14,3.1086244689504383e-15,5.2077514093669305e-15
15,75.0,24.0,11,FSDT,0.0,8,19.566562491222808,5.396207376400403e-14,3.1086244689504383e-15,5.2077514093669305e-15
15,75.0,24.0,11,FSDT,1.0,1,0.41132876060611073,7.539439744589853e-13,3.1086244689504383e-15,5.7869065030620155e-15
15,75.0,24.0,11,FSDT,1.0,2,7.343712104022672,6.462876602709997e-14,3.1086244689504383e-15,5.7869065030620155e-15
15,75.0,24.0,11,FSDT,1.0,3,7.605474972919185,4.2272513876509203e-14,3.1086244689504383e-15,5.7869065030620155e-15
15,75.0,24.0,11,FSDT,1.0,4,11.2056151120758,4.646049537855421e-14,3.1086244689504383e-15,5.7869065030620155e-15
15,75.0,24.0,11,FSDT,1.0,5,15.695980987360105,1.108333762973241e-13,3.1086244689504383e-15,5.7869065030620155e-15
15,75.0,24.0,11,FSDT,1.0,6,15.767222643373703,3.7871966449675644e-14,3.1086244689504383e-15,5.7869065030620155e-15
15,75.0,24.0,11,FSDT,1.0,7,16.851699284515817,8.924484178427482e-14,3.1086244689504383e-15,5.7869065030620155e-15
15,75.0,24.0,11,FSDT,1.0,8,19.70432873592203,3.233075552275518e-14,3.1086244689504383e-15,5.7869065030620155e-15
15,75.0,24.0,0,TSDT,0.0,1,0.0,0.9980988894120248,3.9968028886505635e-15,6.676569013167993e-15
15,75.0,24.0,0,TSDT,0.0,2,8.184816373888554,1.7532316263859894e-13,3.9968028886505635e-15,6.676569013167993e-15
15,75.0,24.0,0,TSDT,0.0,3,8.184816373888564,4.341771785872069e-13,3.9968028886505635e-15,6.676569013167993e-15
15,75.0,24.0,0,TSDT,0.0,4,10.865275666125788,1.214254418093026e-13,3.9968028886505635e-15,6.676569013167993e-15
15,75.0,24.0,0,TSDT,0.0,5,16.2473593734124,1.9272018751076402e-13,3.9968028886505635e-15,6.676569013167993e-15
15,75.0,24.0,0,TSDT,0.0,6,17.028041039961952,1.11505324883859e-12,3.9968028886505635e-15,6.676569013167993e-15
15,75.0,24.0,0,TSDT,0.0,7,17.028041039961963,6.512436638697712e-13,3.9968028886505635e-15,6.676569013167993e-15
15,75.0,24.0,0,TSDT,0.0,8,20.06854585925734,1.1526195673522153e-13,3.9968028886505635e-15,6.676569013167993e-15
15,75.0,24.0,0,TSDT,1.0,1,0.0,0.9979213856513349,2.7755575615628914e-15,5.411283171827001e-15
15,75.0,24.0,0,TSDT,1.0,2,8.233211224625464,4.104089111688277e-13,2.7755575615628914e-15,5.411283171827001e-15
15,75.0,24.0,0,TSDT,1.0,3,8.23321122462548,8.373285082892256e-13,2.7755575615628914e-15,5.411283171827001e-15
15,75.0,24.0,0,TSDT,1.0,4,10.947328869410795,1.2617944582900352e-13,2.7755575615628914e-15,5.411283171827001e-15
15,75.0,24.0,0,TSDT,1.0,5,16.391339001638187,1.6729616201439044e-13,2.7755575615628914e-15,5.411283171827001e-15
15,75.0,24.0,0,TSDT,1.0,6,17.184215060212622,1.9026248928233757e-13,2.7755575615628914e-15,5.411283171827001e-15
15,75.0,24.0,0,TSDT,1.0,7,17.184215060212637,1.8454614469876953e-13,2.7755575615628914e-15,5.411283171827001e-15
15,75.0,24.0,0,TSDT,1.0,8,20.27709010209546,1.1872694109584648e-13,2.7755575615628914e-15,5.411283171827001e-15
15,75.0,24.0,1,TSDT,0.0,1,0.20189639061201536,2.9273727757590863e-12,2.220446049250313e-15,6.025700907529792e-15
15,75.0,24.0,1,TSDT,0.0,2,7.476546240470284,1.0909811674303828e-13,2.220446049250313e-15,6.025700907529792e-15
15,75.0,24.0,1,TSDT,0.0,3,8.265455045055296,9.284926479967404e-14,2.220446049250313e-15,6.025700907529792e-15
15,75.0,24.0,1,TSDT,0.0,4,11.237493912527587,1.627891066991454e-13,2.220446049250313e-15,6.025700907529792e-15
15,75.0,24.0,1,TSDT,0.0,5,16.32649397921177,1.407301948011348e-13,2.220446049250313e-15,6.025700907529792e-15
15,75.0,24.0,1,TSDT,0.0,6,16.853891769257633,2.6230171812298724e-13,2.220446049250313e-15,6.025700907529792e-15
15,75.0,24.0,1,TSDT,0.0,7,17.008086307594464,3.973658237960255e-13,2.220446049250313e-15,6.025700907529792e-15
15,75.0,24.0,1,TSDT,0.0,8,20.430066778414062,1.9285362391058032e-13,2.220446049250313e-15,6.025700907529792e-15
15,75.0,24.0,1,TSDT,1.0,1,0.2026416130552826,2.785196737974416e-12,1.3322676295501878e-15,6.9520470543183575e-15
15,75.0,24.0,1,TSDT,1.0,2,7.520710466213112,1.0708689137620047e-13,1.3322676295501878e-15,6.9520470543183575e-15
15,75.0,24.0,1,TSDT,1.0,3,8.314641621152843,8.70068208899766e-14,1.3322676295501878e-15,6.9520470543183575e-15
15,75.0,24.0,1,TSDT,1.0,4,11.321288179871415,1.5365998023118267e-13,1.3322676295501878e-15,6.9520470543183575e-15
15,75.0,24.0,1,TSDT,1.0,5,16.474502238837506,1.1248079056901317e-13,1.3322676295501878e-15,6.9520470543183575e-15
15,75.0,24.0,1,TSDT,1.0,6,17.00628968808472,1.5322974864225075e-13,1.3322676295501878e-15,6.9520470543183575e-15
15,75.0,24.0,1,TSDT,1.0,7,17.16311163096055,1.3605051840097924e-13,1.3322676295501878e-15,6.9520470543183575e-15
15,75.0,24.0,1,TSDT,1.0,8,20.642969805344777,1.2773957549321932e-13,1.3322676295501878e-15,6.9520470543183575e-15
15,75.0,24.0,2,TSDT,0.0,1,0.7951552695720469,6.585971591587344e-13,5.10702591327572e-15,6.260243830400622e-15
15,75.0,24.0,2,TSDT,0.0,2,6.047348940239635,1.068143326334812e-13,5.10702591327572e-15,6.260243830400622e-15
15,75.0,24.0,2,TSDT,0.0,3,8.466689176669316,6.505649302193361e-14,5.10702591327572e-15,6.260243830400622e-15
15,75.0,24.0,2,TSDT,0.0,4,11.76704305726723,1.2467148859420042e-13,5.10702591327572e-15,6.260243830400622e-15
15,75.0,24.0,2,TSDT,0.0,5,15.977095022702592,1.3325867316197615e-13,5.10702591327572e-15,6.260243830400622e-15
15,75.0,24.0,2,TSDT,0.0,6,16.450387225813923,2.3017458595171584e-13,5.10702591327572e-15,6.260243830400622e-15
15,75.0,24.0,2,TSDT,0.0,7,17.68240774611205,1.750083024884549e-13,5.10702591327572e-15,6.260243830400622e-15
15,75.0,24.0,2,TSDT,0.0,8,21.200628919845027,1.5646553570806215e-13,5.10702591327572e-15,6.260243830400622e-15
15,75.0,24.0,2,TSDT,1.0,1,0.7982738601300366,6.446903896266347e-13,2.9976021664879227e-15,5.573440752288735e-15
15,75.0,24.0,2,TSDT,1.0,2,6.081625611886852,9.953962415869804e-14,2.9976021664879227e-15,5.573440752288735e-15
15,75.0,24.0,2,TSDT,1.0,3,8.51787402889527,7.13562207908454e-14,2.9976021664879227e-15,5.573440752288735e-15
15,75.0,24.0,2,TSDT,1.0,4,11.854083647274377,1.2979766729344357e-13,2.9976021664879227e-15,5.573440752288735e-15
15,75.0,24.0,2,TSDT,1.0,5,16.125108584478056,1.3437344133262045e-13,2.9976021664879227e-15,5.573440752288735e-15
15,75.0,24.0,2,TSDT,1.0,6,16.59457112417662,2.3939165815760067e-13,2.9976021664879227e-15,5.573440752288735e-15
15,75.0,24.0,2,TSDT,1.0,7,17.84680377300461,1.5864955049303135e-13,2.9976021664879227e-15,5.573440752288735e-15
15,75.0,24.0,2,TSDT,1.0,8,21.423284718596538,2.5119834282283043e-13,2.9976021664879227e-15,5.573440752288735e-15
15,75.0,24.0,3,TSDT,0.0,1,1.7454422818867816,3.048923307389302e-13,3.774758283725532e-15,6.0045218586196146e-15
15,75.0,24.0,3,TSDT,0.0,2,4.479771052901888,1.3584104721936381e-13,3.774758283725532e-15,6.0045218586196146e-15
15,75.0,24.0,3,TSDT,0.0,3,8.67878894898084,6.62407295595163e-14,3.774758283725532e-15,6.0045218586196146e-15
15,75.0,24.0,3,TSDT,0.0,4,12.110520834538136,1.1923995283738763e-13,3.774758283725532e-15,6.0045218586196146e-15
15,75.0,24.0,3,TSDT,0.0,5,15.558923299856971,2.8420859646527146e-13,3.774758283725532e-15,6.0045218586196146e-15
15,75.0,24.0,3,TSDT,0.0,6,16.062081119039238,2.0181653720411e-13,3.774758283725532e-15,6.0045218586196146e-15
15,75.0,24.0,3,TSDT,0.0,7,18.655140161279853,1.4645234650014868e-13,3.774758283725532e-15,6.0045218586196146e-15
15,75.0,24.0,3,TSDT,0.0,8,21.949529771237128,1.0954680899648245e-13,3.774758283725532e-15,6.0045218586196146e-15
15,75.0,24.0,3,TSDT,1.0,1,1.7529759131827267,3.0348155350495355e-13,3.1086244689504383e-15,6.8871064018753826e-15
15,75.0,24.0,3,TSDT,1.0,2,4.503208018540456,1.395219987810797e-13,3.1086244689504383e-15,6.8871064018753826e-15
15,75.0,24.0,3,TSDT,1.0,3,8.732119395514484,6.140880122851207e-14,3.1086244689504383e-15,6.8871064018753826e-15
15,75.0,24.0,3,TSDT,1.0,4,12.199579642090063,1.0330090058405768e-13,3.1086244689504383e-15,6.8871064018753826e-15
15,75.0,24.0,3,TSDT,1.0,5,15.704258491036816,1.9384679246165748e-13,3.1086244689504383e-15,6.8871064018753826e-15
15,75.0,24.0,3,TSDT,1.0,6,16.198913993604247,1.744423148749176e-13,3.1086244689504383e-15,6.8871064018753826e-15
15,75.0,24.0,3,TSDT,1.0,7,18.837680792173746,1.0227880906269991e-13,3.1086244689504383e-15,6.8871064018753826e-15
15,75.0,24.0,3,TSDT,1.0,8,22.177413547449472,2.9040550711337143e-13,3.1086244689504383e-15,6.8871064018753826e-15
15,75.0,24.0,4,TSDT,0.0,1,2.9411519118068847,4.042535071904417e-13,3.3306690738754696e-15,5.783280698897203e-15
15,75.0,24.0,4,TSDT,0.0,2,3.0622892845188967,2.3613329142372296e-13,3.3306690738754696e-15,5.783280698897203e-15
15,75.0,24.0,4,TSDT,0.0,3,8.770401874553716,9.482571866055481e-14,3.3306690738754696e-15,5.783280698897203e-15
15,75.0,24.0,4,TSDT,0.0,4,12.230197607556917,2.9094986331675246e-13,3.3306690738754696e-15,5.783280698897203e-15
15,75.0,24.0,4,TSDT,0.0,5,15.391243677143612,3.0066522534436663e-13,3.3306690738754696e-15,5.783280698897203e-15
15,75.0,24.0,4,TSDT,0.0,6,15.903607972259202,1.8193419545095012e-13,3.3306690738754696e-15,5.783280698897203e-15
15,75.0,24.0,4,TSDT,0.0,7,19.15289549816102,1.7480302189666805e-13,3.3306690738754696e-15,5.783280698897203e-15
15,75.0,24.0,4,TSDT,0.0,8,22.325239420747714,1.2101784563854623e-13,3.3306690738754696e-15,5.783280698897203e-15
15,75.0,24.0,4,TSDT,1.0,1,2.957674592072716,4.045132970065994e-13,5.440092820663267e-15,6.082051156541975e-15
15,75.0,24.0,4,TSDT,1.0,2,3.074269777197819,2.235169468745608e-13,5.440092820663267e-15,6.082051156541975e-15
15,75.0,24.0,4,TSDT,1.0,3,8.824673817707218,7.654917496302468e-14,5.440092820663267e-15,6.082051156541975e-15
15,75.0,24.0,4,TSDT,1.0,4,12.319806101204865,3.0909845466256526e-13,5.440092820663267e-15,6.082051156541975e-15
15,75.0,24.0,4,TSDT,1.0,5,15.535581900214916,2.2247612541467145e-13,5.440092820663267e-15,6.082051156541975e-15
15,75.0,24.0,4,TSDT,1.0,6,16.037545856751226,1.9436603090075322e-13,5.440092820663267e-15,6.082051156541975e-15
15,75.0,24.0,4,TSDT,1.0,7,19.34709950014414,1.0888986256056733e-13,5.440092820663267e-15,6.082051156541975e-15
15,75.0,24.0,4,TSDT,1.0,8,22.546052046871274,1.5915115661117381e-13,5.440092820663267e-15,6.082051156541975e-15
15,75.0,24.0,5,TSDT,0.0,1,3.0138600844398993,2.494988910093954e-13,2.6645352591003757e-15,6.680215477541101e-15
15,75.0,24.0,5,TSDT,0.0,2,3.3543413079147393,2.320872721217757e-13,2.6645352591003757e-15,6.680215477541101e-15
15,75.0,24.0,5,TSDT,0.0,3,8.300467642069128,6.448359349204824e-14,2.6645352591003757e-15,6.680215477541101e-15
15,75.0,24.0,5,TSDT,0.0,4,11.74892162747476,1.5066102595827723e-13,2.6645352591003757e-15,6.680215477541101e-15
15,75.0,24.0,5,TSDT,0.0,5,15.78752136672336,1.2302164945730977e-13,2.6645352591003757e-15,6.680215477541101e-15
15,75.0,24.0,5,TSDT,0.0,6,16.31167215825471,2.160448393925799e-13,2.6645352591003757e-15,6.680215477541101e-15
15,75.0,24.0,5,TSDT,0.0,7,19.28739536052108,1.1099498377109284e-13,2.6645352591003757e-15,6.680215477541101e-15
15,75.0,24.0,5,TSDT,0.0,8,22.368970110826794,1.3919526885482931e-13,2.6645352591003757e-15,6.680215477541101e-15
15,75.0,24.0,5,TSDT,1.0,1,3.0305665637840042,2.4717087366888676e-13,5.329070518200751e-15,5.720033407313117e-15
15,75.0,24.0,5,TSDT,1.0,2,3.368148064035434,2.1190430604820801e-13,5.329070518200751e-15,5.720033407313117e-15
15,75.0,24.0,5,TSDT,1.0,3,8.351029356520023,5.988156370703235e-14,5.329070518200751e-15,5.720033407313117e-15
15,75.0,24.0,5,TSDT,1.0,4,11.834230137910446,1.5422376350093777e-13,5.329070518200751e-15,5.720033407313117e-15
15,75.0,24.0,5,TSDT,1.0,5,15.936551175829432,9.926420562884604e-14,5.329070518200751e-15,5.720033407313117e-15
15,75.0,24.0,5,TSDT,1.0,6,16.452403490430935,2.5837652600797336e-13,5.329070518200751e-15,5.720033407313117e-15
15,75.0,24.0,5,TSDT,1.0,7,19.482047988582856,2.420781004090301e-13,5.329070518200751e-15,5.720033407313117e-15
15,75.0,24.0,5,TSDT,1.0,8,22.591561191050708,9.509805896216817e-14,5.329070518200751e-15,5.720033407313117e-15
15,75.0,24.0,6,TSDT,0.0,1,3.2713737598759796,2.80544992533701e-13,4.6629367034256575e-15,6.384453621918369e-15
15,75.0,24.0,6,TSDT,0.0,2,4.061054952704513,1.6456209285302923e-13,4.6629367034256575e-15,6.384453621918369e-15
15,75.0,24.0,6,TSDT,0.0,3,7.213018006032439,1.0273652108568101e-13,4.6629367034256575e-15,6.384453621918369e-15
15,75.0,24.0,6,TSDT,0.0,4,10.758576318719713,2.5769199056076534e-13,4.6629367034256575e-15,6.384453621918369e-15
15,75.0,24.0,6,TSDT,0.0,5,16.6276250107115,1.6865180803954964e-13,4.6629367034256575e-15,6.384453621918369e-15
15,75.0,24.0,6,TSDT,0.0,6,17.028101169394468,2.3560413573441614e-13,4.6629367034256575e-15,6.384453621918369e-15
15,75.0,24.0,6,TSDT,0.0,7,19.748252058515313,3.854888489189417e-13,4.6629367034256575e-15,6.384453621918369e-15
15,75.0,24.0,6,TSDT,0.0,8,22.49388240927317,1.7538877409256073e-13,4.6629367034256575e-15,6.384453621918369e-15
15,75.0,24.0,6,TSDT,1.0,1,3.289020233629899,2.48338015147128e-13,3.885780586188048e-15,6.5241115588385624e-15
15,75.0,24.0,6,TSDT,1.0,2,4.078964946281749,1.662485819175562e-13,3.885780586188048e-15,6.5241115588385624e-15
15,75.0,24.0,6,TSDT,1.0,3,7.25470921879246,8.682729595313413e-14,3.885780586188048e-15,6.5241115588385624e-15
15,75.0,24.0,6,TSDT,1.0,4,10.835653212008573,2.0688047014709982e-13,3.885780586188048e-15,6.5241115588385624e-15
15,75.0,24.0,6,TSDT,1.0,5,16.787470459585997,1.842369823845484e-13,3.885780586188048e-15,6.5241115588385624e-15
15,75.0,24.0,6,TSDT,1.0,6,17.183902843846255,1.3880894659285708e-13,3.885780586188048e-15,6.5241115588385624e-15
15,75.0,24.0,6,TSDT,1.0,7,19.944437705564187,1.948810593428273e-13,3.885780586188048e-15,6.5241115588385624e-15
15,75.0,24.0,6,TSDT,1.0,8,22.721818134761467,1.253456128846697e-13,3.885780586188048e-15,6.5241115588385624e-15
15,75.0,24.0,7,TSDT,0.0,1,3.778311751171373,2.404549478431567e-13,3.3306690738754696e-15,6.285949899906639e-15
15,75.0,24.0,7,TSDT,0.0,2,4.83423344730445,1.4762082748233883e-13,3.3306690738754696e-15,6.285949899906639e-15
15,75.0,24.0,7,TSDT,0.0,3,5.993524070950598,1.1152350453843175e-13,3.3306690738754696e-15,6.285949899906639e-15
15,75.0,24.0,7,TSDT,0.0,4,9.806607058681275,2.1113377838416402e-13,3.3306690738754696e-15,6.285949899906639e-15
15,75.0,24.0,7,TSDT,0.0,5,17.368777636651288,1.4183645622480197e-13,3.3306690738754696e-15,6.285949899906639e-15
15,75.0,24.0,7,TSDT,0.0,6,17.507695473119576,1.8002143932251787e-13,3.3306690738754696e-15,6.285949899906639e-15
15,75.0,24.0,7,TSDT,0.0,7,20.535943831150202,1.5153271963294355e-13,3.3306690738754696e-15,6.285949899906639e-15
15,75.0,24.0,7,TSDT,0.0,8,22.658915953259314,2.1601086878335625e-13,3.3306690738754696e-15,6.285949899906639e-15
15,75.0,24.0,7,TSDT,1.0,1,3.7988423384820975,2.3142153142157395e-13,2.886579864025407e-15,5.900036144091152e-15
15,75.0,24.0,7,TSDT,1.0,2,4.8560339509805415,1.4357422833657452e-13,2.886579864025407e-15,5.900036144091152e-15
15,75.0,24.0,7,TSDT,1.0,3,6.0250131836367,1.1162209018163786e-13,2.886579864025407e-15,5.900036144091152e-15
15,75.0,24.0,7,TSDT,1.0,4,9.87685489174153,3.92881343116308e-13,2.886579864025407e-15,5.900036144091152e-15
15,75.0,24.0,7,TSDT,1.0,5,17.53884883101459,1.1406901696620478e-13,2.886579864025407e-15,5.900036144091152e-15
15,75.0,24.0,7,TSDT,1.0,6,17.67698659980521,1.6015613032787e-13,2.886579864025407e-15,5.900036144091152e-15
15,75.0,24.0,7,TSDT,1.0,7,20.736997975209224,1.8988888783191324e-13,2.886579864025407e-15,5.900036144091152e-15
15,75.0,24.0,7,TSDT,1.0,8,22.89451591541663,1.0751069031495509e-13,2.886579864025407e-15,5.900036144091152e-15
15,75.0,24.0,8,TSDT,0.0,1,4.2951015012328115,1.288920782986362e-13,2.886579864025407e-15,6.8594837621300776e-15
15,75.0,24.0,8,TSDT,0.0,2,5.205811131243044,7.970833402069831e-13,2.886579864025407e-15,6.8594837621300776e-15
15,75.0,24.0,8,TSDT,0.0,3,5.205811672450969,1.6416820387288812e-13,2.886579864025407e-15,6.8594837621300776e-15
15,75.0,24.0,8,TSDT,0.0,4,9.376709449393111,3.5700460837250135e-13,2.886579864025407e-15,6.8594837621300776e-15
15,75.0,24.0,8,TSDT,0.0,5,17.656612997934268,1.7234659848944958e-13,2.886579864025407e-15,6.8594837621300776e-15
15,75.0,24.0,8,TSDT,0.0,6,17.656762579320084,1.6837194040000438e-13,2.886579864025407e-15,6.8594837621300776e-15
15,75.0,24.0,8,TSDT,0.0,7,21.07637575149806,3.2456279770947285e-13,2.886579864025407e-15,6.8594837621300776e-15
15,75.0,24.0,8,TSDT,0.0,8,22.744714847339477,3.035843049056523e-13,2.886579864025407e-15,6.8594837621300776e-15
15,75.0,24.0,8,TSDT,1.0,1,4.320908024511225,1.1986434647798207e-13,4.440892098500626e-15,6.682801101076235e-15
15,75.0,24.0,8,TSDT,1.0,2,5.229123488611952,1.374284043361543e-13,4.440892098500626e-15,6.682801101076235e-15
15,75.0,24.0,8,TSDT,1.0,3,5.229125511119267,7.847951782248262e-13,4.440892098500626e-15,6.682801101076235e-15
15,75.0,24.0,8,TSDT,1.0,4,9.444409343105555,2.287314427695629e-13,4.440892098500626e-15,6.682801101076235e-15
15,75.0,24.0,8,TSDT,1.0,5,17.83071741467881,1.1848744764048076e-13,4.440892098500626e-15,6.682801101076235e-15
15,75.0,24.0,8,TSDT,1.0,6,17.830902703281083,2.3320486155819387e-13,4.440892098500626e-15,6.682801101076235e-15
15,75.0,24.0,8,TSDT,1.0,7,21.28133640254666,1.5735097149332247e-13,4.440892098500626e-15,6.682801101076235e-15
15,75.0,24.0,8,TSDT,1.0,8,22.984606684971823,1.0400937760610934e-13,4.440892098500626e-15,6.682801101076235e-15
15,75.0,24.0,9,TSDT,0.0,1,3.150126608673742,1.5923482899387678e-13,2.6645352591003757e-15,6.926252527338839e-15
15,75.0,24.0,9,TSDT,0.0,2,5.626041973562082,1.3456824477198813e-13,2.6645352591003757e-15,6.926252527338839e-15
15,75.0,24.0,9,TSDT,0.0,3,5.7617368230758705,2.774081953513269e-13,2.6645352591003757e-15,6.926252527338839e-15
15,75.0,24.0,9,TSDT,0.0,4,10.187095507294307,2.6084034534934864e-13,2.6645352591003757e-15,6.926252527338839e-15
15,75.0,24.0,9,TSDT,0.0,5,17.06003357282808,1.3316815253907905e-13,2.6645352591003757e-15,6.926252527338839e-15
15,75.0,24.0,9,TSDT,0.0,6,17.463932225612513,9.876338359966293e-14,2.6645352591003757e-15,6.926252527338839e-15
15,75.0,24.0,9,TSDT,0.0,7,20.12738305648264,1.6051937984116695e-13,2.6645352591003757e-15,6.926252527338839e-15
15,75.0,24.0,9,TSDT,0.0,8,22.11955271197624,1.9867224454124396e-13,2.6645352591003757e-15,6.926252527338839e-15
15,75.0,24.0,9,TSDT,1.0,1,3.1655842705523627,1.6033515103751633e-13,2.886579864025407e-15,5.851119722883254e-15
15,75.0,24.0,9,TSDT,1.0,2,5.652957640305839,1.2091453827828283e-13,2.886579864025407e-15,5.851119722883254e-15
15,75.0,24.0,9,TSDT,1.0,3,5.794375355609295,1.913265040108844e-13,2.886579864025407e-15,5.851119722883254e-15
15,75.0,24.0,9,TSDT,1.0,4,10.259879097276261,2.0559925980631997e-13,2.886579864025407e-15,5.851119722883254e-15
15,75.0,24.0,9,TSDT,1.0,5,17.22288269754234,1.7277310504109614e-13,2.886579864025407e-15,5.851119722883254e-15
15,75.0,24.0,9,TSDT,1.0,6,17.634102247033006,8.847198946279819e-14,2.886579864025407e-15,5.851119722883254e-15
15,75.0,24.0,9,TSDT,1.0,7,20.321999811122154,1.4268182516748817e-13,2.886579864025407e-15,5.851119722883254e-15
15,75.0,24.0,9,TSDT,1.0,8,22.347187659723968,1.6221957367394274e-13,2.886579864025407e-15,5.851119722883254e-15
15,75.0,24.0,10,TSDT,0.0,1,1.5657769023553152,3.2954647716375063e-13,2.4424906541753444e-15,7.215031148891797e-15
15,75.0,24.0,10,TSDT,0.0,2,6.489434043615443,4.370652020117342e-13,2.4424906541753444e-15,7.215031148891797e-15
15,75.0,24.0,10,TSDT,0.0,3,6.636738836675613,1.8380984316368633e-13,2.4424906541753444e-15,7.215031148891797e-15
15,75.0,24.0,10,TSDT,0.0,4,11.51650525551731,1.253294208844624e-13,2.4424906541753444e-15,7.215031148891797e-15
15,75.0,24.0,10,TSDT,0.0,5,16.054576165053643,2.3033764331506956e-13,2.4424906541753444e-15,7.215031148891797e-15
15,75.0,24.0,10,TSDT,0.0,6,17.029347322193214,1.2155641845718328e-13,2.4424906541753444e-15,7.215031148891797e-15
15,75.0,24.0,10,TSDT,0.0,7,18.634867845371232,1.7742922960700806e-13,2.4424906541753444e-15,7.215031148891797e-15
15,75.0,24.0,10,TSDT,0.0,8,21.396867806218587,2.561408571985043e-13,2.4424906541753444e-15,7.215031148891797e-15
15,75.0,24.0,10,TSDT,1.0,1,1.5725983097097158,3.322104410329635e-13,1.1102230246251565e-15,5.706759692244902e-15
15,75.0,24.0,10,TSDT,1.0,2,6.52891199186168,2.112933690063569e-13,1.1102230246251565e-15,5.706759692244902e-15
15,75.0,24.0,10,TSDT,1.0,3,6.672154568452781,1.1736261132497516e-13,1.1102230246251565e-15,5.706759692244902e-15
15,75.0,24.0,10,TSDT,1.0,4,11.599817700554556,1.9427783006299266e-13,1.1102230246251565e-15,5.706759692244902e-15
15,75.0,24.0,10,TSDT,1.0,5,16.200961849617187,1.7630515819201196e-13,1.1102230246251565e-15,5.706759692244902e-15
15,75.0,24.0,10,TSDT,1.0,6,17.191252294568617,8.73960775093958e-14,1.1102230246251565e-15,5.706759692244902e-15
15,75.0,24.0,10,TSDT,1.0,7,18.80798795660679,1.5643382631442564e-13,1.1102230246251565e-15,5.706759692244902e-15
15,75.0,24.0,10,TSDT,1.0,8,21.617907574989104,1.1009106525304172e-13,1.1102230246251565e-15,5.706759692244902e-15
15,75.0,24.0,11,TSDT,0.0,1,0.41230262311560667,1.3135040798048314e-12,3.1086244689504383e-15,8.040599144261068e-15
15,75.0,24.0,11,TSDT,0.0,2,7.476393228021371,1.807091632476425e-13,3.1086244689504383e-15,8.040599144261068e-15
15,75.0,24.0,11,TSDT,0.0,3,7.70277467562326,9.989555788068614e-14,3.1086244689504383e-15,8.040599144261068e-15
15,75.0,24.0,11,TSDT,0.0,4,11.509373048714208,1.5548276846030722e-13,3.1086244689504383e-15,8.040599144261068e-15
15,75.0,24.0,11,TSDT,0.0,5,16.301031240895913,1.7355913106106082e-13,3.1086244689504383e-15,8.040599144261068e-15
15,75.0,24.0,11,TSDT,0.0,6,16.54919985916283,1.0469364649768511e-13,3.1086244689504383e-15,8.040599144261068e-15
15,75.0,24.0,11,TSDT,0.0,7,17.426702456409423,1.6074640821357493e-13,3.1086244689504383e-15,8.040599144261068e-15
15,75.0,24.0,11,TSDT,0.0,8,20.631522811333106,1.1959489619384453e-13,3.1086244689504383e-15,8.040599144261068e-15
15,75.0,24.0,11,TSDT,1.0,1,0.41397402140259987,1.367331776552309e-12,3.774758283725532e-15,6.99721331206911e-15
15,75.0,24.0,11,TSDT,1.0,2,7.5218943744580775,1.8637924272770544e-13,3.774758283725532e-15,6.99721331206911e-15
15,75.0,24.0,11,TSDT,1.0,3,7.747109613495702,9.781383983366512e-14,3.774758283725532e-15,6.99721331206911e-15
15,75.0,24.0,11,TSDT,1.0,4,11.594428497901642,1.1814341384646618e-13,3.774758283725532e-15,6.99721331206911e-15
15,75.0,24.0,11,TSDT,1.0,5,16.4485974334028,2.953896043895249e-13,3.774758283725532e-15,6.99721331206911e-15
15,75.0,24.0,11,TSDT,1.0,6,16.70084357620323,1.1251555338025416e-13,3.774758283725532e-15,6.99721331206911e-15
15,75.0,24.0,11,TSDT,1.0,7,17.585010124825786,1.364053507079225e-13,3.774758283725532e-15,6.99721331206911e-15
15,75.0,24.0,11,TSDT,1.0,8,20.846114965230385,2.8132075010598957e-13,3.774758283725532e-15,6.99721331206911e-15
